Seller_Id,Seller_State,Top_Category,Sla_Eligible,Late,Late_Pct,Avg_Delivery_Hours,Avg_Delay_Late_Hours,Avg_Handoff_Hours,Reviewed_Orders,Low_Reviews,Low_Review_Rate_Pct,Late_Share_Pct,Late_Rank
ad781527c93d00d89a11eecd9dcad7c1,SP,baby,36,12,33.3300,640.5500,319.4600,292.6600,36,13,36.1100,0.1800,1
ede0c03645598cdfc63ca8237acbe73d,SP,computers_accessories,43,14,32.5600,446.1500,263.9700,89.2600,42,12,28.5700,0.2100,2
54965bbe3e4f07ae045b90b0b8541f52,PR,bed_bath_table,73,22,30.1400,627.9700,686.4200,367.3400,69,28,40.5800,0.3400,3
2a1348e9addc1af5aaa619b1a3679d6b,MG,furniture_decor,45,13,28.8900,689.6100,1091.7800,127.7400,44,15,34.0900,0.2000,4
835f0f7810c76831d6c7d24c7a646d4d,SP,housewares,41,11,26.8300,433.2200,130.1300,235.0800,41,12,29.2700,0.1700,5
beadbee30901a7f61d031b6b686095ad,SP,health_beauty,63,15,23.8100,339.1000,188.6800,182.0700,63,11,17.4600,0.2300,6
ef990a83bbea832f36ebe81376335aa8,SC,sports_leisure,40,9,22.5000,419.2600,207.5900,54.1800,40,9,22.5000,0.1400,7
a49928bcdf77c55c6d6e05e09a9b4ca5,SP,toys,96,21,21.8800,406.4100,239.6400,173.5800,96,39,40.6300,0.3200,8
712e6ed8aa4aa1fa65dab41fed5737e4,SC,auto,77,16,20.7800,592.6000,514.1300,193.1400,76,27,35.5300,0.2400,9
3fd1e727ba94cfe122d165e176ce7967,SP,sports_leisure,34,7,20.5900,376.6100,223.1800,57.0800,34,5,14.7100,0.1100,10
71039d19d4303bf9054d69e9a9236699,SP,toys,34,7,20.5900,338.1500,135.5900,56.5400,34,6,17.6500,0.1100,10
66e0557ecc2b4dbea057e93f215f68d8,SP,consoles_games,30,6,20.0000,761.4200,233.8700,434.8800,30,4,13.3300,0.0900,12
6ec1a01e866584bb679eb9b098345919,SP,health_beauty,30,6,20.0000,330.4900,213.7700,64.1800,29,4,13.7900,0.0900,12
06a2c3af7b3aee5d69171b0e14f0ee87,MA,health_beauty,388,74,19.0700,426.4600,208.8600,117.4900,384,61,15.8900,1.1300,14
d20b021d3efdf267a402c402a48ea64b,SP,furniture_decor,74,14,18.9200,430.8400,421.0500,97.1900,73,13,17.8100,0.2100,15
002100f778ceb8431b7a1020ff7ab48f,SP,furniture_decor,48,9,18.7500,395.5000,198.0800,109.0300,48,6,12.5000,0.1400,16
cac4c8e7b1ca6252d8f20b2fc1a2e4af,SP,furniture_decor,71,13,18.3100,448.1700,579.2600,149.9600,70,19,27.1400,0.2000,17
88460e8ebdecbfecb5f9601833981930,PR,computers_accessories,232,42,18.1000,433.8900,246.2200,196.3900,231,67,29.0000,0.6400,18
ea566164622c6b439516ab18062c42cd,SP,computers_accessories,50,9,18.0000,336.6600,200.4300,94.1300,50,12,24.0000,0.1400,19
6039e27294dc75811c0d8a39069f52c0,SP,electronics,63,11,17.4600,431.8500,263.9600,156.1400,63,12,19.0500,0.1700,20
0b35c634521043bf4b47e21547b99ab5,PR,construction_tools_construction,46,8,17.3900,478.9000,588.0100,92.0900,45,15,33.3300,0.1200,21
dd55f1bb788714a40e7954c3be6df745,SP,cool_stuff,35,6,17.1400,439.0800,334.3200,93.7000,35,7,20.0000,0.0900,22
ec8879960bd2221d5c32f8e12f7da711,SP,computers_accessories,35,6,17.1400,395.8800,209.1600,57.9300,34,4,11.7600,0.0900,22
602044f2c16190c2c6e45eb35c2e21cb,SP,bed_bath_table,47,8,17.0200,356.3700,223.7400,46.3800,46,17,36.9600,0.1200,24
1ca7077d890b907f89be8c954a02686a,SP,telephony,108,18,16.6700,372.8700,155.4200,135.0200,107,64,59.8100,0.2800,25
bbad7e518d7af88a0897397ffdca1979,SP,baby,66,11,16.6700,325.7800,189.3700,119.4200,65,25,38.4600,0.1700,25
2a261b5b644fa05f4f2700eb93544f2c,SP,furniture_decor,49,8,16.3300,344.3100,198.5100,53.0500,49,10,20.4100,0.1200,27
abe42c5d03695b4257b5c6cbf4e6784e,RJ,health_beauty,49,8,16.3300,344.5800,327.6700,46.5800,48,8,16.6700,0.1200,27
3c03b12bab54d8b37d79d914bfdb1aa0,RJ,sports_leisure,37,6,16.2200,326.9500,241.6500,41.3300,36,7,19.4400,0.0900,29
b17b679f4f5ce2e03ce6968c62648246,SP,health_beauty,50,8,16.0000,461.4100,233.8400,110.4200,50,8,16.0000,0.1200,30
e5a3438891c0bfdb9394643f95273d8e,SP,fashion_bags_accessories,213,34,15.9600,378.7600,310.4500,94.5600,212,36,16.9800,0.5200,31
05f51e13da97139648b8125c31e5f51b,MG,baby,57,9,15.7900,300.1700,225.4200,124.0300,57,8,14.0400,0.1400,32
c60b801f2d52c7f7f91de00870882a75,SP,watches_gifts,38,6,15.7900,393.4500,204.3700,179.3400,38,11,28.9500,0.0900,32
6973a06f484aacf400ece213dbf3d946,SP,computers_accessories,83,13,15.6600,365.1200,160.7200,152.5500,82,17,20.7300,0.2000,34
cd68562d3f44870c08922d380acae552,SP,sports_leisure,122,19,15.5700,390.2700,244.0700,88.3400,121,20,16.5300,0.2900,35
0bf0150d5b9d60d9cd2906003332f085,SP,furniture_decor,39,6,15.3800,339.6500,357.7500,133.5600,38,8,21.0500,0.0900,36
2c9e548be18521d1c43cde1c582c6de8,SP,stationery,124,19,15.3200,328.2900,407.9400,48.5000,122,16,13.1100,0.2900,37
d93919c944be9cff128f6c9cb899eacb,SP,christmas_supplies,33,5,15.1500,550.1100,574.8400,134.2200,33,6,18.1800,0.0800,38
834f8533b2ecb6598dd004ff3de7203a,SP,pet_shop,40,6,15.0000,354.2100,276.6900,179.7400,40,7,17.5000,0.0900,39
8b9d6eec4a7eb7d0f9d579ce0b38324d,RJ,furniture_living_room,47,7,14.8900,251.8700,162.9200,55.8000,47,7,14.8900,0.1100,40
e96498ed8daaa3e9c23f7a62da76591c,SP,auto,34,5,14.7100,364.7600,242.0600,56.6000,34,7,20.5900,0.0800,41
11bfa66332777660bd0640ee84d47006,SP,health_beauty,76,11,14.4700,396.6600,286.6300,62.7800,76,17,22.3700,0.1700,42
b561927807645834b59ef0d16ba55a24,SP,stationery,83,12,14.4600,300.3100,340.2800,92.4500,83,8,9.6400,0.1800,43
0ed6ce5d87fd9c69eaacaeb778d67235,SP,electronics,42,6,14.2900,383.9000,241.3900,120.3300,41,2,4.8800,0.0900,44
891071be6ba827b591264c90c2ae8a63,SP,fashion_bags_accessories,84,12,14.2900,331.3800,251.9800,94.6800,84,16,19.0500,0.1800,44
50c9975695009e5e6473912e83a6d1da,MG,sports_leisure,50,7,14.0000,395.4400,197.3500,87.5000,49,9,18.3700,0.1100,46
900ba814c251a692506d7834c1218441,SP,health_beauty,86,12,13.9500,299.6000,159.9200,96.9500,84,7,8.3300,0.1800,47
431af27f296bc6519d890aa5a05fdb11,SP,health_beauty,115,16,13.9100,416.2700,260.5300,115.9500,114,26,22.8100,0.2400,48
e2aee0892199b1d92530e371abd825bf,PR,sports_leisure,36,5,13.8900,372.1700,172.0400,81.3000,36,8,22.2200,0.0800,49
f7ba60f8c3f99e7ee4042fdef03b70c4,SP,health_beauty,216,30,13.8900,322.7100,256.8500,63.2300,216,21,9.7200,0.4600,49
8160255418d5aaa7dbdc9f4c64ebda44,SP,bed_bath_table,373,51,13.6700,390.8000,322.6300,96.0100,369,59,15.9900,0.7800,51
adbc26658d6c7b4b6219f9d934598091,PR,baby,88,12,13.6400,414.2000,345.9000,84.9100,88,14,15.9100,0.1800,52
6fd52c528dcb38be2eea044946b811f8,SP,bed_bath_table,67,9,13.4300,517.4600,142.4100,340.0800,66,24,36.3600,0.1400,53
8e6d7754bc7e0f22c96d255ebda59eba,SP,computers_accessories,82,11,13.4100,372.1200,323.5000,129.4500,82,21,25.6100,0.1700,54
070d165398b553f3b4b851c216b8a358,SP,pet_shop,30,4,13.3300,290.3100,269.8900,98.6300,30,10,33.3300,0.0600,55
c8467937e403e76a8ee9f0ab13f6f5ef,MG,costruction_tools_tools,30,4,13.3300,406.6800,170.1200,103.1400,28,4,14.2900,0.0600,55
ff1fb4c404b2efe68b03350a8dc24122,SP,toys,45,6,13.3300,249.8100,92.2900,72.8800,45,7,15.5600,0.0900,55
7ad32824caee82087b3e2e5f33b1bf32,SP,bed_bath_table,144,19,13.1900,294.0900,202.3400,44.6700,141,26,18.4400,0.2900,58
b499c00f28f4b7069ff6550af8c1348a,SP,furniture_decor,144,19,13.1900,274.4700,233.9800,82.5600,144,13,9.0300,0.2900,58
440dd6ab244315c632130ecfb63827b1,SP,sports_leisure,91,12,13.1900,398.7900,297.5100,72.1800,91,14,15.3800,0.1800,60
cee48807215b30a12ca2ca10ffb5f250,SP,auto,38,5,13.1600,578.1200,208.1100,292.8500,38,8,21.0500,0.0800,61
d3f39f05462b79a4562d35893a28f159,SP,health_beauty,31,4,12.9000,299.4500,351.4400,39.3900,31,9,29.0300,0.0600,62
dd7ddc04e1b6c2c614352b383efe2d36,SP,pet_shop,117,15,12.8200,368.5000,203.5200,170.9100,116,20,17.2400,0.2300,63
855668e0971d4dfd7bef1b6a4133b41b,SP,baby,297,38,12.7900,391.1600,275.5100,151.2700,293,59,20.1400,0.5800,64
2e90cb1677d35cfe24eef47d441b7c87,SP,electronics,126,16,12.7000,299.9800,135.3700,54.6500,126,18,14.2900,0.2400,65
8f2ce03f928b567e3d56181ae20ae952,SP,sports_leisure,151,19,12.5800,345.1400,252.4500,86.0900,150,18,12.0000,0.2900,66
fffd5413c0700ac820c7069d66d98c89,SP,housewares,56,7,12.5000,332.6600,143.2300,56.8700,55,12,21.8200,0.1100,67
75d34ebb1bd0bd7dde40dd507b8169c3,BA,telephony,57,7,12.2800,385.1500,250.2800,116.6500,57,11,19.3000,0.1100,68
b1fc4f64df5a0e8b6913ab38803c57a9,RJ,watches_gifts,106,13,12.2600,383.5100,123.8000,119.2600,104,22,21.1500,0.2000,69
2089a6d640999f9b9141ac719b2af596,SP,sports_leisure,41,5,12.2000,468.6600,310.2300,223.7600,41,10,24.3900,0.0800,70
23c38debaffe4a25a30fdbd9b586a13f,SP,garden_tools,41,5,12.2000,275.5700,129.8500,70.8300,41,1,2.4400,0.0800,70
0ffa40d54288e4f3499b8780dd0f144f,SP,books_technical,33,4,12.1200,324.9200,193.5400,52.9700,33,3,9.0900,0.0600,72
b2479f944e1b90cf8a5de1bbfde284d6,SP,bed_bath_table,99,12,12.1200,373.2200,274.5300,69.1100,98,30,30.6100,0.1800,72
1eade46fba20122dc4aefb379f8c636b,SP,health_beauty,58,7,12.0700,296.9700,313.9300,49.0800,58,5,8.6200,0.1100,74
ba143b05f0110f0dc71ad71b4466ce92,SP,books_technical,83,10,12.0500,245.8000,197.2000,73.4700,83,7,8.4300,0.1500,75
048c2757535328e0d7dac690ad3c0aae,SP,fashion_shoes,50,6,12.0000,444.3500,299.8800,69.2800,49,7,14.2900,0.0900,76
a6fe7de3d16f6149ffe280349a8535a0,SP,fashion_underwear_beach,50,6,12.0000,359.4100,201.1500,101.0600,49,8,16.3300,0.0900,76
f3da5b2ff499efb8d4a6d371d175d7dd,SP,housewares,75,9,12.0000,274.0100,370.9000,58.7600,74,14,18.9200,0.1400,76
903037660cf848a717166eb7a06d616e,SP,garden_tools,42,5,11.9000,291.6900,421.7700,77.5100,42,8,19.0500,0.0800,79
99a54764c341d5dc80b4a8fac4eba3fb,SP,housewares,42,5,11.9000,191.1700,106.8500,53.1800,41,9,21.9500,0.0800,79
5058e8c1e82653974541e83690655b4a,SP,office_furniture,59,7,11.8600,652.8800,367.6700,387.0800,58,16,27.5900,0.1100,81
c31eff8334d6b3047ed34bebd4d62c36,SP,art,118,14,11.8600,306.7800,84.7900,134.2800,117,21,17.9500,0.2100,81
0d85bbda9889ce1f7e63778d24f346eb,MG,stationery,51,6,11.7600,379.8800,197.9700,78.3100,50,6,12.0000,0.0900,83
11305281b50fff20ae8bb473f8e11876,MG,home_confort,34,4,11.7600,329.8800,114.4500,55.6600,34,3,8.8200,0.0600,83
34056b8b55c1775a22af2331670a799c,SP,auto,77,9,11.6900,310.2600,144.1200,46.4900,77,11,14.2900,0.1400,85
7aa4334be125fcdd2ba64b3180029f14,SP,toys,214,25,11.6800,383.9300,249.2400,129.9200,213,30,14.0800,0.3800,86
b18dc380845b24038cfc48006478f099,SP,health_beauty,43,5,11.6300,307.8000,203.3700,72.1500,42,4,9.5200,0.0800,87
7e1fb0a3ebfb01ffb3a7dae98bf3238d,SP,health_beauty,155,18,11.6100,373.4100,213.4600,38.7700,153,16,10.4600,0.2800,88
b33e7c55446eabf8fe1a42d037ac7d6d,SP,watches_gifts,147,17,11.5600,392.8900,248.2200,60.2500,147,18,12.2400,0.2600,89
7d13fca15225358621be4086e1eb0964,SP,watches_gifts,556,64,11.5100,377.6300,291.1500,91.4100,553,94,17.0000,0.9800,90
e62b2d6ac10570a035a30bafcf01d263,SP,tablets_printing_image,61,7,11.4800,340.8700,273.2100,128.2200,58,9,15.5200,0.1100,91
6fc26fe110feebd80a433e1f012a84f9,SP,furniture_decor,35,4,11.4300,309.0700,186.5900,70.9100,34,5,14.7100,0.0600,92
59b22a78efb79a4797979612b885db36,MG,housewares,123,14,11.3800,306.6600,226.6000,52.9600,122,24,19.6700,0.2100,93
406822777a0b9eb5c50e442dd4cd3ec5,SP,toys,44,5,11.3600,321.2200,214.9200,53.5700,43,4,9.3000,0.0800,94
c3867b4666c7d76867627c2f7fb22e21,SP,sports_leisure,221,25,11.3100,376.4600,324.3100,70.1500,220,34,15.4500,0.3800,95
2eb70248d66e0e3ef83659f71b244378,SP,watches_gifts,186,21,11.2900,434.0000,214.1400,268.8700,183,87,47.5400,0.3200,96
972d0f9cf61b499a4812cf0bfa3ad3c4,SC,bed_bath_table,80,9,11.2500,433.3500,229.6000,119.6700,78,33,42.3100,0.1400,97
f46490624488d3ff7ce78613913a7711,SP,health_beauty,80,9,11.2500,246.0600,174.1200,85.7200,80,19,23.7500,0.1400,97
0176f73cc1195f367f7b32db1e5b3aa8,SP,bed_bath_table,36,4,11.1100,321.3600,398.2200,51.5800,36,5,13.8900,0.0600,99
4c498c7345e89aebad651544829beca0,SP,health_beauty,45,5,11.1100,261.6900,150.9100,71.3000,45,3,6.6700,0.0800,99
99eaacc9e6046db1c82b163c5f84869f,SP,telephony,63,7,11.1100,359.5300,203.9200,93.2800,63,11,17.4600,0.1100,99
8b28d096634035667e8263d57ba3368c,SP,health_beauty,137,15,10.9500,337.9000,512.4000,70.6400,135,18,13.3300,0.2300,102
056b4ada5bbc2c50cc7842547dda6b51,RJ,watches_gifts,64,7,10.9400,306.7000,548.9800,50.0900,63,8,12.7000,0.1100,103
a416b6a846a11724393025641d4edd5e,SP,health_beauty,157,17,10.8300,299.8200,162.7200,78.5300,157,22,14.0100,0.2600,104
0cbcee27c791afa0cdcb08587a2013a8,MG,fashion_bags_accessories,37,4,10.8100,306.9900,162.3100,53.7700,37,5,13.5100,0.0600,105
14d7985702e72162bbf13b6beb74ab2b,SP,sports_leisure,37,4,10.8100,265.3900,461.8800,58.5700,37,3,8.1100,0.0600,105
5b8154610ebb21fb90eb587365e673df,SP,computers_accessories,37,4,10.8100,313.2400,284.4600,48.1100,37,5,13.5100,0.0600,105
dd533b429f380718b70ad9922c294bae,SP,toys,37,4,10.8100,413.4200,375.8300,114.5400,37,5,13.5100,0.0600,105
643214e62b870443ccbe55ab29a4dccf,SP,fashion_bags_accessories,65,7,10.7700,230.1800,84.9000,54.5200,65,3,4.6200,0.1100,109
1835b56ce799e6a4dc4eddc053f04066,SP,bed_bath_table,400,43,10.7500,320.3200,245.4900,48.7500,397,90,22.6700,0.6600,110
897060da8b9a21f655304d50fd935913,SP,computers_accessories,300,32,10.6700,361.1300,272.1900,78.1700,297,68,22.9000,0.4900,111
a673821011d0cec28146ea42f5ab767f,SP,bed_bath_table,122,13,10.6600,316.1400,330.9700,102.3500,118,19,16.1000,0.2000,112
3db66a856d18a9cba7c9241fc5221c50,MG,sports_leisure,94,10,10.6400,384.1200,140.6500,137.8200,94,10,10.6400,0.1500,113
0dd184061fb0eaa7ca37932c68ab91c5,SP,industry_commerce_and_business,160,17,10.6300,284.0600,332.6300,70.5900,159,21,13.2100,0.2600,114
5343d0649eca2a983820bfe93fc4d17e,SP,furniture_decor,66,7,10.6100,276.6300,177.4800,38.0600,65,13,20.0000,0.1100,115
f0b47fbbc6dee9aafe415a6e33051b3f,SP,books_general_interest,66,7,10.6100,243.2700,87.5700,77.3900,66,7,10.6100,0.1100,115
4869f7a5dfa277a7dca6462dcf3b52b2,SP,watches_gifts,1114,118,10.5900,362.6000,238.0200,66.3200,1106,138,12.4800,1.8100,117
cfb1a033743668a192316f3c6d1d2671,SP,bed_bath_table,133,14,10.5300,300.3700,157.4000,96.0900,132,17,12.8800,0.2100,118
fd386aa7bed2af3c7035c65506c9b4a3,SP,stationery,67,7,10.4500,203.3600,221.3500,33.2400,67,9,13.4300,0.1100,119
f84a00e60c73a49e7e851c9bdca3a5bb,RJ,health_beauty,87,9,10.3400,284.4200,342.7200,56.4300,87,17,19.5400,0.1400,120
3f3486b61f45078d4f31ee5e43d8c5bb,SP,luggage_accessories,39,4,10.2600,333.1200,159.0200,45.3100,39,3,7.6900,0.0600,121
b14db04aa7881970e83ffa9426897925,SP,furniture_decor,78,8,10.2600,384.5200,247.2700,123.8000,75,13,17.3300,0.1200,121
f84fa566034f5e8e880a07ec624c56af,SP,health_beauty,89,9,10.1100,287.1300,193.0100,93.0300,89,10,11.2400,0.1400,123
e9d99831abad74458942f21e16f33f92,SP,computers_accessories,129,13,10.0800,310.2600,289.9600,94.4500,128,20,15.6300,0.2000,124
23d7c96d4a1160db1c726b248601b25a,SP,cool_stuff,50,5,10.0000,315.1400,114.9600,86.3200,48,8,16.6700,0.0800,125
2d50d6282f8aa2257819a77bfaa0efe0,SP,bed_bath_table,40,4,10.0000,331.0200,238.6700,75.0400,40,6,15.0000,0.0600,125
527801b552d0077ffd170872eb49683b,SP,books_general_interest,90,9,10.0000,314.9900,182.9600,56.3100,89,7,7.8700,0.1400,125
5c6d4016c2a288f074fa0848a2b653d2,SP,computers_accessories,30,3,10.0000,259.4500,109.5800,61.7100,30,4,13.3300,0.0500,125
e38db885400cd35c71dfd162f2c1dbcf,DF,bed_bath_table,30,3,10.0000,308.6000,60.2100,70.9700,30,2,6.6700,0.0500,125
e8b4225284fbb02d16f200513f1f395d,SP,baby,30,3,10.0000,245.3400,148.7200,35.7800,30,1,3.3300,0.0500,125
4a3ca9315b744ce9f8e9374361493884,SP,bed_bath_table,1721,170,9.8800,349.7900,287.8100,66.4400,1703,302,17.7300,2.6000,131
318f287a62ab7ac10b703ac37435a231,SP,sports_leisure,51,5,9.8000,276.4600,127.8700,102.5100,51,10,19.6100,0.0800,132
729f06993dac8e860d4f02d7088ca48a,SP,housewares,92,9,9.7800,284.5300,298.1800,61.2200,91,10,10.9900,0.1400,133
8648b1e89e9b349e32d3741b30ec737e,SP,construction_tools_construction,92,9,9.7800,216.4900,165.0000,33.9000,92,13,14.1300,0.1400,133
6f892e20a171e98efe17fdb971ff319b,SP,telephony,41,4,9.7600,416.5400,247.5600,134.4600,40,4,10.0000,0.0600,135
82e0a475a88cc9595229d8029273f045,SP,furniture_decor,41,4,9.7600,384.0400,762.2700,92.4900,41,11,26.8300,0.0600,135
20cb7c2fde3e5bf10f0bbe7394e1c6a9,PR,furniture_decor,31,3,9.6800,296.7700,123.7300,55.7500,31,4,12.9000,0.0500,137
23613d49c3ac2bd302259e55c06c050c,SP,furniture_decor,62,6,9.6800,351.9100,212.3600,136.2500,61,12,19.6700,0.0900,137
2745f798279e0ed033addcc1474776d7,SP,sports_leisure,31,3,9.6800,326.6800,251.4100,82.6700,30,4,13.3300,0.0500,137
aac29b1b99776be73c3049939652091d,MG,cool_stuff,93,9,9.6800,360.4000,697.1500,74.0200,92,9,9.7800,0.1400,137
634964b17796e64304cadf1ad3050fb7,RJ,watches_gifts,262,25,9.5400,354.0000,282.5700,91.2300,262,38,14.5000,0.3800,141
77530e9772f57a62c906e1c21538ab82,PR,furniture_decor,304,29,9.5400,362.6600,286.1800,58.6200,304,43,14.1400,0.4400,142
76d5af76d0271110f9af36c92573f765,SP,sports_leisure,126,12,9.5200,288.0000,133.1200,78.7900,125,17,13.6000,0.1800,143
7d76b645482be4a332374e8223836592,SP,telephony,169,16,9.4700,327.6300,246.2600,94.4800,167,23,13.7700,0.2400,144
a888faf2d1baececa6baf9c3d603ee1f,PR,perfumery,53,5,9.4300,432.4000,224.1100,164.6700,53,8,15.0900,0.0800,145
4c2b230173bb36f9b240f2b8ac11786e,SP,sports_leisure,255,24,9.4100,308.7300,231.4800,127.4100,251,45,17.9300,0.3700,146
7b0df942f46435babab05d49b744b2c4,SP,musical_instruments,32,3,9.3800,266.0600,98.1500,52.3000,31,2,6.4500,0.0500,147
93dc87703c046b603023e75222018b45,MG,watches_gifts,32,3,9.3800,489.1100,1153.2300,209.7500,30,3,10.0000,0.0500,147
f62d7bb4a613ec758a03342d46b580b2,MG,small_appliances_home_oven_and_coffee,32,3,9.3800,332.9300,147.4700,125.6600,32,2,6.2500,0.0500,147
70a12e78e608ac31179aea7f8422044b,SP,computers_accessories,311,29,9.3200,353.6100,220.8700,95.2100,309,61,19.7400,0.4400,150
ececbfcff9804a2d6b40f589df8eef2b,SP,health_beauty,97,9,9.2800,316.3400,234.3500,42.1000,97,13,13.4000,0.1400,151
3df020b72d3d44b3af9d110fa3940b65,SP,furniture_decor,54,5,9.2600,323.5300,113.6200,48.7800,54,8,14.8100,0.0800,152
fa1c13f2614d7b5c4749cbc52fecda94,SP,watches_gifts,576,53,9.2000,320.2400,275.7500,65.0500,572,55,9.6200,0.8100,153
7c67e1448b00f6e969d365cea6b010ab,SP,office_furniture,972,89,9.1600,536.5100,312.5400,285.6500,966,246,25.4700,1.3600,154
9c0e69c7bf2619675bbadf47b43f655a,SP,computers_accessories,142,13,9.1500,353.9400,600.6600,127.9800,141,13,9.2200,0.2000,155
1caf283236cd69af44cbc09a0a1e7d32,RJ,toys,33,3,9.0900,331.4500,607.6400,58.8100,33,2,6.0600,0.0500,156
432c37c9dfba871172ec162e20118b8c,DF,cool_stuff,44,4,9.0900,350.3700,154.9100,108.0300,44,5,11.3600,0.0600,156
6b3bd31ad8fcda4b2635ec9f3ff2ecdf,RJ,sports_leisure,33,3,9.0900,326.9700,381.6200,91.2400,33,5,15.1500,0.0500,156
d13e50eaa47b4cbe9eb81465865d8cfc,SP,food,66,6,9.0900,120.9400,63.1900,37.0200,66,2,3.0300,0.0900,156
d5ba419e26d246a0719437cf37d9b46d,SP,computers_accessories,33,3,9.0900,234.8000,319.2300,59.0900,32,5,15.6300,0.0500,156
1900267e848ceeba8fa32d80c1a5f5a8,SP,bed_bath_table,365,33,9.0400,325.6500,246.6900,55.8700,360,61,16.9400,0.5100,161
1f50f920176fa81dab994f9023523100,SP,garden_tools,1375,124,9.0200,380.7000,270.4300,95.6100,1370,181,13.2100,1.9000,162
4e922959ae960d389249c378d1c939f5,SP,computers_accessories,412,37,8.9800,348.4800,183.6000,93.0400,408,74,18.1400,0.5700,163
ce7d1888639e6fb06b2749cbfdac1ff7,MG,housewares,78,7,8.9700,349.2200,388.4700,60.5000,78,13,16.6700,0.1100,164
fe2032dab1a61af8794248c8196565c9,SP,perfumery,291,26,8.9300,257.4900,341.0000,45.8900,287,26,9.0600,0.4000,165
17f51e7198701186712e53a39c564617,SP,health_beauty,56,5,8.9300,557.8200,192.3700,294.7900,56,5,8.9300,0.0800,166
7681ef142fd2c19048da7430856b5588,SP,computers,56,5,8.9300,254.3800,359.1500,52.3800,55,6,10.9100,0.0800,166
1d8dbc4f32378d715c717c1c1fc57bae,PR,baby,90,8,8.8900,375.3500,444.8300,100.9900,88,13,14.7700,0.1200,168
db2956745b3a8e9f3785c99f34b5d25e,SP,health_beauty,45,4,8.8900,342.7800,181.0200,175.5700,45,9,20.0000,0.0600,168
26d8a1c7c75d513045798992ead43aa2,PR,perfumery,34,3,8.8200,305.3600,329.9300,75.3600,34,3,8.8200,0.0500,170
6a0cbc8af2e8abd1bdfb777943d174c6,SP,sports_leisure,34,3,8.8200,372.2100,419.4500,79.8700,33,4,12.1200,0.0500,170
e8f6dc8e6a1dcde89d20e3995c8d90b3,SP,furniture_decor,34,3,8.8200,316.1100,198.1100,135.2700,34,5,14.7100,0.0500,170
391fc6631aebcf3004804e51b40bcf1e,SP,furniture_decor,500,44,8.8000,349.7100,245.3000,83.1800,498,70,14.0600,0.6700,173
a3e9a2c700480d9bb01fba070ba80a0e,SP,bed_bath_table,125,11,8.8000,312.7000,189.2700,66.4700,123,19,15.4500,0.1700,173
218d46b86c1881d022bce9c68a7d4b15,SP,sports_leisure,376,33,8.7800,336.2500,321.9600,47.8300,374,44,11.7600,0.5100,175
620c87c171fb2a6dd6e8bb4dec959fc6,RJ,health_beauty,718,63,8.7700,310.2600,273.3700,64.7900,712,79,11.1000,0.9600,176
522620dcb18a6b31cd7bdf73665113a9,PR,consoles_games,172,15,8.7200,369.6000,221.8400,64.4200,169,32,18.9300,0.2300,177
8b321bb669392f5163d04c59e235e066,SP,electronics,918,80,8.7100,304.5800,253.9400,58.3700,914,124,13.5700,1.2200,178
1336efc61c316ddf92c899eb817f7cae,SP,pet_shop,69,6,8.7000,287.4400,212.0000,78.1500,69,7,10.1400,0.0900,179
e59aa562b9f8076dd550fcddf0e73491,PR,agro_industry_and_commerce,69,6,8.7000,336.8000,241.8100,68.1300,69,7,10.1400,0.0900,179
f27e33c6d29b5138fa9967bcd445b6d5,SP,pet_shop,92,8,8.7000,289.8500,192.5500,108.2700,92,15,16.3000,0.1200,179
5d0363b33554b373851fc1622e4d5f3c,SP,auto,93,8,8.6000,299.7300,280.6900,93.5900,93,11,11.8300,0.1200,182
ea8482cd71df3c1969d7b9473ff13abc,SP,telephony,1122,96,8.5600,320.2000,213.1000,81.8000,1116,159,14.2500,1.4700,183
165fc07beebdcb6190fba8a06db2a449,PR,computers_accessories,47,4,8.5100,311.9800,206.1500,82.2000,47,9,19.1500,0.0600,184
d673a59aac7a70d8b01e6902bf090a11,SP,baby,71,6,8.4500,348.3300,331.7000,55.5400,71,6,8.4500,0.0900,185
1ce3ae5a399804d1a87e706f8a813c3e,SC,furniture_decor,36,3,8.3300,366.9000,176.4700,59.5700,36,7,19.4400,0.0500,186
56642bcb79900e777d68e91915cb4267,SP,health_beauty,48,4,8.3300,299.6300,332.4300,68.5400,48,7,14.5800,0.0600,186
7ddcbb64b5bc1ef36ca8c151f6ec77df,SP,cool_stuff,324,27,8.3300,305.6000,307.3000,59.1100,321,48,14.9500,0.4100,186
f181738b150df1f37cb0bd72e705b193,SP,cool_stuff,36,3,8.3300,223.6600,298.1600,38.2400,36,2,5.5600,0.0500,186
8581055ce74af1daba164fdbd55a40de,SP,auto,377,31,8.2200,315.0300,295.0600,74.3200,376,36,9.5700,0.4700,190
715bbd5ba4e6b74cb0d2f29eb45058b0,SP,watches_gifts,61,5,8.2000,288.6900,235.5500,45.8300,61,4,6.5600,0.0800,191
37515688008a7a40ac93e3b2e4ab203f,SP,consoles_games,221,18,8.1400,370.2000,275.6200,124.0700,219,22,10.0500,0.2800,192
cbd996ad3c1b7dc71fd0e5f5df9087e2,SP,food,160,13,8.1300,308.4200,365.2300,48.4300,157,18,11.4600,0.2000,193
6860153b69cc696d5dcfe1cdaaafcf62,SP,construction_tools_construction,74,6,8.1100,245.9900,320.6200,42.7500,73,11,15.0700,0.0900,194
1025f0e2d44d7041d6cf58b6550e0bfa,SP,furniture_decor,893,72,8.0600,299.4100,199.3800,102.8700,885,146,16.5000,1.1000,195
16090f2ca825584b5a147ab24aa30c86,SP,auto,397,32,8.0600,220.6900,253.7500,48.2300,395,52,13.1600,0.4900,196
ef506c96320abeedfb894c34db06f478,SP,telephony,312,25,8.0100,324.6600,306.9100,85.2000,310,49,15.8100,0.3800,197
c9c7905cffc4ef9ff9f113554423e671,SP,telephony,126,10,7.9400,267.9400,266.7100,48.6100,126,14,11.1100,0.1500,198
daeb5653dd96c1b11860f72209795012,MG,toys,38,3,7.8900,279.6000,362.6200,61.1000,38,5,13.1600,0.0500,199
7040e82f899a04d1b434b795a43b4617,SP,audio,203,16,7.8800,252.5400,205.5600,59.8000,201,52,25.8700,0.2400,200
e9bc59e7b60fc3063eb2290deda4cced,PR,computers_accessories,203,16,7.8800,344.5200,214.9600,132.5900,203,28,13.7900,0.2400,200
ef0ace09169ac090589d85746e3e036f,RJ,perfumery,127,10,7.8700,308.9300,378.3900,79.5100,127,9,7.0900,0.1500,202
42b729f859728f5079499127a9c2ef37,SP,health_beauty,102,8,7.8400,189.3400,189.6000,80.3200,101,6,5.9400,0.1200,203
624f4ece8da4aafb77699233d480f8ef,SP,furniture_decor,51,4,7.8400,328.4100,188.3800,96.3200,51,6,11.7600,0.0600,203
e24fc9fcd865784fb25705606fe3dfe7,SP,health_beauty,51,4,7.8400,301.8900,380.0500,47.2400,51,6,11.7600,0.0600,203
f214d28e8d8e3ef068748498ccc2f813,SP,fashion_bags_accessories,51,4,7.8400,253.4500,204.4900,72.7000,50,5,10.0000,0.0600,203
ce248b21cb2adc36282ede306b7660e5,SC,musical_instruments,64,5,7.8100,377.2700,335.0000,56.0900,64,8,12.5000,0.0800,207
17e34d8224d27a541263c4c64b11a56b,SP,perfumery,247,19,7.6900,342.5700,305.7100,71.1000,245,27,11.0200,0.2900,208
4559697a8f7e637227c2eeaed843baff,SP,home_appliances,39,3,7.6900,310.5100,84.1300,59.8700,39,5,12.8200,0.0500,208
c9aafcd0621b2207c10e32c649cada4d,SP,health_beauty,39,3,7.6900,211.2200,60.9700,69.9100,39,3,7.6900,0.0500,208
04308b1ee57b6625f47df1d56f00eedf,SC,health_beauty,92,7,7.6100,453.0200,326.4600,152.1700,92,18,19.5700,0.1100,211
3be634553519fb6536a03e1358e9fdc7,SP,housewares,79,6,7.5900,244.3800,127.4800,63.2500,79,12,15.1900,0.0900,212
54a1852d1b8f10312c55e906355666ee,SP,sports_leisure,198,15,7.5800,275.9100,341.0900,45.0000,197,16,8.1200,0.2300,213
a420f60ff1aa9acc80d0e42959f2b313,SP,baby,66,5,7.5800,278.6700,373.8900,35.5700,64,9,14.0600,0.0800,213
e5a38146df062edaf55c38afa99e42dc,SP,housewares,119,9,7.5600,293.9200,383.4800,70.4400,118,19,16.1000,0.1400,215
48436dade18ac8b2bce089ec2a041202,SP,cool_stuff,133,10,7.5200,346.0900,455.0400,104.7000,133,16,12.0300,0.1500,216
c826c40d7b19f62a09e2d7c5e7295ee2,SP,sports_leisure,346,26,7.5100,319.0900,224.3900,65.3300,345,49,14.2000,0.4000,217
00ee68308b45bc5e2660cd833c3f81cc,SP,bed_bath_table,134,10,7.4600,231.2700,308.4700,46.9800,133,14,10.5300,0.1500,218
f7ccf836d21b2fb1de37564105216cc1,SP,bed_bath_table,67,5,7.4600,271.0400,352.3000,44.5000,65,13,20.0000,0.0800,218
de23c3b98a88888289c6f5cc1209054a,SP,toys,161,12,7.4500,262.8700,225.8000,58.7800,161,17,10.5600,0.1800,220
aba1721a889e04decc910aa13b768ef4,SP,stationery,81,6,7.4100,224.4900,128.6500,42.1300,81,8,9.8800,0.0900,221
e067ad2c1c0b48758eb1b5228bcf7a68,SP,pet_shop,54,4,7.4100,359.6100,242.5700,145.4800,54,6,11.1100,0.0600,221
f262cbc1c910c83959f849465454ddd3,SP,computers_accessories,189,14,7.4100,218.6900,180.9000,40.5600,188,26,13.8300,0.2100,221
66922902710d126a0e7d26b0e3805106,MG,pet_shop,149,11,7.3800,271.9700,158.5300,74.5700,148,7,4.7300,0.1700,224
6a8b085f816a1f75f92dbac6eb545f8f,SP,auto,123,9,7.3200,346.0400,676.4600,55.8700,123,13,10.5700,0.1400,225
c847e075301870dd144a116762eaff9a,MG,cool_stuff,41,3,7.3200,406.3300,1483.5800,44.8500,40,6,15.0000,0.0500,225
7142540dd4c91e2237acb7e911c4eba2,SP,auto,316,23,7.2800,353.7900,269.0500,92.1700,314,44,14.0100,0.3500,227
edb1ef5e36e0c8cd84eb3c9b003e486d,RJ,health_beauty,165,12,7.2700,285.5400,341.9000,40.7500,165,12,7.2700,0.1800,228
f45122a9ab94eb4f3f8953578bc0c560,SP,pet_shop,179,13,7.2600,306.3400,287.6900,39.1900,179,29,16.2000,0.2000,229
c8b0e2b0a7095e5d8219575d5e7e1181,SP,auto,83,6,7.2300,245.9300,156.0000,31.8500,82,12,14.6300,0.0900,230
25c5c91f63607446a97b143d2d535d31,MG,computers_accessories,153,11,7.1900,348.5600,193.8000,121.7300,152,27,17.7600,0.1700,231
1da366cade6d8276e7d8beea7af5d4bf,MG,furniture_decor,42,3,7.1400,419.2600,165.1900,176.2300,41,7,17.0700,0.0500,232
7a241947449cc45dbfda4f9d0798d9d0,MG,air_conditioning,56,4,7.1400,317.2900,142.8500,100.1900,55,6,10.9100,0.0600,232
8a130737016f838139d31878787a39c9,SP,home_construction,56,4,7.1400,244.5500,90.7100,57.3500,56,3,5.3600,0.0600,232
ad420dd0c4f92f8af951ac24b86d0cf5,MG,health_beauty,42,3,7.1400,364.2900,1570.9300,58.0100,40,6,15.0000,0.0500,232
f5a590cf36251cf1162ea35bef76fe84,SP,musical_instruments,113,8,7.0800,281.8800,340.9200,76.0800,113,12,10.6200,0.1200,236
3b15288545f8928d3e65a8f949a28291,SP,bed_bath_table,99,7,7.0700,350.6200,250.0400,78.5300,98,11,11.2200,0.1100,237
4371b634e0efc0e22b09b52907d9d469,SP,sports_leisure,99,7,7.0700,268.9100,187.2800,44.6700,98,6,6.1200,0.1100,237
213b25e6f54661939f11710a6fddb871,SP,home_construction,142,10,7.0400,370.1800,160.3200,199.2600,141,22,15.6000,0.1500,239
bd0389da23d89b726abf911cccc54596,DF,computers_accessories,86,6,6.9800,329.1900,505.5400,41.5600,86,9,10.4700,0.0900,240
6d803cb79cc31c41c4c789a75933b3c7,SP,sports_leisure,58,4,6.9000,319.1200,302.6600,44.7600,58,5,8.6200,0.0600,241
b2ba3715d723d245138f291a6fe42594,SP,stationery,322,22,6.8300,338.9800,245.7100,130.3600,319,37,11.6000,0.3400,242
02f623a8eb246f3c5f7c2f96462654e6,SP,sports_leisure,44,3,6.8200,203.5800,289.4300,28.0100,43,2,4.6500,0.0500,243
382229d1e840115ffe3dbf5ff460e417,RJ,housewares,44,3,6.8200,219.5400,113.8200,39.0500,44,5,11.3600,0.0500,243
d1c281d3ae149232351cd8c8cc885f0d,SP,bed_bath_table,206,14,6.8000,307.2600,220.2300,51.1100,204,42,20.5900,0.2100,245
dc4a0fc896dc34b0d5bfec8438291c80,SP,bed_bath_table,221,15,6.7900,334.1900,270.2100,96.6400,221,44,19.9100,0.2300,246
da8622b14eb17ae2831f4ac5b9dab84a,SP,bed_bath_table,1294,87,6.7200,269.5100,292.8300,65.1000,1288,146,11.3400,1.3300,247
058fd0aa2bfdb2274e05e1ae971dabb6,SP,perfumery,60,4,6.6700,243.4000,309.4200,45.1000,60,6,10.0000,0.0600,248
06579cb253ecd5a3a12a9e6eb6bf8f47,SP,housewares,60,4,6.6700,241.6800,288.4900,53.4300,60,8,13.3300,0.0600,248
2a6fbeaa7ab9e5d59a35841a8da71ce4,SC,small_appliances,30,2,6.6700,348.3000,358.1800,100.2000,29,5,17.2400,0.0300,248
2bf6a2c1e71bbd29a4ad64e6d3c3629f,RJ,watches_gifts,30,2,6.6700,327.6100,281.8500,63.3600,30,4,13.3300,0.0300,248
70eea00b476a314817cefde4aad4f89a,SP,sports_leisure,105,7,6.6700,323.1800,267.2600,59.0400,104,7,6.7300,0.1100,248
78c99c6dff4eeae5be99bf635ed21e3f,SP,sports_leisure,30,2,6.6700,321.6000,558.4900,62.4100,30,2,6.6700,0.0300,248
951e8cef368f09bb3f3d03c00ca4702c,SP,bed_bath_table,60,4,6.6700,223.1900,163.6100,51.3900,58,7,12.0700,0.0600,248
a17f621c590ea0fab3d5d883e1630ec6,SP,sports_leisure,60,4,6.6700,282.8900,170.6300,46.6900,58,8,13.7900,0.0600,248
b6d44737c043328708f6749c2dbe50bd,SP,housewares,60,4,6.6700,199.5900,128.0600,45.4300,60,5,8.3300,0.0600,248
fdb9095204a334cd8872252ffec6f2db,SP,bed_bath_table,45,3,6.6700,210.6800,400.3900,36.0100,45,6,13.3300,0.0500,248
7e3f87d16fb353f408d467e74fbd8014,SP,computers_accessories,91,6,6.5900,301.7400,324.2100,57.2200,91,10,10.9900,0.0900,258
827f8f69dfa529c561901c4f2e0f332f,PR,fashion_shoes,91,6,6.5900,328.4000,247.2500,139.0700,89,10,11.2400,0.0900,258
8444e55c1f13cd5c179851e5ca5ebd00,MG,perfumery,91,6,6.5900,509.9400,197.7000,262.6500,91,29,31.8700,0.0900,258
70c27847eca8195c983ed7e798c56743,RJ,pet_shop,76,5,6.5800,268.7600,197.2100,122.6900,76,14,18.4200,0.0800,261
994f04b3718c2bab35c2adfa8afecd2a,SP,housewares,46,3,6.5200,341.1200,1049.5700,94.4700,46,1,2.1700,0.0500,262
9b00ed88b7fdb95d6ff76e27c1b52d16,SP,sports_leisure,46,3,6.5200,225.6900,149.1600,56.4700,46,3,6.5200,0.0500,262
ccc4bbb5f32a6ab2b7066a4130f114e3,PR,health_beauty,184,12,6.5200,380.8100,436.5400,79.9600,183,20,10.9300,0.1800,262
0be8ff43f22e456b4e0371b2245e4d01,SP,sports_leisure,154,10,6.4900,249.3900,219.4000,60.1300,154,26,16.8800,0.1500,265
d05ae8f7a5bd1d2a690a44cd079e4e27,RJ,sports_leisure,77,5,6.4900,272.0100,323.5700,62.1800,76,16,21.0500,0.0800,265
276677b5d08786d5dce7c2149dcce48b,MG,housewares,31,2,6.4500,289.4500,283.6400,51.1300,31,6,19.3500,0.0300,267
4a3ccda38b2129705f3fb522db62ca31,SP,construction_tools_safety,62,4,6.4500,317.2600,398.4500,84.2600,62,11,17.7400,0.0600,267
4c18691b6037662be2df78a765d98ab5,SP,housewares,62,4,6.4500,220.2000,162.9700,49.2200,62,11,17.7400,0.0600,267
cd6efc47efaabf134f8bdb654e10b4f1,RJ,stationery,31,2,6.4500,206.2100,151.8900,34.1300,31,2,6.4500,0.0300,267
004c9cd9d87a3c30c522c48c4fc07416,SP,bed_bath_table,156,10,6.4100,355.4700,273.9900,42.3800,154,20,12.9900,0.1500,271
5b925e1d006e9476d738aa200751b73b,SP,sports_leisure,63,4,6.3500,261.2400,375.8600,49.8100,63,3,4.7600,0.0600,272
8e8a7ce9f2f970dc00e2acf6f6e199f6,RJ,computers_accessories,63,4,6.3500,293.9100,197.7000,48.8000,63,8,12.7000,0.0600,272
96493fab2fbb13a14d0c0e8772eef5c3,SP,computers_accessories,63,4,6.3500,321.2300,64.7300,112.9700,62,9,14.5200,0.0600,272
1bb2bdb95f4841f1bba2c0d2cd83d3c9,SP,books_general_interest,79,5,6.3300,297.7900,193.0000,131.3400,78,3,3.8500,0.0800,275
7ea5bfa6c340f58f8e71fc1f0412b0d6,MG,baby,95,6,6.3200,315.2200,752.9300,54.4100,94,8,8.5100,0.0900,276
09f952a5f58d2285b0372551ae8f9b01,SP,furniture_decor,48,3,6.2500,324.5000,552.4500,69.5800,48,8,16.6700,0.0500,277
2e1c9f22be269ef4643f826c9e650a52,SP,health_beauty,160,10,6.2500,234.5100,225.6400,51.2800,159,17,10.6900,0.1500,277
8cbac7e12637ed9cffa18c7875207478,SC,cool_stuff,64,4,6.2500,335.6900,176.2500,62.6000,64,5,7.8100,0.0600,277
8d956fec2e4337affcb520f56fd8cbfd,SP,sports_leisure,209,13,6.2200,222.2000,152.3500,42.1900,209,19,9.0900,0.2000,280
001cca7ae9ae17fb1caed9dfb1094831,ES,garden_tools,195,12,6.1500,321.7400,307.3100,62.3500,192,27,14.0600,0.1800,281
1554a68530182680ad5c8b042c3ab563,MG,furniture_decor,244,15,6.1500,341.7200,474.1500,60.0100,242,24,9.9200,0.2300,282
955fee9216a65b617aa5c0531780ce60,SP,furniture_decor,1255,77,6.1400,258.3800,220.7900,53.0700,1247,125,10.0200,1.1800,283
e9779976487b77c6d4ac45f75ec7afe9,SP,sports_leisure,636,39,6.1300,237.1500,310.7500,62.9600,633,65,10.2700,0.6000,284
834f3294fba9f932f56edc879193f925,SP,cool_stuff,66,4,6.0600,343.1200,186.7200,75.5900,66,3,4.5500,0.0600,285
8e6cc767478edae941d9bd9eb778d77a,MG,housewares,99,6,6.0600,400.7700,294.5300,150.2300,97,15,15.4600,0.0900,285
4b9750c8ad28220fe6702d4ecb7c898f,SP,baby,215,13,6.0500,227.4700,368.6800,52.5600,215,15,6.9800,0.2000,287
2a7dc43cecabf23403078e2188437d1d,SP,furniture_decor,50,3,6.0000,312.6300,172.7900,101.9600,50,5,10.0000,0.0500,288
5f2684dab12e59f83bef73ae57724e45,SP,toys,67,4,5.9700,255.5300,369.9100,52.4400,67,16,23.8800,0.0600,289
f457c46070d02cadd8a68551231220dd,PR,computers_accessories,186,11,5.9100,351.8800,271.4900,61.0000,186,35,18.8200,0.1700,290
3c7c4a49ec3c6550809089c6a2ca9370,SP,perfumery,136,8,5.8800,231.7500,375.6600,57.7100,136,37,27.2100,0.1200,291
5b179e9e8cc7ab6fd113a46ca584da81,SP,housewares,34,2,5.8800,312.1300,98.9700,156.9400,33,7,21.2100,0.0300,291
d9a84e1403de8da0c3aa531d6d108ba6,SP,toys,51,3,5.8800,184.3000,266.3900,31.7400,51,1,1.9600,0.0500,291
5656537e588803a555b8eb41f07a944b,DF,electronics,171,10,5.8500,271.0600,244.4800,47.4000,171,32,18.7100,0.1500,294
46dc3b2cc0980fb8ec44634e21d2718e,RJ,toys,502,29,5.7800,286.3700,248.5200,75.1500,496,54,10.8900,0.4400,295
45d33f715e24d15a6ccf5c17b3a23e3c,SP,computers_accessories,52,3,5.7700,280.2400,296.8200,110.1000,52,3,5.7700,0.0500,296
4992e76a42cb3aad7a7047e0d3d7e729,SP,housewares,52,3,5.7700,193.1500,109.5200,37.8400,52,9,17.3100,0.0500,296
0adac9fbd9a2b63cccaac4f8756c1ca8,SP,housewares,105,6,5.7100,315.2700,326.3400,101.5700,105,12,11.4300,0.0900,298
3ab971ce71839580d2ae5b4e40fe8044,SP,housewares,35,2,5.7100,165.1800,79.4700,51.7200,34,7,20.5900,0.0300,298
bf84056e679dbe9c69929847a40e338f,SP,health_beauty,35,2,5.7100,304.2500,630.8100,99.3600,35,6,17.1400,0.0300,298
dc8798cbf453b7e0f98745e396cc5616,SP,fashion_male_clothing,35,2,5.7100,322.9900,206.2900,190.9200,35,11,31.4300,0.0300,298
dd2bdf855a9172734fbc3744021ae9b9,MG,bed_bath_table,105,6,5.7100,368.4100,263.8800,140.7700,101,18,17.8200,0.0900,298
59fb871bf6f4522a87ba567b42dafecf,SP,health_beauty,123,7,5.6900,287.9700,134.0000,66.6600,123,9,7.3200,0.1100,303
17a053fcb14bd219540cbde0df490be0,SP,office_furniture,124,7,5.6500,294.6200,304.2300,91.6000,122,12,9.8400,0.1100,304
5dceca129747e92ff8ef7a997dc4f8ca,SP,luggage_accessories,320,18,5.6300,278.8400,219.0600,60.4100,316,60,18.9900,0.2800,305
d6b1ce66b035a475f00c017792ff9769,SP,construction_tools_lights,89,5,5.6200,246.6600,235.8400,66.9900,88,6,6.8200,0.0800,306
18a349e75d307f4b4cc646a691ed4216,SP,telephony,107,6,5.6100,269.8300,302.1700,91.6300,106,27,25.4700,0.0900,307
f4aba7c0bca51484c30ab7bdc34bcdd1,SP,health_beauty,107,6,5.6100,263.9100,182.2500,106.7800,107,17,15.8900,0.0900,307
63b464dbf392c7b80d12d932fa7cafed,SP,furniture_decor,36,2,5.5600,313.9100,378.6000,135.3300,36,6,16.6700,0.0300,309
99002261c568a84cce14d43fcffb43ea,MT,baby,36,2,5.5600,404.0900,189.4300,150.4900,36,6,16.6700,0.0300,309
d9bd94811c3338dceb4181f3dbc0c73e,SP,baby,54,3,5.5600,192.9900,500.4100,38.9300,54,2,3.7000,0.0500,309
6d66611d7c44cc30ce351abc49a68421,SP,musical_instruments,163,9,5.5200,290.1600,176.3500,92.1900,161,24,14.9100,0.1400,312
3d871de0142ce09b7081e2b9d1733cb1,SP,stationery,1053,58,5.5100,325.8700,259.4500,79.4800,1042,104,9.9800,0.8900,313
08633c14ef2db992c11f840f04fad4cd,SP,sports_leisure,73,4,5.4800,241.3600,206.6500,37.3600,73,5,6.8500,0.0600,314
01fdefa7697d26ad920e9e0346d4bd1b,PR,health_beauty,128,7,5.4700,257.5100,144.4100,43.2500,127,7,5.5100,0.1100,315
dc317f341ab0e22f39acbd9dbf9b4a1f,RS,cool_stuff,55,3,5.4500,297.8200,492.0200,72.5700,55,9,16.3600,0.0500,316
d2374cbcbb3ca4ab1086534108cc3ab7,SP,bed_bath_table,499,27,5.4100,355.3600,184.5700,112.0400,495,92,18.5900,0.4100,317
75fbb52eda0cbc24f479d3b2fbfa8d3e,GO,dvds_blu_ray,37,2,5.4100,331.2700,173.4100,61.2400,37,3,8.1100,0.0300,318
c70c1b0d8ca86052f45a432a38b73958,SP,health_beauty,259,14,5.4100,193.5400,207.0600,79.4900,257,23,8.9500,0.2100,318
d650b663c3b5f6fb392b6326366efa9a,SP,watches_gifts,56,3,5.3600,236.7200,241.3600,42.9200,56,3,5.3600,0.0500,320
f80edd2c5aaa505cc4b0a3b219abf4b8,SP,kitchen_dining_laundry_garden_furniture,113,6,5.3100,293.2000,140.2600,83.1300,112,14,12.5000,0.0900,321
fa40cc5b934574b62717c68f3d678b6d,SP,toys,302,16,5.3000,271.5300,340.7300,69.6500,301,21,6.9800,0.2400,322
7a67c85e85bb2ce8582c35f2203ad736,SP,cool_stuff,1133,60,5.3000,269.9300,320.4700,48.7400,1125,105,9.3300,0.9200,323
cc419e0650a3c5ba77189a1882b7556a,SP,health_beauty,1647,87,5.2800,278.1500,205.2700,68.5200,1643,212,12.9000,1.3300,324
6560211a19b47992c3666cc44a7e94c0,SP,watches_gifts,1801,95,5.2700,231.1600,204.6200,38.6400,1787,280,15.6700,1.4500,325
1f9ab4708f3056ede07124aad39a2554,SP,baby,76,4,5.2600,348.4100,324.1900,75.9600,75,6,8.0000,0.0600,326
ba90964cff9b9e0e6f32b23b82465f7b,SP,small_appliances_home_oven_and_coffee,38,2,5.2600,240.4400,117.9500,29.1300,38,2,5.2600,0.0300,326
bfd27a966d91cfaafdb25d076585f0da,SP,toys,114,6,5.2600,298.0400,193.2200,55.2500,113,12,10.6200,0.0900,326
e63e8bfa530fb16910dd6956e592bb81,SP,housewares,38,2,5.2600,225.1300,138.3800,52.6600,38,4,10.5300,0.0300,326
f7720c4fa8e3aba4546301ab80ea1f1b,PR,furniture_decor,57,3,5.2600,265.0100,399.6600,58.5700,57,4,7.0200,0.0500,326
670c26e0f1bf8d0576271d5cfaec6d2b,PR,sports_leisure,77,4,5.1900,342.7600,810.7200,39.6300,77,6,7.7900,0.0600,331
0c8380b62e38e8a1e6adbeba7eb9688c,MG,bed_bath_table,175,9,5.1400,316.8900,623.9300,76.3300,173,21,12.1400,0.1400,332
113e3a788b935f48aad63e1c41dac1bd,SP,christmas_supplies,39,2,5.1300,316.7500,211.8400,63.5600,38,2,5.2600,0.0300,333
20d83f3ef0e6925fd74bfd59170babf7,SP,fashion_bags_accessories,39,2,5.1300,214.0900,114.3900,44.6100,39,3,7.6900,0.0300,333
b94cc9f10ddc85e4ba73a6f7974e7101,RJ,toys,39,2,5.1300,253.9300,164.7100,56.3500,37,5,13.5100,0.0300,333
c003204e1ab016dfa150abc119207b24,SP,auto,195,10,5.1300,231.0500,305.8500,41.1000,195,9,4.6200,0.1500,333
01cf7e3d21494c41fb86034f2e714fa1,PR,air_conditioning,59,3,5.0800,282.8700,307.7500,65.8300,58,7,12.0700,0.0500,337
ceaec5548eefc6e23e6607c5435102e7,SP,cool_stuff,198,10,5.0500,312.3600,283.8100,76.0800,195,22,11.2800,0.1500,338
0c7533c71df861ec58ad7ff999ed0e8d,SP,perfumery,60,3,5.0000,257.7800,281.1600,70.5900,60,8,13.3300,0.0500,339
4830e40640734fc1c52cd21127c341d4,SP,housewares,200,10,5.0000,240.9600,170.7000,46.3300,200,21,10.5000,0.1500,339
7dc8c42cc750eeafea6c85712ffee9bf,SP,housewares,40,2,5.0000,223.1000,164.3800,85.1100,40,4,10.0000,0.0300,339
83deb69e889cf80f82be1dc6d5f2d486,SC,musical_instruments,40,2,5.0000,382.6900,101.5500,122.7800,40,6,15.0000,0.0300,339
a1043bafd471dff536d0c462352beb48,MG,garden_tools,700,35,5.0000,328.1800,228.9600,47.1800,698,66,9.4600,0.5400,339
a2e874074c877c5a05abae80ad6e488f,SP,housewares,40,2,5.0000,461.7100,184.1300,260.7200,40,3,7.5000,0.0300,339
b56906f7fd1696e043f1bcce164c487b,SP,health_beauty,40,2,5.0000,308.9500,403.7100,85.3100,40,8,20.0000,0.0300,339
41b39e28db005d9731d9d485a83b4c38,SP,bed_bath_table,183,9,4.9200,297.9200,228.8300,106.5100,183,23,12.5700,0.1400,346
4e17c65a516f69d023a2ae78b84f28d6,SP,perfumery,61,3,4.9200,319.9700,278.1300,133.4100,61,11,18.0300,0.0500,346
31344c16881c08a8a72c6d2eb29918c1,MG,furniture_decor,41,2,4.8800,383.7100,546.5700,73.4400,41,3,7.3200,0.0300,348
43f8c9950d11ecd03a0304a49e010da6,SP,consoles_games,41,2,4.8800,275.9400,187.5200,46.8600,41,1,2.4400,0.0300,348
7008613ea464bad5cb9b83456e1e6a8f,SC,sports_leisure,123,6,4.8800,347.4200,207.1200,70.3900,122,9,7.3800,0.0900,348
f789d2c4f2c2eb38fc4373e7a4b35264,MG,pet_shop,41,2,4.8800,270.3800,68.5600,45.8000,41,4,9.7600,0.0300,348
850f4f8af5ea87287ac68de36e29107f,SP,toys,185,9,4.8600,244.0800,190.4000,34.3500,182,16,8.7900,0.1400,352
92eb0f42c21942b6552362b9b114707d,SP,telephony,329,16,4.8600,327.9600,173.6500,134.9600,327,45,13.7600,0.2400,353
05d2173d43ea568aa0540eba70d2ca76,MG,auto,62,3,4.8400,360.5300,586.9900,63.8400,60,7,11.6700,0.0500,354
53e4c6e0f4312d4d2107a8c9cddf45cd,SP,housewares,456,22,4.8200,290.0200,341.7300,96.9100,454,57,12.5600,0.3400,355
0241d4d5d36f10f80c644447315af0bd,PR,furniture_decor,231,11,4.7600,266.2800,228.6900,51.2500,230,20,8.7000,0.1700,356
1c129092bf23f28a5930387c980c0dfc,SP,bed_bath_table,189,9,4.7600,284.2400,167.8700,96.3600,188,17,9.0400,0.1400,356
5f3ae9136c875522250f8184f253413a,SP,books_technical,42,2,4.7600,188.6900,89.0600,38.8800,42,1,2.3800,0.0300,356
98dac6635aee4995d501a3972e047414,SP,housewares,84,4,4.7600,237.3400,69.0500,91.1200,83,16,19.2800,0.0600,356
c013e57c075a06e5b5c48ee03c525719,SP,pet_shop,42,2,4.7600,220.5800,161.5600,37.7400,42,4,9.5200,0.0300,356
cd06602b43d8800bd0afad514919d35c,SP,housewares,42,2,4.7600,302.1200,384.6400,102.8900,42,10,23.8100,0.0300,356
7e93a43ef30c4f03f38b393420bc753a,SP,watches_gifts,319,15,4.7000,271.5500,444.1100,68.1300,318,26,8.1800,0.2300,362
2138ccb85b11a4ec1e37afbd1c8eda1f,SP,telephony,383,18,4.7000,272.8200,262.7600,65.2100,382,63,16.4900,0.2800,363
cca3071e3e9bb7d12640c9fbe2301306,SP,furniture_decor,683,32,4.6900,340.7800,377.7300,94.0400,672,119,17.7100,0.4900,364
813348c996469b40f2e028d5429d3495,SP,housewares,171,8,4.6800,244.2100,235.4900,47.8600,168,25,14.8800,0.1200,365
1da3aeb70d7989d1e6d9b0e887f97c23,SP,sports_leisure,257,12,4.6700,207.4200,231.7400,45.3200,256,31,12.1100,0.1800,366
870d0118f7a9d85960f29ad89d5d989a,MG,furniture_living_room,43,2,4.6500,354.7200,556.0100,63.7400,43,3,6.9800,0.0300,367
abcd2cb37d46c2c8fb1bf071c859fc5b,MT,health_beauty,43,2,4.6500,333.1800,232.8100,56.1100,43,1,2.3300,0.0300,367
b39d7fe263ef469605dbb32608aee0af,SP,bed_bath_table,43,2,4.6500,319.2800,174.4300,70.1700,42,6,14.2900,0.0300,367
c66dccfb3f109511246da627dd5a2498,SP,watches_gifts,43,2,4.6500,277.4800,114.2100,39.2800,43,3,6.9800,0.0300,367
0509040ea3fe50071181bbc359eb7738,MG,sports_leisure,87,4,4.6000,278.6900,105.5900,52.0600,86,1,1.1600,0.0600,371
1b4c3a6f53068f0b6944d2d005c9fc89,SC,housewares,110,5,4.5500,347.0200,305.3800,47.5500,109,11,10.0900,0.0800,372
640e21a7d01df7614a3b4923e990d40c,SP,bed_bath_table,110,5,4.5500,247.3400,629.2200,37.8600,110,7,6.3600,0.0800,372
79ebd9a61bac3eaf882805ed4ecfa12a,PR,furniture_decor,132,6,4.5500,368.7100,172.4200,130.7800,132,18,13.6400,0.0900,372
b32be1695eb7ec5f10f72d9610a12527,RS,kitchen_dining_laundry_garden_furniture,44,2,4.5500,294.6400,35.9000,85.8600,43,5,11.6300,0.0300,372
6edacfd9f9074789dad6d62ba7950b9c,SP,furniture_decor,199,9,4.5200,216.0800,123.6900,48.8100,199,15,7.5400,0.1400,376
7b07b3c7487f0ea825fc6df75abd658b,SP,sports_leisure,90,4,4.4400,231.8200,435.2500,46.7900,90,9,10.0000,0.0600,377
afe0067131b73e40875c9b6c10bd2e21,MG,perfumery,45,2,4.4400,371.2400,135.9800,90.1000,44,4,9.0900,0.0300,377
dee656f0f566ed1aa85bd137c943f08f,SP,sports_leisure,90,4,4.4400,305.1800,375.3500,42.3600,90,6,6.6700,0.0600,377
a3a38f4affed601eb87a97788c949667,SC,toys,249,11,4.4200,301.2100,386.7600,42.6700,247,20,8.1000,0.1700,380
94144541854e298c2d976cb893b81343,RS,health_beauty,68,3,4.4100,310.5100,258.5400,139.2700,67,8,11.9400,0.0500,381
e333046ce6517bd8bb510291d44f0130,SP,housewares,68,3,4.4100,243.8100,216.5100,52.2600,68,6,8.8200,0.0500,381
669ae81880e08f269a64487cfb287169,SC,sports_leisure,160,7,4.3800,293.4200,330.1700,44.3600,159,18,11.3200,0.1100,383
d50d79cb34e38265a8649c383dcffd48,SP,garden_tools,69,3,4.3500,318.9500,474.5500,50.2500,68,6,8.8200,0.0500,384
f8db351d8c4c4c22c6835c19a46f01b0,SP,housewares,649,28,4.3100,237.6900,191.8300,41.9400,646,58,8.9800,0.4300,385
7299e27ed73d2ad986de7f7c77d919fa,MG,consoles_games,332,14,4.2200,272.7300,238.7200,37.3700,332,22,6.6300,0.2100,386
128639473a139ac0f3e5f5ade55873a5,PR,electronics,525,22,4.1900,344.8700,245.9800,69.8000,519,54,10.4000,0.3400,387
729b2d09b2a0bdab221076327f13d050,SP,health_beauty,48,2,4.1700,299.5900,211.7800,81.9200,48,2,4.1700,0.0300,388
81a1104df0f08b59c68aa5b03cfe398e,PR,garden_tools,72,3,4.1700,307.9200,101.9500,58.3900,70,5,7.1400,0.0500,388
9b013e03b2ab786505a1d3b5c0756754,SP,health_beauty,168,7,4.1700,205.9500,222.6200,63.5800,167,20,11.9800,0.1100,388
cb3dd9ce66268c7a3ca7241ac70ab58c,SP,sports_leisure,48,2,4.1700,336.2300,623.9700,122.7500,48,6,12.5000,0.0300,388
282f23a9769b2690c5dda22e316f9941,MG,food_drink,97,4,4.1200,270.5600,240.5900,82.7400,97,4,4.1200,0.0600,392
9d4db00d65d7760644ac0c14edb5fd86,SP,toys,97,4,4.1200,193.3500,224.7400,33.6800,96,4,4.1700,0.0600,392
8f119a0aee85c0c8fc534629734e94fd,SP,toys,73,3,4.1100,246.6200,161.4200,85.4000,73,5,6.8500,0.0500,394
a7f13822ceb966b076af67121f87b063,SP,office_furniture,73,3,4.1100,544.9700,1382.8800,267.9900,72,20,27.7800,0.0500,394
080102cd0a76b09e0dcf55fcacc60e05,MG,computers_accessories,122,5,4.1000,237.7400,163.5300,37.6100,122,5,4.1000,0.0800,396
9f505651f4a6abe901a56cdc21508025,SP,computers_accessories,391,16,4.0900,193.4700,289.2400,33.7200,388,36,9.2800,0.2400,397
701938c450705b8ae65fc923b70f35c7,SP,furniture_living_room,74,3,4.0500,311.5100,272.1900,77.6900,73,9,12.3300,0.0500,398
25cf099de44674fde97473224f9d59ab,SP,auto,50,2,4.0000,225.4200,141.8600,42.5600,49,5,10.2000,0.0300,399
00fc707aaaad2d31347cf883cd2dfe10,PR,computers_accessories,101,4,3.9600,366.8700,187.0200,65.7000,100,15,15.0000,0.0600,400
537eb890efff034a88679788b647c564,RJ,furniture_decor,152,6,3.9500,220.5000,213.0600,41.2100,152,11,7.2400,0.0900,401
688756f717c462a206ad854c5027a64a,SP,housewares,76,3,3.9500,261.5300,154.1500,112.0300,75,12,16.0000,0.0500,401
87142160b41353c4e5fca2360caf6f92,RS,computers_accessories,304,12,3.9500,262.7100,188.5800,71.5400,303,19,6.2700,0.1800,401
7202e2ba20579a9bd1acb29e61fe71f6,SP,telephony,51,2,3.9200,320.2700,199.3700,41.1100,50,8,16.0000,0.0300,404
febab0275244b9a49a623f0bd613ca2f,SP,housewares,102,4,3.9200,209.3600,98.2400,45.3900,102,6,5.8800,0.0600,404
aafe36600ce604f205b86b5084d3d767,SC,baby,128,5,3.9100,301.1700,295.3300,50.9200,128,12,9.3800,0.0800,406
2528513dd95219a6013d4d05176e391a,SP,home_confort,155,6,3.8700,257.0000,357.8700,63.7800,152,23,15.1300,0.0900,407
4d6d651bd7684af3fffabd5f08d12e5a,SP,sports_leisure,362,14,3.8700,312.3000,256.0500,95.2000,361,42,11.6300,0.2100,408
062ce95fa2ad4dfaedfc79260130565f,RS,furniture_decor,52,2,3.8500,319.8500,358.3200,137.4900,52,5,9.6200,0.0300,409
6b243f80ed07b10f0e8aa0f21a205f3c,PR,sports_leisure,78,3,3.8500,269.3600,346.3400,43.4900,78,8,10.2600,0.0500,409
710e3548e02bc1d2831dfc4f1b5b14d4,PR,furniture_decor,130,5,3.8500,348.1900,246.5600,97.6200,129,39,30.2300,0.0800,409
db4350fd57ae30082dec7acbaacc17f9,SP,telephony,130,5,3.8500,262.4200,195.7600,56.3600,129,12,9.3000,0.0800,409
0db783cfcd3b73998abc6e10e59a102f,SP,telephony,131,5,3.8200,280.2800,346.6900,71.0600,130,17,13.0800,0.0800,413
5a8e7d5003a1f221f9e1d6e411de7c23,SP,furniture_decor,131,5,3.8200,248.2000,72.0800,57.4300,131,16,12.2100,0.0800,413
d91fb3b7d041e83b64a00a3edfb37e4f,SP,home_appliances,524,20,3.8200,270.7100,137.2500,75.4700,520,72,13.8500,0.3100,413
dbb9b48c841a0e39e21f98e1a6b2ec3e,SP,housewares,105,4,3.8100,238.9900,284.8500,55.1800,105,10,9.5200,0.0600,416
750303a20e9c56b2a6bc45cdce0b897d,GO,sports_leisure,53,2,3.7700,338.4900,723.5600,37.3100,53,5,9.4300,0.0300,417
1a3df491d1c4f1589fc2b934ada68bf2,SC,bed_bath_table,160,6,3.7500,356.2200,174.3200,92.8500,160,15,9.3800,0.0900,418
e8b3a3a38279a82f0e5d006d5e5b7d2c,PR,consoles_games,80,3,3.7500,415.3700,230.6500,146.1200,80,13,16.2500,0.0500,418
0b90b6df587eb83608a64ea8b390cf07,PR,computers_accessories,162,6,3.7000,347.3000,228.7900,64.0800,161,27,16.7700,0.0900,420
4e7c18b98d84e05cbae3ff0ff03846c2,SP,small_appliances,81,3,3.7000,290.1600,154.1000,51.4500,80,14,17.5000,0.0500,420
7d456afc660226829370f3173d14520c,SP,bed_bath_table,54,2,3.7000,204.9400,519.7700,46.6500,54,5,9.2600,0.0300,420
ebd2d60905fb58271facef5596b620d3,SP,health_beauty,81,3,3.7000,312.2300,1337.5500,39.9300,81,8,9.8800,0.0500,420
eeb6de78f79159600292e314a77cbd18,SC,garden_tools,82,3,3.6600,291.9500,820.7300,36.5100,82,5,6.1000,0.0500,424
dbd66278cbfe1aa1000f90a217ca4695,SP,electronics,83,3,3.6100,224.4500,89.1700,34.5500,83,1,1.2000,0.0500,425
1c68394e931a64f90ea236c5ea590300,PR,computers_accessories,139,5,3.6000,389.4300,509.0400,122.9100,139,22,15.8300,0.0800,426
de722cd6dad950a92b7d4f82673f8833,PE,computers_accessories,335,12,3.5800,305.3200,202.7600,49.3400,334,29,8.6800,0.1800,427
3078096983cf766a32a06257648502d1,SP,toys,56,2,3.5700,289.6300,146.3100,45.0800,56,6,10.7100,0.0300,428
c33847515fa6305ce6feb1e818569f13,SC,bed_bath_table,112,4,3.5700,224.4200,190.9900,47.3200,112,24,21.4300,0.0600,428
95e03ca3d4146e4011985981aeb959b9,RJ,housewares,169,6,3.5500,302.3400,522.1100,52.8400,167,23,13.7700,0.0900,430
44073f8b7e41514de3b7815dd0237f4f,DF,health_beauty,142,5,3.5200,315.6700,177.9100,74.3100,141,29,20.5700,0.0800,431
05ff92fedb5be47920fea08e501238b9,RS,cool_stuff,57,2,3.5100,296.1000,355.3400,64.5700,57,3,5.2600,0.0300,432
376a891762bbdecbc02b4b6adec3fdda,GO,sports_leisure,57,2,3.5100,293.3100,176.5700,40.5000,57,1,1.7500,0.0300,432
2ff97219cb8622eaf3cd89b7d9c09824,SP,housewares,86,3,3.4900,216.6300,376.9500,38.2100,86,3,3.4900,0.0500,434
7178f9f4dd81dcef02f62acdf8151e01,SC,health_beauty,202,7,3.4700,377.9000,176.0200,126.8300,201,29,14.4300,0.1100,435
53243585a1d6dc2643021fd1853d8905,BA,telephony,348,12,3.4500,322.3700,253.0100,84.8300,346,36,10.4000,0.1800,436
c6bda72e4dbf5c5866b13cb1810c6d03,SP,baby,58,2,3.4500,246.5800,548.6400,45.7500,58,4,6.9000,0.0300,436
c864036feaab8c1659f65ea4faebe1da,PR,sports_leisure,58,2,3.4500,294.7400,296.2900,38.0900,58,3,5.1700,0.0300,436
fcb5ace8bcc92f75707dc0f01a27d269,SP,cool_stuff,58,2,3.4500,257.4400,448.8400,101.8200,57,7,12.2800,0.0300,436
36a968b544695394e4e9d7572688598f,SP,computers_accessories,146,5,3.4200,258.6400,116.0900,99.5400,146,31,21.2300,0.0800,440
116ccb1a1604bc88e4d234a8c23f33de,SP,auto,59,2,3.3900,212.2200,42.4800,43.6800,59,1,1.6900,0.0300,441
709e16e2b25c7474d980076c6bfc4806,SP,health_beauty,59,2,3.3900,255.3700,167.8600,47.0000,59,1,1.6900,0.0300,441
aced59e9b31ef866a94f9e7f29d8d418,SP,housewares,59,2,3.3900,238.4400,233.1700,60.3100,59,3,5.0800,0.0300,441
01fd077212124329bac32490e8ef80d9,SP,health_beauty,30,1,3.3300,189.3100,238.5400,36.5400,30,4,13.3300,0.0200,444
02f5837340d7eb4f653d676c7256523a,PR,luggage_accessories,30,1,3.3300,231.8200,198.7400,61.8800,30,1,3.3300,0.0200,444
3c487ae8f8d7542beff5788e2e0aea83,DF,fashion_bags_accessories,30,1,3.3300,329.8100,380.8600,82.2900,30,3,10.0000,0.0200,444
4e06067cc08b3f41d837768d392c3ee3,MG,perfumery,30,1,3.3300,250.7200,689.8200,46.1800,30,5,16.6700,0.0200,444
974cf2cb8f4b7add98709c30df02fe10,SP,computers_accessories,30,1,3.3300,270.4700,334.2900,26.4300,30,3,10.0000,0.0200,444
b335c59ab742f751a85db9c411a86739,MG,housewares,30,1,3.3300,387.7100,201.6200,175.2900,30,2,6.6700,0.0200,444
b92e3c8f9738272ff7c59e111e108d7c,MG,furniture_decor,60,2,3.3300,410.0300,219.5100,134.8400,60,10,16.6700,0.0300,444
1e8b33f18b4f7598d87f5cbee2282cc2,SP,bed_bath_table,121,4,3.3100,188.4300,91.2700,40.0900,119,12,10.0800,0.0600,451
cce6ab8d1682639fe45ab70234f1665f,SP,bed_bath_table,61,2,3.2800,368.6300,160.6300,168.2600,61,3,4.9200,0.0300,452
1838dd9b8977065acf51d95e0053ea7a,MG,computers_accessories,62,2,3.2300,307.0000,71.5900,39.8800,62,7,11.2900,0.0300,453
18e694e0e48ed6f7aa3f24aade5fd697,SP,computers_accessories,31,1,3.2300,144.2800,40.6900,35.8900,31,0,0.0000,0.0200,453
33576ec5412fb5905d876f12f33bfde6,PR,fashion_bags_accessories,31,1,3.2300,355.5700,143.5400,205.0200,31,3,9.6800,0.0200,453
4917cee8d902e13428c3ec4b1ca6f315,SC,home_appliances_2,31,1,3.2300,433.8700,328.4900,199.0400,31,4,12.9000,0.0200,453
5d3bb11474a06bdc23fb9e89f1164ee0,SP,furniture_decor,31,1,3.2300,235.2200,215.8100,59.4600,31,5,16.1300,0.0200,453
6481e96574816ead57975da2c0f6d80d,SP,signaling_and_security,31,1,3.2300,167.6000,47.0300,60.6000,31,2,6.4500,0.0200,453
72c5da29406b4234927b81855e7b64f6,SP,construction_tools_construction,31,1,3.2300,259.1300,340.9100,33.0900,31,4,12.9000,0.0200,453
8a32e327fe2c1b3511609d81aaf9f042,SP,furniture_decor,124,4,3.2300,210.2500,40.1500,53.9600,123,19,15.4500,0.0600,453
dfc5fb7259bb2b599ca565e6e9448f0f,SP,garden_tools,31,1,3.2300,321.0800,362.2800,98.5200,31,2,6.4500,0.0200,453
f00e21b1e91a79653163b7fd8f293ff1,SP,toys,31,1,3.2300,311.3200,788.9800,40.6200,30,4,13.3300,0.0200,453
ff063b022a9a0aab91bad2c9088760b7,SP,furniture_decor,93,3,3.2300,224.1000,89.0400,48.7200,93,8,8.6000,0.0500,453
b76dba6c951ab00dc4edf0a1aa88037e,SP,telephony,157,5,3.1800,249.1500,253.9400,53.9300,155,16,10.3200,0.0800,464
562fc2f2c2863ab7e79a9e4388a58a14,SP,telephony,252,8,3.1700,271.7500,268.7400,48.5300,250,23,9.2000,0.1200,465
76d64c4aca3a7baf218bf93ef7fa768d,PR,toys,63,2,3.1700,264.3700,177.0300,51.3100,63,9,14.2900,0.0300,465
80e6699fe29150b372a0c8a1ebf7dcc8,PR,sports_leisure,95,3,3.1600,278.8900,256.1900,48.9300,94,7,7.4500,0.0500,467
7722b1df1b0e383e000397b2c11e3e19,SP,housewares,127,4,3.1500,204.6200,109.7200,52.9800,127,13,10.2400,0.0600,468
232a6014e7b10cba61c6c2b2ea6bb4b0,SP,pet_shop,32,1,3.1300,326.3800,161.2900,49.0900,32,4,12.5000,0.0200,469
3340ef1913fb70d28420f6ceb685c339,PR,computers_accessories,32,1,3.1300,401.1300,3183.1400,52.9300,32,2,6.2500,0.0200,469
3c4e0452bff7a2a788179488d3d77032,PR,toys,32,1,3.1300,332.0100,755.9800,54.0700,31,6,19.3500,0.0200,469
cc5a78bbad32776dc4e3af205218368c,MG,housewares,32,1,3.1300,197.9100,137.9100,37.2500,32,3,9.3800,0.0200,469
d94a40fd42351c259927028d163af842,MG,housewares,96,3,3.1300,338.2800,84.5300,69.7700,95,8,8.4200,0.0500,469
ea67327e24487bdfac5fbfa37ea124df,SP,bed_bath_table,32,1,3.1300,209.3200,432.6300,43.9900,32,8,25.0000,0.0200,469
066a6914e1ebf3ea95a216c73a986b91,PR,sports_leisure,65,2,3.0800,322.8200,918.7300,79.5500,65,7,10.7700,0.0300,475
8bd0f31cf0a614c658f6763bd02dea69,SP,furniture_decor,33,1,3.0300,240.0700,206.2900,43.8400,32,3,9.3800,0.0200,476
b839e41795b7f3ad94cc2014a52f6796,SP,construction_tools_construction,33,1,3.0300,160.1200,217.6100,45.7700,33,6,18.1800,0.0200,476
30a2f535bb48308f991d0b9ad4a8c4bb,SP,furniture_decor,67,2,2.9900,202.9300,169.5900,39.6700,67,6,8.9600,0.0300,478
966cb4760537b1404caedd472cc610a5,SP,watches_gifts,67,2,2.9900,240.9800,49.0900,52.4600,67,8,11.9400,0.0300,478
42bde9fef835393bb8a8849cb6b7f245,DF,toys,34,1,2.9400,248.9400,188.8700,53.2900,34,2,5.8800,0.0200,480
45ba18c210d42734ec52c0c1c574e9ee,SP,baby,34,1,2.9400,170.0700,41.0600,40.5000,34,5,14.7100,0.0200,480
a3dd39f583bc80bd8c5901c95878921e,BA,food_drink,34,1,2.9400,299.1200,48.4500,53.0100,34,1,2.9400,0.0200,480
aaed1309374718fdd995ee4c58c9dfcd,SC,sports_leisure,103,3,2.9100,295.1700,103.3100,46.6300,103,13,12.6200,0.0500,483
9646c3513289980f17226a2fc4720dbd,SP,computers_accessories,69,2,2.9000,268.8300,225.5600,55.3500,69,4,5.8000,0.0300,484
240b9776d844d37535668549a396af32,RJ,telephony,35,1,2.8600,272.5900,406.2100,129.3500,35,3,8.5700,0.0200,485
25e6ffe976bd75618accfe16cefcbd0d,SP,toys,105,3,2.8600,244.8200,276.2700,50.5900,105,8,7.6200,0.0500,485
bf3c6d2a28b2b5501e6c15448982dcc9,SP,baby,35,1,2.8600,283.5700,47.1500,39.4800,35,1,2.8600,0.0200,485
fde0cc9ea29c8ccfc0a2c22256a58c71,PR,toys,35,1,2.8600,209.0700,190.6600,47.4600,35,3,8.5700,0.0200,485
32b8764b4ef628b53608fc34011fcc13,SC,housewares,36,1,2.7800,269.5600,24.7800,46.0500,36,2,5.5600,0.0200,489
3586b8580d9c917874e053a1bb37b5ff,SP,stationery,36,1,2.7800,326.8700,495.8600,57.3200,36,2,5.5600,0.0200,489
516e7738bd8f735ac19a010ee5450d8d,RJ,health_beauty,72,2,2.7800,214.0500,127.9600,37.5800,72,1,1.3900,0.0300,489
66dc1b1632bd6a3e508510c5b3492107,SP,sports_leisure,36,1,2.7800,246.7200,122.0700,53.5300,36,9,25.0000,0.0200,489
96804ea39d96eb908e7c3afdb671bb9e,MG,sports_leisure,36,1,2.7800,313.1900,190.5800,73.3600,36,4,11.1100,0.0200,489
9de4643a8dbde634fe55621059d92273,SC,housewares,72,2,2.7800,351.2600,293.0000,78.5300,72,4,5.5600,0.0300,489
9e6229250fedbe05838fef417b74e7fb,SP,baby,73,2,2.7400,283.9100,97.4600,83.3200,73,11,15.0700,0.0300,495
594f9aaa48e5bf431f011ddc5669b0d5,MG,stationery,37,1,2.7000,186.8900,73.6000,23.8300,37,1,2.7000,0.0200,496
5a93f3ab0ef4c84ed5e1b5dbf23978bc,SP,baby,38,1,2.6300,362.2500,768.8700,87.0700,38,1,2.6300,0.0200,497
7f7b8245c336066a1f9933c359f11d77,SP,health_beauty,38,1,2.6300,196.0900,253.3500,80.8300,38,3,7.8900,0.0200,497
bacb1f0ed56ad24198f5810d2b3fe9a5,SP,toys,38,1,2.6300,234.7400,100.0700,40.8900,37,3,8.1100,0.0200,497
d23019c84ffae2d5ef2270367b8605fc,PR,musical_instruments,38,1,2.6300,275.3700,545.3800,65.5900,38,2,5.2600,0.0200,497
d66c305afaec317ebee552073a674429,MG,consoles_games,38,1,2.6300,232.6500,197.8900,78.7300,38,2,5.2600,0.0200,497
37be5a7c751166fbc5f8ccba4119e043,SP,bed_bath_table,269,7,2.6000,255.5800,234.6900,80.4500,266,24,9.0200,0.1100,502
2a84855fd20af891be03bc5924d2b453,MG,stationery,154,4,2.6000,206.8800,612.5500,45.2000,153,12,7.8400,0.0600,503
dbc22125167c298ef99da25668e1011f,MG,luggage_accessories,388,10,2.5800,276.0300,294.5000,34.8900,387,29,7.4900,0.1500,504
1d4587203296c8f4ad134dc286fa6db0,SP,auto,39,1,2.5600,227.3600,599.2100,41.8400,39,4,10.2600,0.0200,505
55a5b51f93f2b70ea513f5a047b0262a,MG,sports_leisure,39,1,2.5600,329.7600,187.8700,61.1600,39,2,5.1300,0.0200,505
d1b65fc7debc3361ea86b5f14c68d2e2,SP,luggage_accessories,39,1,2.5600,220.6100,43.8800,52.3100,39,1,2.5600,0.0200,505
0432ead42b6c8a0bdf68154add917fdf,SP,toys,81,2,2.4700,214.9700,235.2400,39.7300,81,6,7.4100,0.0300,508
8bb48dc19fccaa8613b6229bf7f452a2,SP,costruction_tools_garden,81,2,2.4700,275.9100,93.6100,53.6000,81,6,7.4100,0.0300,508
9add47bf45ce8e8c7db6b9cf670b1e09,PR,furniture_decor,41,1,2.4400,293.9700,186.9500,74.8800,40,3,7.5000,0.0200,510
d98eec89afa3380e14463da2aabaea72,RS,fashion_bags_accessories,165,4,2.4200,206.3600,449.1200,61.1700,164,11,6.7100,0.0600,511
3d8fa2f5b647373c8620330c4e077a9f,SP,garden_tools,42,1,2.3800,218.7200,335.3500,74.3800,41,5,12.2000,0.0200,512
58f1a6197ed863543e0136bdedb3fce2,MG,watches_gifts,42,1,2.3800,247.2600,301.1400,81.4700,42,6,14.2900,0.0200,512
9674754b5a0cb32b638cec001178f799,SP,small_appliances,84,2,2.3800,201.8500,126.8000,50.8200,84,13,15.4800,0.0300,512
86ccac0b835037332a596a33b6949ee1,SC,watches_gifts,170,4,2.3500,293.4400,267.7900,68.2900,170,18,10.5900,0.0600,515
bd23da7354813347129d751591d1a6e2,SP,furniture_decor,85,2,2.3500,237.2400,514.7000,57.2900,84,13,15.4800,0.0300,515
33a17d60c64393351ebf1ef860f4e0f2,RS,housewares,43,1,2.3300,254.7200,455.2000,83.0600,43,1,2.3300,0.0200,517
3f995f07c49d0d55a99d5c54957f7d81,SP,auto,43,1,2.3300,230.2600,211.7600,42.4900,43,4,9.3000,0.0200,517
e0a366315b1b726b6c7832d664c0f530,SP,construction_tools_construction,43,1,2.3300,191.3900,177.3800,39.4500,43,6,13.9500,0.0200,517
efcd8d2104f1a05d028af7bad20d974b,SP,fashion_bags_accessories,43,1,2.3300,243.7700,158.4200,45.1700,43,2,4.6500,0.0200,517
b8bc237ba3788b23da09c0f1f3a3288c,SC,housewares,45,1,2.2200,281.8700,71.8200,35.4900,44,3,6.8200,0.0200,521
bccf933e006e9b94a6184af782963e77,SP,health_beauty,45,1,2.2200,280.7500,137.1700,47.6100,44,3,6.8200,0.0200,521
c68fb906c8f4b4b946d8386bfa6e5467,SP,housewares,45,1,2.2200,262.1500,69.3500,35.2200,44,3,6.8200,0.0200,521
f680f85bee2d253556ac91be391d2c82,SP,baby,45,1,2.2200,233.9700,107.5400,43.4200,45,3,6.6700,0.0200,521
85d9eb9ddc5d00ca9336a2219c97bb13,MG,computers_accessories,498,11,2.2100,351.8700,198.9800,172.5500,495,45,9.0900,0.1700,525
0ef83d7d83ed97cd2a0049ac8be5f88a,PR,health_beauty,46,1,2.1700,224.2800,281.8100,40.3400,45,7,15.5600,0.0200,526
138dbe45fc62f1e244378131a6801526,SP,housewares,46,1,2.1700,154.8000,90.7000,43.8900,46,6,13.0400,0.0200,526
2a5b78b41cd05baeac8df54c6606b92c,MG,health_beauty,46,1,2.1700,216.9600,112.7200,39.8500,46,2,4.3500,0.0200,526
381c83fdca332ea6afd896da20bf6e4a,PR,watches_gifts,46,1,2.1700,304.5900,141.5600,56.5800,46,4,8.7000,0.0200,526
83e197e95a1bbabc8c75e883ed016c47,RJ,books_general_interest,46,1,2.1700,250.6400,297.8400,47.5600,46,1,2.1700,0.0200,526
8a432f4e5b471f8da497d7dc517666e2,SP,bed_bath_table,93,2,2.1500,186.9600,207.5100,32.5900,92,11,11.9600,0.0300,531
0691148aee60ca47977c187804f935ae,PR,sports_leisure,47,1,2.1300,286.5600,928.0700,61.2800,47,7,14.8900,0.0200,532
95f83f51203c626648c875dd41874c7f,MG,furniture_decor,47,1,2.1300,280.6600,67.3700,97.5100,47,12,25.5300,0.0200,532
b4ffb71f0cb1b1c3d63fad021ecf93e1,SP,auto,141,3,2.1300,242.5100,217.2600,41.6900,141,14,9.9300,0.0500,532
4c03b9dd4c11ee2cb35c96c49efc9420,SP,toys,48,1,2.0800,252.8300,230.2300,51.5600,47,7,14.8900,0.0200,535
5cf13accae3222c70a9cac40818ae839,MG,pet_shop,147,3,2.0400,257.3000,229.8500,45.3000,146,10,6.8500,0.0500,536
751bdc4d83a466c7206cd42e8f426b03,SP,sports_leisure,49,1,2.0400,265.8800,686.5000,64.3300,47,9,19.1500,0.0200,536
ac3508719a1d8f5b7614b798f70af136,RS,toys,100,2,2.0000,226.9800,172.8600,34.8400,99,3,3.0300,0.0300,538
cab85505710c7cb9b720bceb52b01cee,SP,fashion_bags_accessories,200,4,2.0000,244.1200,375.2500,73.8700,199,13,6.5300,0.0600,538
33a6f4b1e7cdc205511e76ba1b6e0186,SP,bed_bath_table,102,2,1.9600,208.1200,268.1200,41.8300,102,8,7.8400,0.0300,540
289cdb325fb7e7f891c38608bf9e0962,SP,perfumery,105,2,1.9000,163.2000,174.4500,39.2200,105,5,4.7600,0.0300,541
6c177e38df6d3f34182b1f1d427231bf,PR,telephony,53,1,1.8900,345.8300,38.0800,155.5600,53,7,13.2100,0.0200,542
a5cba26a62b8b4d0145b68b841e62e7f,PR,health_beauty,53,1,1.8900,316.4000,306.3300,100.0900,53,2,3.7700,0.0200,542
6c7d50c24b3ccd2fd83b44d8bb34e073,SP,furniture_decor,107,2,1.8700,295.0600,151.7400,67.6000,106,4,3.7700,0.0300,544
2dee2ce60de9709b1a24083217181a1f,MT,perfumery,54,1,1.8500,339.4500,117.2000,50.9600,54,3,5.5600,0.0200,545
1127b7f2594683f2510f1c2c834a486b,SP,garden_tools,109,2,1.8300,225.7000,136.3200,61.0200,109,15,13.7600,0.0300,546
1b8356dabde1d35e17cef975c3f82730,SP,sports_leisure,55,1,1.8200,252.9600,374.4600,43.0100,55,5,9.0900,0.0200,547
582d4f8675b945722eda7c0cb61ba4c7,SP,electronics,55,1,1.8200,268.0400,86.4700,39.3500,55,8,14.5500,0.0200,547
3bdff180c7e1f6551a643b99c265a120,SP,computers_accessories,56,1,1.7900,240.8300,192.7000,51.2600,55,5,9.0900,0.0200,549
229c3efbfb0ea2058de4ccdfbc3d784a,MG,computers_accessories,118,2,1.6900,258.2200,308.5100,41.7700,117,30,25.6400,0.0300,550
5f1dc28029d2c244352a68107ec2b542,SP,health_beauty,60,1,1.6700,234.7200,185.0800,85.4600,59,3,5.0800,0.0200,551
91f848e9f4be368f4318775aac733370,SP,housewares,60,1,1.6700,238.6000,188.5600,42.1700,58,3,5.1700,0.0200,551
ce27a3cc3c8cc1ea79d11e561e9bebb6,SP,computers_accessories,122,2,1.6400,244.7300,140.3100,77.2700,117,13,11.1100,0.0300,553
520b493b57809f446cb0a233bb3e25c7,SP,housewares,62,1,1.6100,182.3200,376.8900,47.0500,62,5,8.0600,0.0200,554
822166ed1e47908f7cfb49946d03c726,RJ,bed_bath_table,64,1,1.5600,304.8300,259.4300,90.3000,63,11,17.4600,0.0200,555
9d5a9018aee56acb367ba9c3f05d1d6a,GO,baby,65,1,1.5400,355.9000,116.7100,101.7800,65,6,9.2300,0.0200,556
cb8bcce248bb1fb274ba762d8b971456,MG,cool_stuff,65,1,1.5400,304.8800,97.1000,45.9000,65,3,4.6200,0.0200,556
e26901d5ab434ce92fd9b5c256820a4e,SP,garden_tools,197,3,1.5200,222.9400,177.7900,67.2800,197,20,10.1500,0.0500,558
48162d548f5b1b11b9d29d1e01f75a61,SP,garden_tools,66,1,1.5200,278.5600,355.0700,40.0400,66,11,16.6700,0.0200,559
ca3bd7cd9f149df75950150d010fe4a2,SP,housewares,67,1,1.4900,328.3900,204.7000,149.8600,67,10,14.9300,0.0200,560
259f7b5e6e482c230e5bfaa670b6bb8f,SP,bed_bath_table,135,2,1.4800,210.5100,257.8100,43.4900,134,13,9.7000,0.0300,561
c3cfdc648177fdbbbb35635a37472c53,PR,sports_leisure,276,4,1.4500,234.7900,90.2800,42.7200,275,19,6.9100,0.0600,562
dfa0c4c6229ab200a4a1336b4d7128ff,SC,housewares,73,1,1.3700,238.3200,545.6900,25.3100,73,11,15.0700,0.0200,563
6cd68b3ed6d59aaa9fece558ad360c0a,MG,luggage_accessories,147,2,1.3600,254.5900,239.9600,46.7800,147,4,2.7200,0.0300,564
d12c926d74ceff0a90a21184466ce161,SP,sports_leisure,74,1,1.3500,213.0300,113.5600,39.2700,74,5,6.7600,0.0200,565
d921b68bf747894be13a97ae52b0f386,MG,watches_gifts,76,1,1.3200,238.7500,160.5400,34.7700,76,3,3.9500,0.0200,566
744dac408745240a2c2528fb1b6028f3,PR,watches_gifts,78,1,1.2800,264.7000,115.6400,43.8500,78,3,3.8500,0.0200,567
080199a181c46c657dc5aa235411be3b,SP,auto,79,1,1.2700,194.0900,836.4800,55.4100,78,1,1.2800,0.0200,568
609e1a9a6c2539919b8205cf7c4e6ff0,SC,bed_bath_table,80,1,1.2500,247.9900,476.9700,55.2800,78,13,16.6700,0.0200,569
0df3984f9dfb3d49ac6366acbd3bbb85,MG,health_beauty,85,1,1.1800,229.6100,401.7300,65.0000,85,7,8.2400,0.0200,570
725c32fa80c2faacc4fc88450d27314e,SP,toys,89,1,1.1200,225.8000,512.9300,27.6000,87,2,2.3000,0.0200,571
530ec6109d11eaaf87999465c6afee01,PR,sports_leisure,94,1,1.0600,260.4500,140.4500,50.9800,94,8,8.5100,0.0200,572
5c243662ce92d84573bfaff24c3e3700,SP,health_beauty,98,1,1.0200,261.7700,155.3000,78.6000,97,10,10.3100,0.0200,573
612170e34b97004b3ba37eae81836b4c,RS,watches_gifts,106,1,0.9400,264.3900,39.2600,116.5100,106,8,7.5500,0.0200,574
8c16d1f32a54d92897cc437244442e1b,SC,computers_accessories,108,1,0.9300,264.0700,224.8800,47.0700,107,8,7.4800,0.0200,575
0ea22c1cfbdc755f86b9b54b39c16043,MG,fashion_bags_accessories,225,2,0.8900,267.4300,224.4900,47.3100,222,11,4.9500,0.0300,576
17ca9b9e9b9ef8fdb529001b49ebb50f,MG,bed_bath_table,114,1,0.8800,198.2900,242.5600,46.4100,114,15,13.1600,0.0200,577
0bae85eb84b9fb3bd773911e89288d54,SP,housewares,130,1,0.7700,248.6600,116.4000,32.4400,130,8,6.1500,0.0200,578
12b9676b00f60f3b700e83af21824c0e,RS,cool_stuff,133,1,0.7500,361.2900,383.1500,110.8500,132,5,3.7900,0.0200,579
06e5eefc71ec47ae763c5c6f8db7064f,RS,computers_accessories,90,0,0.0000,262.4000,,58.2000,88,12,13.6400,0.0000,580
0ebd97a106433a45a4aebe57c1799778,MG,fashion_bags_accessories,31,0,0.0000,226.4800,,60.0900,31,2,6.4500,0.0000,580
2b3e4a2a3ea8e01938cabda2a3e5cc79,SP,computers_accessories,52,0,0.0000,210.6100,,72.6300,52,4,7.6900,0.0000,580
31561f325664a8a7aba4c8d0c3a9b3db,SP,auto,36,0,0.0000,177.3300,,47.9900,36,1,2.7800,0.0000,580
325f3178fb58e2a9778334621eecdbf9,SP,perfumery,33,0,0.0000,158.9200,,52.9300,33,2,6.0600,0.0000,580
33ac3e28642ab8bda860a2f693000e78,SP,sports_leisure,33,0,0.0000,211.2300,,61.4700,33,3,9.0900,0.0000,580
34d1ca11b242c0fee2c834ae8d788566,MG,computers_accessories,40,0,0.0000,316.3100,,50.7900,39,2,5.1300,0.0000,580
3504c0cb71d7fa48d967e0e4c94d59d9,SP,cool_stuff,53,0,0.0000,175.8700,,44.0900,53,2,3.7700,0.0000,580
3bb548e3cb7f70f28e3f11ee9dce0e59,PR,computers_accessories,42,0,0.0000,270.5700,,72.7700,42,4,9.5200,0.0000,580
48efc9d94a9834137efd9ea76b065a38,PR,fashion_bags_accessories,33,0,0.0000,259.0400,,130.2400,33,0,0.0000,0.0000,580
4da0e408c99d2fdc2126dc9fce518060,PR,sports_leisure,44,0,0.0000,222.7400,,39.6400,44,3,6.8200,0.0000,580
5160d23075764e18e07c1f4a87fad743,SP,toys,30,0,0.0000,230.7400,,78.3000,30,1,3.3300,0.0000,580
57e632711dec9ec14ca7546769483e7e,SC,health_beauty,61,0,0.0000,262.7200,,37.8300,61,3,4.9200,0.0000,580
5cbbd5a299cab112b7bf23862255e43e,PR,housewares,34,0,0.0000,265.7400,,78.6900,34,3,8.8200,0.0000,580
6338ea67c41078a46ad99cc009654956,RS,auto,36,0,0.0000,320.1800,,107.4100,34,2,5.8800,0.0000,580
65febd49fd28ec955651299159b1f527,SP,housewares,33,0,0.0000,160.3200,,24.8100,33,3,9.0900,0.0000,580
6b90f847357d8981edd79a1eb1bf0acb,SP,health_beauty,45,0,0.0000,133.8100,,31.0200,45,3,6.6700,0.0000,580
6df688df543f90e9b38f4319e75a9d88,MG,health_beauty,39,0,0.0000,190.4900,,37.0100,39,1,2.5600,0.0000,580
718539d38d07dd351c76db862760e2e2,SP,pet_shop,35,0,0.0000,207.2600,,46.5400,35,1,2.8600,0.0000,580
81f89e42267213cb94da7ddc301651da,SP,perfumery,45,0,0.0000,179.9600,,64.1500,45,9,20.0000,0.0000,580
8ae520247981aa06bc94abddf5f46d34,SC,watches_gifts,65,0,0.0000,263.5100,,34.1600,65,6,9.2300,0.0000,580
9616352088dcf83a7c06637f4ebf1c80,PR,sports_leisure,91,0,0.0000,298.5400,,88.7100,91,7,7.6900,0.0000,580
9baf5cb77970f539089d09a38bcec5c3,SP,housewares,31,0,0.0000,364.1200,,202.7400,31,2,6.4500,0.0000,580
aae3bfea055532c57fb453ed3ec80b30,SP,market_place,47,0,0.0000,305.3900,,85.8800,46,9,19.5700,0.0000,580
acce39e832338debb07b02385cde5967,MG,stationery,44,0,0.0000,169.1600,,30.4200,44,3,6.8200,0.0000,580
b1a81260566c1bac3114a6d124413f27,RS,luggage_accessories,51,0,0.0000,205.5700,,22.4700,51,7,13.7300,0.0000,580
b1ac6ea7895bc3dd6f0f6f4abbdd2821,RS,sports_leisure,38,0,0.0000,244.3400,,77.4500,38,1,2.6300,0.0000,580
b372ee768ed69e46ca8cdbd267aa7a38,SP,fashion_bags_accessories,63,0,0.0000,299.8700,,46.1600,63,6,9.5200,0.0000,580
b410bdd36d5db7a65dcd42b7ead933b8,GO,housewares,42,0,0.0000,220.8600,,35.6300,42,0,0.0000,0.0000,580
b90e891671cffd9557f33a97dc523645,PR,health_beauty,34,0,0.0000,183.2500,,32.3600,34,3,8.8200,0.0000,580
bba74270a87732727b5a3b4fd9ac1c39,MG,sports_leisure,35,0,0.0000,233.1700,,55.4100,35,5,14.2900,0.0000,580
bd4889b5e9133b35b66e42a8665cea5c,SP,furniture_decor,36,0,0.0000,246.7800,,60.6000,35,3,8.5700,0.0000,580
cc63f0dd2acba93ffed4fe9f8e0321fa,SP,housewares,55,0,0.0000,215.9700,,48.5700,55,5,9.0900,0.0000,580
d566c37fa119d5e66c4e9052e83ee4ea,SP,sports_leisure,64,0,0.0000,140.0500,,34.3100,63,2,3.1700,0.0000,580
d57e18d5f73c7ccb7f7339b61166898d,SP,fashion_bags_accessories,60,0,0.0000,223.0600,,43.9700,60,5,8.3300,0.0000,580
e49c26c3edfa46d227d5121a6b6e4d37,PE,consoles_games,34,0,0.0000,278.9000,,41.6500,34,2,5.8800,0.0000,580
e882b2a25a10b9c057cc49695f222c19,RJ,home_appliances_2,57,0,0.0000,229.1800,,86.9800,57,3,5.2600,0.0000,580
ed4acab38528488b65a9a9c603ff024a,SP,computers_accessories,31,0,0.0000,237.2800,,80.4600,31,6,19.3500,0.0000,580
f3b80352b986ab4d1057a4b724be19d0,DF,health_beauty,86,0,0.0000,250.9400,,62.7000,86,10,11.6300,0.0000,580
f67efa3f0b6761102a7f8c6b7b571f5d,PR,pet_shop,31,0,0.0000,239.5000,,61.4600,31,2,6.4500,0.0000,580
fa1a9dec3a9940c072684a46728bf1fc,SC,pet_shop,53,0,0.0000,347.7600,,123.9100,52,6,11.5400,0.0000,580
fad44952713764836814be105382aee5,RJ,health_beauty,32,0,0.0000,259.0600,,59.9000,32,2,6.2500,0.0000,580
fc906263ca5083d09dce42fe02247800,MG,computers_accessories,112,0,0.0000,225.6000,,53.4600,112,11,9.8200,0.0000,580
1352e06ae67b410cdae0b2a22361167b,RJ,watches_gifts,2,2,100.0000,823.3700,74.2500,429.8600,2,1,50.0000,0.0300,n < 30 - not ranked
13d95f0f6f73943d4ceffad0fc2cd32c,GO,auto,1,1,100.0000,536.1300,68.5300,73.9100,1,0,0.0000,0.0200,n < 30 - not ranked
154bdf805377afea75a3bd158e9eab10,SP,baby,1,1,100.0000,598.1000,64.8100,41.6600,1,1,100.0000,0.0200,n < 30 - not ranked
19484c79cef6c062cb177aa4ef2fcc3c,SP,perfumery,1,1,100.0000,514.2200,84.0700,473.3000,1,1,100.0000,0.0200,n < 30 - not ranked
1b4b28463457a256e9a784ebe2a8f630,SP,auto,1,1,100.0000,339.4800,188.3100,314.7500,1,1,100.0000,0.0200,n < 30 - not ranked
1f2eebc0e970fd3c463e4f5d9652687a,SP,books_technical,1,1,100.0000,274.8300,122.9400,159.0400,1,0,0.0000,0.0200,n < 30 - not ranked
20d53aad4fe5ee93a64f8839609d3586,MG,garden_tools,1,1,100.0000,942.6600,424.9800,32.5700,1,1,100.0000,0.0200,n < 30 - not ranked
20f0aeea30bc3b8c4420be8ced4226c0,SP,bed_bath_table,1,1,100.0000,1073.1800,324.4100,926.5000,0,0,,0.0200,n < 30 - not ranked
271b8923c6a549e02d3c9fd1f8c0422b,SP,construction_tools_construction,1,1,100.0000,340.2100,119.8600,208.9600,1,0,0.0000,0.0200,n < 30 - not ranked
2a50b7ee5aebecc6fd0ff9784a4747d6,DF,construction_tools_construction,1,1,100.0000,953.6900,423.4500,91.0000,1,1,100.0000,0.0200,n < 30 - not ranked
324583d68897f5ddbaf38f6248322176,SP,furniture_decor,1,1,100.0000,803.2500,287.4100,54.1600,1,1,100.0000,0.0200,n < 30 - not ranked
391bbd13b6452244774beff1824006ed,SP,sports_leisure,1,1,100.0000,1069.5700,576.6600,366.7800,1,1,100.0000,0.0200,n < 30 - not ranked
3da38366e7bd9baf6369071f782ecdf0,CE,auto,1,1,100.0000,1280.3600,165.9800,553.1900,1,1,100.0000,0.0200,n < 30 - not ranked
4e42581f08e8cfc7c090f930bac4552a,SP,furniture_decor,1,1,100.0000,1130.4600,308.6500,815.8700,1,1,100.0000,0.0200,n < 30 - not ranked
51a04a8a6bdcb23deccc82b0b80742cf,SP,electronics,1,1,100.0000,847.5600,187.6300,320.6800,1,1,100.0000,0.0200,n < 30 - not ranked
586a871d4f1221763fddb6ceefdeb95e,RS,furniture_decor,1,1,100.0000,1646.9100,542.2500,1186.4200,1,1,100.0000,0.0200,n < 30 - not ranked
5ca5d579b5857ee8709479b1047cecc3,SP,consoles_games,1,1,100.0000,426.8100,137.5400,308.6300,1,1,100.0000,0.0200,n < 30 - not ranked
63704069d9bd3a75c1cf59babe56004a,SP,drinks,1,1,100.0000,438.6100,186.6300,190.0400,1,1,100.0000,0.0200,n < 30 - not ranked
6524b847b982cd56bb5d4b02b776ee42,SP,computers_accessories,1,1,100.0000,1015.9300,403.6500,174.7700,1,0,0.0000,0.0200,n < 30 - not ranked
685b870da5b52a710782c9c0fefbeb5b,SP,musical_instruments,2,2,100.0000,950.7400,401.9700,198.4900,2,1,50.0000,0.0300,n < 30 - not ranked
6d04126aba80df143fd038e711b8fd96,RJ,sports_leisure,1,1,100.0000,889.9000,400.7300,789.2000,1,1,100.0000,0.0200,n < 30 - not ranked
781a66c0d89e30814d49fe8b5e14cd07,SP,cool_stuff,1,1,100.0000,794.9500,255.6300,339.1100,1,1,100.0000,0.0200,n < 30 - not ranked
791cfcfe22fe4a771ece27f90017da92,SP,computers_accessories,1,1,100.0000,676.9300,139.0500,174.9300,1,1,100.0000,0.0200,n < 30 - not ranked
7c462184585ae80bd6e5774c62ce50f2,SP,baby,1,1,100.0000,385.0100,205.6400,339.2700,1,0,0.0000,0.0200,n < 30 - not ranked
80ceebb4ee9b31afb6c6a916a574a1e2,PR,computers,1,1,100.0000,500.7900,134.9600,212.5300,0,0,,0.0200,n < 30 - not ranked
8629a7efec1aab257e58cda559f03ba7,GO,computers_accessories,1,1,100.0000,1421.4400,811.3900,606.7600,1,1,100.0000,0.0200,n < 30 - not ranked
8c3b533c63cca56240f94f1e3a6b18ef,MG,furniture_decor,2,2,100.0000,1382.9300,459.4100,791.6400,1,1,100.0000,0.0300,n < 30 - not ranked
8e670472e453ba34a379331513d6aab1,MG,auto,1,1,100.0000,2064.0300,857.1500,1467.7400,1,1,100.0000,0.0200,n < 30 - not ranked
984c273121e743dd14767befe6cb17f5,SP,cool_stuff,1,1,100.0000,812.4100,88.6600,50.2900,1,1,100.0000,0.0200,n < 30 - not ranked
9b1f656ca3060f8af17a50d8a024b533,SP,costruction_tools_tools,1,1,100.0000,624.3700,180.9100,23.2100,1,0,0.0000,0.0200,n < 30 - not ranked
9bf11dfc0bec77e5a23028043c3c5a8f,MG,auto,1,1,100.0000,757.0600,299.6700,68.5000,1,1,100.0000,0.0200,n < 30 - not ranked
9c57bc60cfad5ee62d35d3f1ce4593a1,PR,pet_shop,1,1,100.0000,888.7300,350.3000,673.6800,1,1,100.0000,0.0200,n < 30 - not ranked
9da15f4a4ea758d9eeb49000dbe57e22,SP,office_furniture,1,1,100.0000,540.2500,145.1300,506.8000,1,1,100.0000,0.0200,n < 30 - not ranked
9ef932e837d8b7f392c0bfee9d359dc2,SP,,1,1,100.0000,875.2900,216.1200,34.1000,1,0,0.0000,0.0200,n < 30 - not ranked
bc8c8d665ec4664d286be0d521722b19,SP,health_beauty,1,1,100.0000,192.8100,111.8800,164.9500,1,1,100.0000,0.0200,n < 30 - not ranked
bcd2d7510d58e293f20fad6438c1b314,PR,baby,1,1,100.0000,796.7300,112.3700,529.0800,0,0,,0.0200,n < 30 - not ranked
be1e9e378700cecaa4ebf71433d7915c,SP,,2,2,100.0000,1156.2200,582.3200,118.1900,2,1,50.0000,0.0300,n < 30 - not ranked
c004e5ea15737026cecaee0447e00b75,SP,home_appliances_2,1,1,100.0000,811.9600,380.2600,588.6300,1,1,100.0000,0.0200,n < 30 - not ranked
c13ef0cfbe42f190780f621ce81f2234,SP,electronics,1,1,100.0000,673.5100,159.1200,457.0500,1,0,0.0000,0.0200,n < 30 - not ranked
c611f4ce9ce875bcc063fa97fd4d7d12,SP,garden_tools,1,1,100.0000,97.7500,40.4600,22.1000,1,0,0.0000,0.0200,n < 30 - not ranked
c7b7db6c8f3c64a7cc1afa634db21d50,SP,housewares,1,1,100.0000,797.1500,399.6100,33.3300,1,1,100.0000,0.0200,n < 30 - not ranked
ca5832c6960267b71041f74bb39e8b12,SC,music,1,1,100.0000,1083.8600,357.0500,719.0300,1,1,100.0000,0.0200,n < 30 - not ranked
d1a5cc844736958c11b8efab9a2b4c87,PR,furniture_decor,1,1,100.0000,727.0600,212.1300,537.6700,1,1,100.0000,0.0200,n < 30 - not ranked
d1aa1ec0839dcab73a6161130eb1f94a,PR,furniture_decor,1,1,100.0000,840.5300,58.8800,364.7600,1,0,0.0000,0.0200,n < 30 - not ranked
d8dd176509baa37f359644d082bf7f7b,SP,cool_stuff,2,2,100.0000,728.6100,260.9100,215.4000,2,2,100.0000,0.0300,n < 30 - not ranked
da2782c804606d2a5d8e1760dbb3e7ec,SP,baby,1,1,100.0000,786.6800,331.4700,213.3500,1,1,100.0000,0.0200,n < 30 - not ranked
df683dfda87bf71ac3fc63063fba369d,RS,furniture_decor,1,1,100.0000,4556.7200,4025.0000,83.1100,1,1,100.0000,0.0200,n < 30 - not ranked
e5bd51692380fd8cabb19b756b95e714,SP,,2,2,100.0000,807.9300,147.9500,597.5100,2,1,50.0000,0.0300,n < 30 - not ranked
ebe3dabc4955c9b0d695e7bda38bf5c3,SP,computers_accessories,1,1,100.0000,562.8500,98.2300,196.1800,1,0,0.0000,0.0200,n < 30 - not ranked
edf3fabebcc20f7463cc9c53da932ea8,SP,furniture_decor,1,1,100.0000,505.9700,119.1900,39.2400,1,0,0.0000,0.0200,n < 30 - not ranked
efb628aa07c8ca93d7db0d85b91a4f5a,RJ,furniture_bedroom,1,1,100.0000,614.1200,46.9100,152.9200,1,0,0.0000,0.0200,n < 30 - not ranked
f524ad65d7e0f1daab730ef2d2e86196,RS,garden_tools,1,1,100.0000,597.5800,92.0800,163.4200,1,1,100.0000,0.0200,n < 30 - not ranked
f5fea3ffed6c2e889bab72705557c63a,RJ,furniture_decor,1,1,100.0000,688.8700,40.7700,514.8600,1,0,0.0000,0.0200,n < 30 - not ranked
17eea220a40cc0d2c0c5346379682398,SP,health_beauty,3,2,66.6700,608.7500,123.5700,111.5300,3,1,33.3300,0.0300,n < 30 - not ranked
44f091b5abab8018f682fce8124b85e5,SP,sports_leisure,3,2,66.6700,364.5200,78.7800,274.3100,3,1,33.3300,0.0300,n < 30 - not ranked
633ecdf879b94b5337cca303328e4a25,SP,health_beauty,6,4,66.6700,617.3500,372.9200,362.5400,5,4,80.0000,0.0600,n < 30 - not ranked
8d92f3ea807b89465643c219455e7369,SP,housewares,3,2,66.6700,1093.1800,453.6600,896.6200,3,3,100.0000,0.0300,n < 30 - not ranked
bcc9dd23e2a8bd8267cf92b19304a1b9,SP,bed_bath_table,3,2,66.6700,541.1900,198.0600,83.1000,3,2,66.6700,0.0300,n < 30 - not ranked
fcf16b7a8697e559f0123190bb30177d,SP,musical_instruments,3,2,66.6700,373.8900,136.7200,45.7100,3,1,33.3300,0.0300,n < 30 - not ranked
b1b3948701c5c72445495bd161b83a4c,SP,auto,14,9,64.2900,561.6700,258.2400,375.7600,14,10,71.4300,0.1400,n < 30 - not ranked
427165bf50f8ca07efc7bdc2bfcf1688,SP,health_beauty,5,3,60.0000,925.5800,938.1700,30.1800,5,2,40.0000,0.0500,n < 30 - not ranked
6219ba2359cfb97f2e38fd4c321eb309,SP,housewares,5,3,60.0000,568.9900,281.7700,372.5500,4,1,25.0000,0.0500,n < 30 - not ranked
312ba1d77e9c332ef21f9598b7f64cd7,SP,toys,7,4,57.1400,616.7900,381.3000,265.4700,7,3,42.8600,0.0600,n < 30 - not ranked
973f21788dfab357250f69a8dcb7ddee,MG,sports_leisure,9,5,55.5600,570.1800,248.1200,301.8200,9,6,66.6700,0.0800,n < 30 - not ranked
038b75b729c8a9a04b0d07cba7eabe86,SP,housewares,2,1,50.0000,541.2000,133.0700,116.0200,2,0,0.0000,0.0200,n < 30 - not ranked
08cdbae123ff67ca4e36d9d641ce0119,MG,furniture_living_room,4,2,50.0000,582.1600,225.2500,258.6400,4,2,50.0000,0.0300,n < 30 - not ranked
244b04680fdbded0acf5aebd9c92b44a,SP,musical_instruments,2,1,50.0000,912.3600,464.3800,905.7200,1,1,100.0000,0.0200,n < 30 - not ranked
253c025bab43881055aeecde5e2d8b77,PR,housewares,2,1,50.0000,397.5000,48.4200,76.6900,2,0,0.0000,0.0200,n < 30 - not ranked
26f6b7ab07be3e9e69ce82a6552efc19,RJ,sports_leisure,2,1,50.0000,263.6300,40.9400,170.9600,2,1,50.0000,0.0200,n < 30 - not ranked
3442f8959a84dea7ee197c632cb2df15,SP,sports_leisure,2,1,50.0000,442.1300,88.9600,174.7400,2,1,50.0000,0.0200,n < 30 - not ranked
4342d4b2ba6b161468c63a7e7cfce593,RJ,watches_gifts,2,1,50.0000,376.2200,163.7800,91.0000,2,2,100.0000,0.0200,n < 30 - not ranked
4b98b0428fc1932cc2514ef9ce2505e6,SP,,2,1,50.0000,541.7700,282.3900,44.5900,2,1,50.0000,0.0200,n < 30 - not ranked
4e85b538b0dad58852641540686d0e14,SP,garden_tools,4,2,50.0000,413.4100,149.9400,140.6600,4,1,25.0000,0.0300,n < 30 - not ranked
528bcf6680c36dddf07620bd35b33a6f,SP,health_beauty,2,1,50.0000,510.6900,95.9100,111.5500,2,0,0.0000,0.0200,n < 30 - not ranked
553a440137d6e0cf776aee0bb83ac9f5,SP,musical_instruments,2,1,50.0000,552.0400,113.8500,155.1100,2,2,100.0000,0.0200,n < 30 - not ranked
559d56f3b8f0bc2e5a9a62fe2ce2a39f,SC,baby,2,1,50.0000,295.1000,144.7100,141.4600,2,1,50.0000,0.0200,n < 30 - not ranked
5659d77e8d90378e39b960ad5956f64e,SP,health_beauty,2,1,50.0000,491.7400,94.6800,72.9000,2,1,50.0000,0.0200,n < 30 - not ranked
6f1a1263039c76e68f40a8e536b1da6a,SP,food,2,1,50.0000,1224.0100,1748.2800,428.5700,2,1,50.0000,0.0200,n < 30 - not ranked
700f03c207639c22d933381ff60b35c2,SP,pet_shop,4,2,50.0000,714.4100,270.7800,462.0100,4,1,25.0000,0.0300,n < 30 - not ranked
7c4adcc13272c0e26fa23aac642adb7b,RJ,auto,2,1,50.0000,408.6100,98.8500,66.0300,2,1,50.0000,0.0200,n < 30 - not ranked
85ecf03781da592876b7844acc1b729f,SP,health_beauty,2,1,50.0000,373.2800,116.3300,54.9500,2,0,0.0000,0.0200,n < 30 - not ranked
88ae906ea2acf6971f26c3e8b7cb4357,SP,perfumery,2,1,50.0000,288.8200,67.6100,90.8400,2,0,0.0000,0.0200,n < 30 - not ranked
8a207b6080964f3c1fc9d35bd6096ba4,SP,furniture_bedroom,2,1,50.0000,545.1300,156.7200,68.6200,2,0,0.0000,0.0200,n < 30 - not ranked
8ccf3cf69651cc1d8a02c8bfaf3b8568,SP,computers_accessories,2,1,50.0000,616.9600,57.1300,63.1200,2,0,0.0000,0.0200,n < 30 - not ranked
8e29d051f810eb22959ede205b462b9f,SP,pet_shop,2,1,50.0000,762.0600,667.6800,24.2100,2,0,0.0000,0.0200,n < 30 - not ranked
8e4f041ff58e7845456d3482524014b3,RS,baby,2,1,50.0000,577.9300,139.3200,39.5600,2,1,50.0000,0.0200,n < 30 - not ranked
92c8bc6e8f925792247656fed09aad65,SP,housewares,2,1,50.0000,322.4700,43.0800,26.0600,2,1,50.0000,0.0200,n < 30 - not ranked
9dd459b29a14bf89d47183cf2cd0e4c7,SP,auto,2,1,50.0000,158.9700,40.4100,86.8300,2,0,0.0000,0.0200,n < 30 - not ranked
a154d7316f158bb42e6fa18bbe3afd3a,SP,,2,1,50.0000,1139.6300,1024.8700,115.4100,2,1,50.0000,0.0200,n < 30 - not ranked
c1f12f926d0ba950578b4fa41115cbb6,SP,housewares,2,1,50.0000,882.0300,956.9100,109.9900,2,0,0.0000,0.0200,n < 30 - not ranked
dd4d95ba2d15c071e6c695e2ef6ce169,ES,stationery,4,2,50.0000,345.7600,149.2800,103.6200,4,0,0.0000,0.0300,n < 30 - not ranked
e09887ca8c7bf8a4621ce481820414ef,SP,furniture_decor,2,1,50.0000,1389.0800,2202.0900,1316.0200,2,1,50.0000,0.0200,n < 30 - not ranked
e4f121bf6ef8b9a1d4d3e65dd0473fab,SP,party_supplies,2,1,50.0000,512.0900,335.5300,38.7300,2,1,50.0000,0.0200,n < 30 - not ranked
e88165a185134e13fdfc85d4fa654db8,SP,sports_leisure,2,1,50.0000,219.6900,212.2500,33.2200,2,1,50.0000,0.0200,n < 30 - not ranked
ec2e006556300a79a5a91e4876ab3a56,SP,construction_tools_construction,2,1,50.0000,324.0300,303.6100,280.8100,2,2,100.0000,0.0200,n < 30 - not ranked
ec8463980a4e0ea9f8517aea1ed0c419,SC,construction_tools_lights,2,1,50.0000,269.4300,58.1900,137.3200,2,0,0.0000,0.0200,n < 30 - not ranked
eebb3372362aa9a46975164bed19a7e7,SP,telephony,4,2,50.0000,1261.9700,1500.7000,189.9400,4,1,25.0000,0.0300,n < 30 - not ranked
f682e0f848abafc6f41e0d4e868c66ef,SP,auto,2,1,50.0000,472.8000,136.1000,108.8600,2,0,0.0000,0.0200,n < 30 - not ranked
95b293867b5862941c9cd74f756a3c68,SP,telephony,9,4,44.4400,515.1400,451.9400,297.1900,9,3,33.3300,0.0600,n < 30 - not ranked
5acd070dd3fe441bbb2ec1f1ede515ee,SP,electronics,7,3,42.8600,626.7000,550.5900,35.8400,7,3,42.8600,0.0500,n < 30 - not ranked
26e2c91ef821e1ff8985f408788fe35b,SP,bed_bath_table,12,5,41.6700,629.3800,562.3600,70.2700,12,4,33.3300,0.0800,n < 30 - not ranked
397c4d0c005b6f41f90098ac724e28cb,SP,small_appliances,5,2,40.0000,385.9800,35.5800,115.9600,5,0,0.0000,0.0300,n < 30 - not ranked
6ee85be3693ed79a8e80718743d80655,SP,electronics,5,2,40.0000,698.9000,431.4000,433.9300,5,2,40.0000,0.0300,n < 30 - not ranked
fa74b2f3287d296e9fbd2cc80f2d1cf1,SP,perfumery,5,2,40.0000,729.1200,329.4200,439.9300,5,2,40.0000,0.0300,n < 30 - not ranked
538caafddff204241cecbf3a02e6b3cf,SP,baby,8,3,37.5000,415.4800,184.4700,319.9800,8,4,50.0000,0.0500,n < 30 - not ranked
c990d6cf976a5718aaedc539f383ab88,SP,telephony,8,3,37.5000,474.1800,349.6200,314.5000,8,2,25.0000,0.0500,n < 30 - not ranked
cb41bfbcbda0aea354a834ab222f9a59,SP,home_construction,11,4,36.3600,901.5300,1213.0600,182.7600,11,4,36.3600,0.0600,n < 30 - not ranked
02d35243ea2e497335cd0f076b45675d,RN,furniture_decor,12,4,33.3300,693.7700,249.0200,280.0900,12,5,41.6700,0.0600,n < 30 - not ranked
042573af89b6d931f672efaf789d8358,SP,small_appliances,3,1,33.3300,480.5900,645.7000,52.5700,3,1,33.3300,0.0200,n < 30 - not ranked
0873d9f8f36123f8d910f4760e788cfb,SP,telephony,6,2,33.3300,315.1400,111.3800,131.1300,6,2,33.3300,0.0300,n < 30 - not ranked
0dfbed20065e425d2eaefb101f9816c0,SP,baby,3,1,33.3300,517.6500,478.8100,74.5000,3,2,66.6700,0.0200,n < 30 - not ranked
1099a00e0ee3a50935e6c2447ca090c5,RJ,air_conditioning,3,1,33.3300,360.9500,84.2900,267.8600,3,1,33.3300,0.0200,n < 30 - not ranked
13fa2a6c6b9d0f43cb588d7c82117a12,SP,health_beauty,9,3,33.3300,508.6100,200.5100,126.2000,9,1,11.1100,0.0500,n < 30 - not ranked
191d55f7edb8524d525ed01b20fe32e8,DF,furniture_mattress_and_upholstery,3,1,33.3300,540.7000,306.9100,155.8500,3,2,66.6700,0.0200,n < 30 - not ranked
1ca4bdb0cd7fc48e949bac066188ed26,MG,office_furniture,3,1,33.3300,343.1600,41.6000,109.2400,3,0,0.0000,0.0200,n < 30 - not ranked
1d0997ff06b524ce9289ffd75114ecd3,PE,auto,3,1,33.3300,408.3000,142.8800,112.1500,3,1,33.3300,0.0200,n < 30 - not ranked
31be790e64fc99f8ff48ec2bd18a3104,SP,housewares,6,2,33.3300,155.8400,33.1100,97.8600,6,0,0.0000,0.0300,n < 30 - not ranked
327b89b872c14d1c0be7235ef4871685,AM,telephony,3,1,33.3300,1148.1800,912.1700,82.3200,3,2,66.6700,0.0200,n < 30 - not ranked
3d3ccf2b2f8134b10dce9dd446f0e075,SP,bed_bath_table,3,1,33.3300,402.5500,327.6500,71.5500,3,1,33.3300,0.0200,n < 30 - not ranked
3d700782d7818f2c1e0d7a9e9d75fc00,SP,pet_shop,3,1,33.3300,617.4800,357.1400,46.1700,3,1,33.3300,0.0200,n < 30 - not ranked
47648caee88ccfe951fbb27fbf7b4cbe,SP,auto,3,1,33.3300,329.3000,43.0800,69.7700,3,1,33.3300,0.0200,n < 30 - not ranked
48bad451945f5227341793478d6353ea,SP,books_general_interest,3,1,33.3300,529.9900,134.8300,258.9400,3,0,0.0000,0.0200,n < 30 - not ranked
4fb41dff7c50136976d1a5cf004a42e2,BA,watches_gifts,3,1,33.3300,1602.1100,3239.6300,59.6900,3,0,0.0000,0.0200,n < 30 - not ranked
52956b80ae65fda598f06f6b9943e7a9,PR,perfumery,3,1,33.3300,614.6200,330.2100,349.8700,3,0,0.0000,0.0200,n < 30 - not ranked
578fa3a9cb6b6dceab39231ad59cdaca,CE,books_technical,3,1,33.3300,537.5300,377.4800,87.0600,3,1,33.3300,0.0200,n < 30 - not ranked
5b97c06a046398e7005b2b7c0d707a92,MG,musical_instruments,3,1,33.3300,628.2400,44.3300,167.4100,3,0,0.0000,0.0200,n < 30 - not ranked
5e49e3a44bdeb5aab2684258bbd4f525,SC,sports_leisure,3,1,33.3300,399.8100,108.6500,52.1900,3,0,0.0000,0.0200,n < 30 - not ranked
60da8bfa7eebe230b7d66ac4082d79b3,SP,computers_accessories,3,1,33.3300,186.7500,90.3000,60.1400,3,0,0.0000,0.0200,n < 30 - not ranked
62760d278921b5f352461620d68a9cee,SP,furniture_decor,3,1,33.3300,472.3100,63.2100,94.9500,3,1,33.3300,0.0200,n < 30 - not ranked
714b9a1332840f257b49f476bea4e341,SP,computers_accessories,6,2,33.3300,775.2600,782.6400,63.9400,6,3,50.0000,0.0300,n < 30 - not ranked
76c47a299e4a8fe992316a85865acbe9,SP,health_beauty,6,2,33.3300,485.8300,424.1000,39.8400,6,0,0.0000,0.0300,n < 30 - not ranked
79a679c36c08d606b3fd47ead9de109b,SP,drinks,3,1,33.3300,280.3500,110.1300,135.5400,3,2,66.6700,0.0200,n < 30 - not ranked
821fb029fc6e495ca4f08a35d51e53a5,SP,sports_leisure,24,8,33.3300,403.0300,203.0000,50.7200,23,7,30.4300,0.1200,n < 30 - not ranked
8759e7aedd644f487315e5860962f162,SP,home_appliances,3,1,33.3300,787.2800,981.1400,101.6900,3,1,33.3300,0.0200,n < 30 - not ranked
8a40ae794fa3f9892cee24bd5af0488b,PR,telephony,6,2,33.3300,667.2600,307.2300,143.7700,6,2,33.3300,0.0300,n < 30 - not ranked
8bd0e3abda539b9479c4b44a691be1ec,RS,health_beauty,6,2,33.3300,568.5200,379.3500,338.9000,6,3,50.0000,0.0300,n < 30 - not ranked
8fbe2ee446b97e128471be4ce983dc0d,SP,health_beauty,3,1,33.3300,194.3900,183.4800,92.0200,3,2,66.6700,0.0200,n < 30 - not ranked
8fec2e460530482132c436cfb5439925,SP,toys,3,1,33.3300,524.5300,547.9400,58.5100,3,0,0.0000,0.0200,n < 30 - not ranked
9b522ba7eae9e1d04082f267144583cc,SP,garden_tools,3,1,33.3300,964.2400,1933.9700,935.5500,3,0,0.0000,0.0200,n < 30 - not ranked
9e9b539eb2806acee3f5c28085c1db9f,MG,small_appliances,3,1,33.3300,594.9100,330.3300,163.8100,3,1,33.3300,0.0200,n < 30 - not ranked
a435b009cd956ea60748b5cfbddf2e24,SP,perfumery,3,1,33.3300,729.8300,520.2700,214.0700,3,0,0.0000,0.0200,n < 30 - not ranked
aa762680c40618316a896838866140ea,PR,books_general_interest,3,1,33.3300,541.5400,281.0700,66.8300,3,1,33.3300,0.0200,n < 30 - not ranked
ab3e0c171fe84a7ba7de130f19cfb485,PR,furniture_decor,6,2,33.3300,497.0600,118.3000,195.5200,6,1,16.6700,0.0300,n < 30 - not ranked
ab91571efab27993ff2f6b36e38055c3,SP,auto,3,1,33.3300,311.9200,39.1100,214.1800,3,0,0.0000,0.0200,n < 30 - not ranked
b0b346d3a89f5eb4c2968af3f083cd43,SP,drinks,9,3,33.3300,560.4000,642.5200,107.8100,9,2,22.2200,0.0500,n < 30 - not ranked
b43d8b707f887a30f4675391098354a0,SP,small_appliances,3,1,33.3300,590.7100,768.8600,47.0800,3,1,33.3300,0.0200,n < 30 - not ranked
b56828a9f9027f3c918c04ca720d9e3c,SP,bed_bath_table,3,1,33.3300,407.3500,232.3800,269.4700,3,1,33.3300,0.0200,n < 30 - not ranked
c37b2059d4f90d4feead554e5246565e,SP,furniture_decor,9,3,33.3300,459.5200,181.0000,177.5800,9,2,22.2200,0.0500,n < 30 - not ranked
c522be04e020c1e7b79f3acff36513d5,SP,auto,6,2,33.3300,375.5800,50.5900,76.9800,6,1,16.6700,0.0300,n < 30 - not ranked
d3dcf0604eabf0224fbd5948b5e02f69,SP,toys,9,3,33.3300,423.1700,290.4700,45.7600,9,2,22.2200,0.0500,n < 30 - not ranked
d7b2377bae6ace1b11fc69a11900ac36,SP,fashion_underwear_beach,3,1,33.3300,469.0400,408.9800,75.5600,3,1,33.3300,0.0200,n < 30 - not ranked
d8d9567d0bfb0bc7eb845a205ba42657,SP,books_general_interest,3,1,33.3300,389.0000,40.6900,42.6800,3,0,0.0000,0.0200,n < 30 - not ranked
e504a4e2efaa45cbff7e268a2c58c956,SP,housewares,9,3,33.3300,324.2700,176.0400,189.6300,9,2,22.2200,0.0500,n < 30 - not ranked
e82de6494d91d3c4c54450f59b227a94,SP,watches_gifts,3,1,33.3300,448.3600,524.3700,66.3200,2,0,0.0000,0.0200,n < 30 - not ranked
ebef8d8c92b4fd3226e5d407bbff21ac,SP,sports_leisure,3,1,33.3300,962.8100,1573.7200,28.3800,3,1,33.3300,0.0200,n < 30 - not ranked
f44bdc12aa39f5271f0b95f66cd4c289,SP,auto,3,1,33.3300,348.3000,48.5800,81.4400,3,0,0.0000,0.0200,n < 30 - not ranked
f6122bc84774df1b372bdb3bb88ddb9f,SP,computers_accessories,3,1,33.3300,374.8800,159.7800,76.9500,3,1,33.3300,0.0200,n < 30 - not ranked
b19f3ca2ea475913750f25a5c37c8d8f,MG,housewares,19,6,31.5800,441.3600,262.8100,289.1800,19,7,36.8400,0.0900,n < 30 - not ranked
02dcd3e8e25bee036e32512bcf175493,MG,stationery,13,4,30.7700,410.1400,243.8500,101.1100,13,3,23.0800,0.0600,n < 30 - not ranked
054694fa03fe82cec4b7551487331d74,SP,small_appliances,20,6,30.0000,739.0300,857.8600,249.8400,20,6,30.0000,0.0900,n < 30 - not ranked
7f152321c60a266edc53af1925ef96c1,SC,sports_leisure,20,6,30.0000,563.2700,432.3000,92.6600,20,5,25.0000,0.0900,n < 30 - not ranked
c4d51195486dc781531876a7d00453d8,SP,telephony,17,5,29.4100,569.6100,232.8200,144.3300,17,2,11.7600,0.0800,n < 30 - not ranked
f76a3b1349b6df1ee875d1f3fa4340f0,SP,housewares,24,7,29.1700,408.5400,235.5200,206.2000,24,7,29.1700,0.1100,n < 30 - not ranked
20b54c376b794ed028df09a3cd88e8dc,SP,fixed_telephony,7,2,28.5700,507.8800,281.5300,247.5200,7,1,14.2900,0.0300,n < 30 - not ranked
2bf28e311bba65237358230cabac3f15,PR,costruction_tools_garden,7,2,28.5700,273.0700,48.3900,95.4100,7,2,28.5700,0.0300,n < 30 - not ranked
5b35136197710e16ac5e7b7c2bd4ea85,RJ,housewares,7,2,28.5700,441.3500,270.6700,69.7100,7,4,57.1400,0.0300,n < 30 - not ranked
656591be56071d4c9ef4e5fee78a578a,SP,office_furniture,7,2,28.5700,355.4000,63.1100,164.1500,7,0,0.0000,0.0300,n < 30 - not ranked
79565f7d5603b24ddf07ade262547f2f,SP,auto,7,2,28.5700,317.7800,35.4700,26.3800,7,1,14.2900,0.0300,n < 30 - not ranked
7daca0837f033a41a6f3428c18657533,SP,housewares,7,2,28.5700,344.0000,153.9900,128.1600,7,2,28.5700,0.0300,n < 30 - not ranked
c42fd8e4d47dfb18ce5222f2dd7752f9,SP,furniture_decor,7,2,28.5700,632.1800,544.6200,340.2600,5,1,20.0000,0.0300,n < 30 - not ranked
822bad9bc42b51213ba522fe87b7ab5d,SC,telephony,18,5,27.7800,639.7500,596.8900,136.4700,18,2,11.1100,0.0800,n < 30 - not ranked
91f0eec23d4a61d7d7caeefa3f0ad1ca,SC,auto,11,3,27.2700,627.4700,637.0200,42.8100,11,3,27.2700,0.0500,n < 30 - not ranked
eb4df17aed01d918c65f0f8d650900c0,SP,auto,11,3,27.2700,309.5900,109.4400,144.5600,11,2,18.1800,0.0500,n < 30 - not ranked
0725b8c0f3f906e58f70cbe76b7c748c,SP,housewares,15,4,26.6700,323.5400,107.6600,138.1600,15,4,26.6700,0.0600,n < 30 - not ranked
3a1a1fec38dd360f15fc912e821e169d,SP,auto,15,4,26.6700,346.4100,199.3200,84.1900,15,3,20.0000,0.0600,n < 30 - not ranked
1dfe5347016252a7884b694d4f10f5c4,SP,bed_bath_table,19,5,26.3200,462.5000,185.2400,60.8800,19,5,26.3200,0.0800,n < 30 - not ranked
0692610d8abe24f287e9fae90ea0bbee,SP,computers_accessories,4,1,25.0000,158.4800,64.5400,112.5000,4,0,0.0000,0.0200,n < 30 - not ranked
08061dc0fc165ed41288cc7acde738ee,SP,computers_accessories,4,1,25.0000,481.6400,209.0900,207.4200,4,0,0.0000,0.0200,n < 30 - not ranked
081acf3de680d554796c9cf041be7bc2,MG,furniture_decor,4,1,25.0000,372.3200,45.5600,103.5400,4,1,25.0000,0.0200,n < 30 - not ranked
09883d9ab71c8fe8a9bfc7fc3075b07e,SP,health_beauty,4,1,25.0000,346.5200,113.4600,57.9400,4,1,25.0000,0.0200,n < 30 - not ranked
0aea4c6ae1505b3228ddf3dd7822ee5b,SP,watches_gifts,8,2,25.0000,442.4400,327.6800,41.3700,8,1,12.5000,0.0300,n < 30 - not ranked
0d83f8e03188682112cc0d93523705cc,RS,computers_accessories,4,1,25.0000,405.9500,498.0500,78.6400,4,1,25.0000,0.0200,n < 30 - not ranked
12c2ed9cded6138cf0c75f525f565fc7,SP,bed_bath_table,4,1,25.0000,322.6200,45.1600,86.7900,4,0,0.0000,0.0200,n < 30 - not ranked
1976a05ecf2996d6ffb7b5430e635fe7,SP,furniture_decor,8,2,25.0000,423.0200,124.5300,181.0000,8,2,25.0000,0.0300,n < 30 - not ranked
1d1bbb8ac1581824986f582583fff01d,SC,health_beauty,4,1,25.0000,219.9200,137.3100,84.5800,4,1,25.0000,0.0200,n < 30 - not ranked
1d2732ef8321502ee8488e8bed1ab8cd,RJ,computers_accessories,4,1,25.0000,292.1900,190.9700,118.2500,4,1,25.0000,0.0200,n < 30 - not ranked
2b5ed0c9139dae8883a200dfcb272ece,SP,stationery,4,1,25.0000,404.9100,635.6500,81.7300,4,0,0.0000,0.0200,n < 30 - not ranked
32f1bb9dfa65bc7df5c0d9d95a616be4,SP,housewares,4,1,25.0000,158.1500,46.2100,77.3800,4,1,25.0000,0.0200,n < 30 - not ranked
3903c788ded8dc03b5ebab37a2f3e9a1,SP,health_beauty,4,1,25.0000,247.8200,62.7000,129.8600,4,0,0.0000,0.0200,n < 30 - not ranked
3e8bd881d92466e63ba9e3e809cd3c50,RJ,consoles_games,8,2,25.0000,335.3700,88.6800,35.3200,7,0,0.0000,0.0300,n < 30 - not ranked
4091f77d8c768fc3e81c20761471761d,SP,baby,8,2,25.0000,432.7700,296.6700,55.2400,8,3,37.5000,0.0300,n < 30 - not ranked
4170f6a9367e6b5d6401d03ce6d54569,DF,computers_accessories,4,1,25.0000,595.2800,717.4600,382.5400,4,1,25.0000,0.0200,n < 30 - not ranked
4dc646b9b9e8e411ef48ba000ea3ac6f,SP,perfumery,4,1,25.0000,275.0600,47.8100,53.0200,4,2,50.0000,0.0200,n < 30 - not ranked
4deebb3199eeafb282ae33229144f94b,SP,signaling_and_security,4,1,25.0000,243.8300,88.1500,138.0000,4,1,25.0000,0.0200,n < 30 - not ranked
55c96925041a14097b6a7825554f4ad5,SP,furniture_decor,4,1,25.0000,270.5000,37.7000,125.3800,4,0,0.0000,0.0200,n < 30 - not ranked
579891617139df7d8671d373f0669622,RJ,books_general_interest,8,2,25.0000,442.1000,137.0100,234.0700,8,1,12.5000,0.0300,n < 30 - not ranked
5b0cc932433fa5184b5b94bfe6bcc256,SP,furniture_bedroom,12,3,25.0000,284.1300,133.4000,141.4700,12,4,33.3300,0.0500,n < 30 - not ranked
6bd503a8230299c9316fb0f726933927,GO,health_beauty,4,1,25.0000,235.7100,44.5300,66.1300,4,0,0.0000,0.0200,n < 30 - not ranked
72146da5774cabf2632faedcae097a76,PR,signaling_and_security,4,1,25.0000,862.5400,1841.6500,103.1900,4,1,25.0000,0.0200,n < 30 - not ranked
74636e24f01da9268b0ed88dacd8513e,SP,housewares,4,1,25.0000,315.1000,167.8100,17.9300,4,1,25.0000,0.0200,n < 30 - not ranked
7a91bf945c6fae0779f1c61ce97fe45c,RJ,health_beauty,4,1,25.0000,1052.3800,2351.3200,157.8700,4,0,0.0000,0.0200,n < 30 - not ranked
8d899e15a5925f097cca50faa49b15e3,SP,furniture_decor,4,1,25.0000,145.6300,135.3100,77.6300,4,1,25.0000,0.0200,n < 30 - not ranked
9485a23c0430ba1d58d359391606fce6,SP,auto,4,1,25.0000,321.9200,36.9700,16.7900,4,0,0.0000,0.0200,n < 30 - not ranked
9853a239ab7b7ebbdc3a21248d5b8e1f,PR,housewares,4,1,25.0000,430.9900,187.8700,141.8500,4,1,25.0000,0.0200,n < 30 - not ranked
9cad4b68bb993ee401a3c5aaa2bc26dd,SP,health_beauty,4,1,25.0000,512.3900,379.6600,55.9200,4,2,50.0000,0.0200,n < 30 - not ranked
a13aaf2d2886ab9fb30fb9a920160b8f,SC,musical_instruments,4,1,25.0000,224.4300,49.2000,20.1200,4,0,0.0000,0.0200,n < 30 - not ranked
aeb36d67f1414f234d42a29e27cf1f17,SP,auto,4,1,25.0000,467.2800,138.1100,222.1000,4,0,0.0000,0.0200,n < 30 - not ranked
b5abf4f36adc043117b4fca82c22984c,DF,bed_bath_table,8,2,25.0000,472.8300,300.8600,319.6700,8,3,37.5000,0.0300,n < 30 - not ranked
bd4ff04377f974574f7f0bf9d6ce7dde,SP,furniture_decor,4,1,25.0000,527.8300,113.5600,424.9000,4,1,25.0000,0.0200,n < 30 - not ranked
c8660dcf9ba70575f45d80fe28c27713,SP,pet_shop,4,1,25.0000,359.7900,41.7100,58.4600,4,0,0.0000,0.0200,n < 30 - not ranked
e1b12447a7563944843191754aeb5562,SP,sports_leisure,8,2,25.0000,323.4800,124.5600,49.7800,8,0,0.0000,0.0300,n < 30 - not ranked
e5f9e61ceb5f523cc966e0f34095032f,SC,computers_accessories,4,1,25.0000,486.0500,46.0700,168.7600,4,1,25.0000,0.0200,n < 30 - not ranked
e64d65bc8dbec2accda90c58de5d1246,SP,health_beauty,12,3,25.0000,323.8300,130.2100,105.0200,12,5,41.6700,0.0500,n < 30 - not ranked
e819bcfade7b5d88a27325eb6cfd62c5,SP,furniture_decor,4,1,25.0000,270.8500,62.7500,194.6400,4,0,0.0000,0.0200,n < 30 - not ranked
e9729944ba65dc3ce425e0c5a22ae7b2,RJ,garden_tools,4,1,25.0000,243.3500,39.4000,60.1200,4,0,0.0000,0.0200,n < 30 - not ranked
f22a247b79dd22ecd91dc8e3b2a1b07c,SP,health_beauty,8,2,25.0000,432.8100,749.9500,14.7600,8,1,12.5000,0.0300,n < 30 - not ranked
f9d010e39375d9c91dce3f40b73a2f84,SP,toys,4,1,25.0000,416.3800,87.9100,79.8300,4,1,25.0000,0.0200,n < 30 - not ranked
fce62094ffe6a4009188ec44e681dfdd,SP,furniture_decor,4,1,25.0000,324.0600,371.4800,63.6600,4,1,25.0000,0.0200,n < 30 - not ranked
4e5725ba188db8252977a4f0227bd462,SP,computers_accessories,21,5,23.8100,503.3500,378.2200,76.7200,21,7,33.3300,0.0800,n < 30 - not ranked
5bc55dbe2f12b6af6d83ed46023e0dc8,MG,sports_leisure,17,4,23.5300,334.2800,283.1400,87.9000,17,10,58.8200,0.0600,n < 30 - not ranked
0417b067eeab773d2f7061a726dc477f,SC,auto,13,3,23.0800,421.3800,287.9200,43.1300,13,3,23.0800,0.0500,n < 30 - not ranked
13074f016982ff2bd6c58ced8682f000,RS,kitchen_dining_laundry_garden_furniture,13,3,23.0800,357.2900,258.9700,102.9900,13,1,7.6900,0.0500,n < 30 - not ranked
5abb8ea023c77787f2c15da891c8d384,SC,cine_photo,13,3,23.0800,472.2800,151.1300,151.5800,13,2,15.3800,0.0500,n < 30 - not ranked
5f67c6082caacb26e431a7b17940cece,PR,computers_accessories,13,3,23.0800,547.9000,435.4900,199.7000,13,3,23.0800,0.0500,n < 30 - not ranked
2379bdc3888025689a9deb7b141507d5,SP,perfumery,9,2,22.2200,442.2000,605.0100,90.9300,9,1,11.1100,0.0300,n < 30 - not ranked
2dcf93836ae3ce0d7c93e2f10876467a,SP,housewares,9,2,22.2200,155.9000,76.0200,49.0500,9,1,11.1100,0.0300,n < 30 - not ranked
5ee7fd217d08dfe5d3e2f51f96a12c9a,SP,auto,9,2,22.2200,404.5900,137.0600,52.8800,9,3,33.3300,0.0300,n < 30 - not ranked
5eeb9c756d9780b96283e5a2ac6da334,SP,sports_leisure,9,2,22.2200,398.6000,284.8600,35.7500,9,1,11.1100,0.0300,n < 30 - not ranked
85cc55e048b6bcc90c75afe7f0e72f72,RJ,computers_accessories,9,2,22.2200,315.6800,295.9800,35.0200,9,1,11.1100,0.0300,n < 30 - not ranked
9449f25aeaf531019b76999ea49a6949,RJ,health_beauty,9,2,22.2200,326.7500,149.6400,70.7900,9,1,11.1100,0.0300,n < 30 - not ranked
b87a7ea0c30fad2dd6781b74a0064859,SP,auto,9,2,22.2200,365.8400,364.6800,55.9600,9,3,33.3300,0.0300,n < 30 - not ranked
c878515173c84a492ebe50d6b493230b,PR,sports_leisure,9,2,22.2200,403.1600,202.0100,91.1600,9,2,22.2200,0.0300,n < 30 - not ranked
7fc87cc3e89b3d1d5cabdca32f8485aa,SP,office_furniture,14,3,21.4300,473.7800,197.3700,367.1300,14,4,28.5700,0.0500,n < 30 - not ranked
a44fb5a447105f8469bdf16bf9159f25,RS,sports_leisure,19,4,21.0500,341.8300,182.1300,116.8700,19,3,15.7900,0.0600,n < 30 - not ranked
0249d282d911d23cb8b869ab49c99f53,SP,sports_leisure,10,2,20.0000,258.0900,162.0600,117.7500,10,1,10.0000,0.0300,n < 30 - not ranked
039e6ad9dae79614493083e241147386,SP,garden_tools,5,1,20.0000,350.2500,283.6200,98.6300,5,1,20.0000,0.0200,n < 30 - not ranked
05e107217c7266362fd44b75b2cd4cc4,SP,stationery,5,1,20.0000,196.4900,26.5300,54.6500,5,0,0.0000,0.0200,n < 30 - not ranked
167fd940acebc789debd6eb418c46e38,SP,auto,5,1,20.0000,372.0200,64.4700,107.2500,5,2,40.0000,0.0200,n < 30 - not ranked
180c3376aff0e43dd5788709df48a843,SP,fixed_telephony,5,1,20.0000,497.0400,69.0800,95.3000,5,1,20.0000,0.0200,n < 30 - not ranked
282c7480173bb9c01dd41cc739fec010,SP,health_beauty,5,1,20.0000,345.7500,137.5500,60.7400,4,1,25.0000,0.0200,n < 30 - not ranked
2aa3443d7bf9d9bb11133f420d75e083,RJ,sports_leisure,10,2,20.0000,253.7700,43.5900,54.3900,10,4,40.0000,0.0300,n < 30 - not ranked
4b1eaadf791bdbbad8c4a35b65236d52,SP,consoles_games,5,1,20.0000,541.1100,129.9700,427.7900,5,3,60.0000,0.0200,n < 30 - not ranked
5236605f4d4b0b3e4df85b850393fca0,SP,sports_leisure,5,1,20.0000,251.8200,68.2100,86.0600,5,0,0.0000,0.0200,n < 30 - not ranked
56e361f411e38dcef17cdc2a3d99628b,SP,computers_accessories,5,1,20.0000,247.3800,94.5400,45.8600,5,1,20.0000,0.0200,n < 30 - not ranked
6861de0f40cacb0602e473c51639f980,PR,office_furniture,5,1,20.0000,332.0700,161.2500,64.1800,5,1,20.0000,0.0200,n < 30 - not ranked
6bd69102ab48df500790a8cecfc285c2,SP,agro_industry_and_commerce,5,1,20.0000,390.1100,575.5600,185.7400,5,3,60.0000,0.0200,n < 30 - not ranked
6cf476a4ca74498db55cbccdaa9dcfb6,SP,fashion_underwear_beach,5,1,20.0000,824.2800,202.0700,558.0100,5,2,40.0000,0.0200,n < 30 - not ranked
717b78b0950b51ed00b1471d858b0edc,SP,housewares,5,1,20.0000,511.9100,715.2700,119.8400,5,1,20.0000,0.0200,n < 30 - not ranked
741f8c587cb4248ebc5b779a0e8e0e51,SP,housewares,5,1,20.0000,317.7400,186.5300,187.4100,5,1,20.0000,0.0200,n < 30 - not ranked
7b8e8ec35bad4b0ef7e3963650b0a87b,SC,auto,5,1,20.0000,525.6500,1406.8300,44.8500,5,0,0.0000,0.0200,n < 30 - not ranked
80f2cf9abf6b5a0e5c612b5eea6646e6,SP,baby,5,1,20.0000,283.7400,91.7800,39.0500,5,0,0.0000,0.0200,n < 30 - not ranked
83353a83fd769dfafa4f21a72b15e3e5,SP,sports_leisure,5,1,20.0000,445.4400,350.0900,99.8400,5,1,20.0000,0.0200,n < 30 - not ranked
83b08de96980757220871b31bf6cffca,RJ,construction_tools_construction,5,1,20.0000,332.6000,195.7900,98.2000,5,1,20.0000,0.0200,n < 30 - not ranked
851773c885feb5e2da3b4f82bc2b17ce,SP,health_beauty,10,2,20.0000,399.8500,208.2300,37.5000,10,1,10.0000,0.0300,n < 30 - not ranked
8e34331b7eedd03be4e5d965c1956225,SP,books_general_interest,5,1,20.0000,334.7600,144.7800,72.9700,5,0,0.0000,0.0200,n < 30 - not ranked
921323538c9f1c4e816f2720eac02bea,SP,sports_leisure,15,3,20.0000,204.8100,170.0200,49.0000,15,2,13.3300,0.0500,n < 30 - not ranked
9c068d10aca38e85c50202e17b4a7e88,MS,auto,15,3,20.0000,424.3300,180.6900,149.3800,14,2,14.2900,0.0500,n < 30 - not ranked
a066df7361163e7ddc5d7452dd17448b,SP,telephony,15,3,20.0000,377.7100,117.5600,46.6600,15,2,13.3300,0.0500,n < 30 - not ranked
a13580f0e8f782b7a543885a0ef99f08,RJ,perfumery,10,2,20.0000,601.1700,103.0500,121.1300,10,0,0.0000,0.0300,n < 30 - not ranked
b566ab0ef88016e00422755e305103c6,MG,health_beauty,5,1,20.0000,313.1500,379.8700,29.0400,5,2,40.0000,0.0200,n < 30 - not ranked
bca9230d3bbb4efa51872bf605a2f1ad,SP,books_general_interest,5,1,20.0000,169.3400,113.2000,113.7600,5,1,20.0000,0.0200,n < 30 - not ranked
bdb3edbaee43a761e2d4f258dc08f348,SP,stationery,5,1,20.0000,286.7100,168.3100,69.0100,5,1,20.0000,0.0200,n < 30 - not ranked
d32e3909cfb714fb2a6cb092c85b9c5f,SP,housewares,10,2,20.0000,540.2600,200.6400,267.6200,10,3,30.0000,0.0300,n < 30 - not ranked
d5c530f4884a75ae0dba9c148718d278,MG,housewares,5,1,20.0000,246.7900,24.2400,59.4600,5,1,20.0000,0.0200,n < 30 - not ranked
d79e8478eed9999493990b44955fb22e,RJ,computers_accessories,5,1,20.0000,196.7800,42.7900,16.3700,4,1,25.0000,0.0200,n < 30 - not ranked
ec4608a1f76453166bb312b2968aeaf4,SP,furniture_decor,15,3,20.0000,393.5900,486.3500,237.3800,15,4,26.6700,0.0500,n < 30 - not ranked
f783a638e9c6af4a7d0dbfde811e7a81,SP,toys,5,1,20.0000,423.5100,785.8900,36.8200,5,1,20.0000,0.0200,n < 30 - not ranked
ff69aa92bb6b1bf9b8b7a51c2ed9cf8b,SP,baby,20,4,20.0000,275.0900,249.3100,41.5100,20,6,30.0000,0.0600,n < 30 - not ranked
099095b050cfe8eb1ddff5317587e96e,SP,housewares,16,3,18.7500,272.0300,376.7700,56.3000,16,6,37.5000,0.0500,n < 30 - not ranked
86bb7c4b535e49a541baf3266b1c95b1,SP,toys,16,3,18.7500,483.3100,748.0300,107.1400,15,6,40.0000,0.0500,n < 30 - not ranked
89bc797e2e29667aa035d4368f9b7f92,SP,telephony,16,3,18.7500,369.3300,165.4400,206.8200,16,3,18.7500,0.0500,n < 30 - not ranked
adcf50477d6a1f5d91bb9d54c4903cb5,MG,sports_leisure,16,3,18.7500,563.7600,115.3800,294.5000,16,4,25.0000,0.0500,n < 30 - not ranked
04aa0a1c5ce6b222003403a3e11c3cc0,SP,auto,11,2,18.1800,420.5500,151.3900,103.8600,11,2,18.1800,0.0300,n < 30 - not ranked
082e0bf4cb865a6533b1e8e498cc0255,SP,garden_tools,11,2,18.1800,344.7800,141.6300,49.3900,11,4,36.3600,0.0300,n < 30 - not ranked
1b7e5006cb25dd23ce8686691013b121,SP,health_beauty,11,2,18.1800,371.6800,79.2800,172.6600,11,1,9.0900,0.0300,n < 30 - not ranked
39c763cca83e654764b7a4a650fb9b7c,GO,sports_leisure,11,2,18.1800,323.7800,284.3800,56.1100,11,3,27.2700,0.0300,n < 30 - not ranked
5b581417df4480f632484ba681e53944,SC,toys,11,2,18.1800,441.8800,235.9700,78.3100,11,2,18.1800,0.0300,n < 30 - not ranked
7586919161935337bf6b6d7ff5779648,RJ,sports_leisure,11,2,18.1800,419.9600,747.9500,71.7100,11,3,27.2700,0.0300,n < 30 - not ranked
b55638ad525e906c698fa2ce742c1742,SC,pet_shop,11,2,18.1800,562.3500,164.8900,257.0500,11,0,0.0000,0.0300,n < 30 - not ranked
bc07d855eac23aab5ac8a120f21d16b2,SP,health_beauty,11,2,18.1800,321.2100,162.5100,59.2900,11,1,9.0900,0.0300,n < 30 - not ranked
bd15ee794d5e640d9dd71b665b2ab15b,SP,sports_leisure,11,2,18.1800,362.7400,294.3800,134.3900,11,2,18.1800,0.0300,n < 30 - not ranked
cb5df0dcb9e280b1780e9d589889f2c7,SP,furniture_bedroom,11,2,18.1800,517.6000,299.3500,191.4600,10,3,30.0000,0.0300,n < 30 - not ranked
d17f467e4bf608a510c20d82f4ba3b6b,RS,agro_industry_and_commerce,11,2,18.1800,289.4500,95.3500,131.6100,11,0,0.0000,0.0300,n < 30 - not ranked
d9e7e7778b32987280a6f2cb9a39c57d,SP,health_beauty,11,2,18.1800,443.1800,149.8100,104.7200,11,3,27.2700,0.0300,n < 30 - not ranked
2a61c271b1ac763450d846849783e922,SP,health_beauty,17,3,17.6500,446.3700,213.2000,47.0500,17,3,17.6500,0.0500,n < 30 - not ranked
2e1a7d075abe038c1b2743005fe42ff1,SP,health_beauty,17,3,17.6500,293.5100,70.5600,76.7400,17,2,11.7600,0.0500,n < 30 - not ranked
f08c008c8a8d31417763738a1788a2a8,PR,sports_leisure,17,3,17.6500,505.2300,972.2400,66.7000,16,3,18.7500,0.0500,n < 30 - not ranked
850913d59ce317156b00f3705f1c3edb,SP,telephony,29,5,17.2400,324.8600,136.4100,135.2600,29,9,31.0300,0.0800,n < 30 - not ranked
00720abe85ba0859807595bbf045a33b,SP,housewares,12,2,16.6700,301.9400,245.8400,93.4200,12,3,25.0000,0.0300,n < 30 - not ranked
0e44d110fa6a54e121cb2c095a77762f,SP,stationery,6,1,16.6700,288.0400,155.7900,111.0200,6,1,16.6700,0.0200,n < 30 - not ranked
14ee35374a7876217954b5fa08e50463,SP,bed_bath_table,6,1,16.6700,412.0000,115.9800,60.2700,6,0,0.0000,0.0200,n < 30 - not ranked
15ead3a5037a918ddb520dfe39a3d2b9,MG,books_general_interest,6,1,16.6700,423.6400,88.4800,94.5500,6,0,0.0000,0.0200,n < 30 - not ranked
2ba91c7ad80ff88b23b7db823b43c233,SP,pet_shop,6,1,16.6700,447.7000,324.5400,30.9000,6,1,16.6700,0.0200,n < 30 - not ranked
2f09f7d37a97956d11cc1a7cadd5262b,SP,sports_leisure,6,1,16.6700,306.8500,62.1600,97.1800,6,1,16.6700,0.0200,n < 30 - not ranked
30c7f28fd3a5897b2c82d152bb760c17,RJ,toys,6,1,16.6700,495.6600,165.7200,243.5500,5,4,80.0000,0.0200,n < 30 - not ranked
35857757f553273b1056c1cabdace7fb,SP,auto,6,1,16.6700,436.9900,375.3800,50.4000,6,1,16.6700,0.0200,n < 30 - not ranked
38874e327ce94d11390b96eb42d61928,SP,office_furniture,6,1,16.6700,479.0100,109.7600,350.3300,6,0,0.0000,0.0200,n < 30 - not ranked
3dfd3dc96f7f8598eca74e9ac8a2fa31,SP,housewares,6,1,16.6700,293.5300,255.9500,63.9600,6,1,16.6700,0.0200,n < 30 - not ranked
3f2af2670e104d1bcb54022274daeac5,PR,furniture_decor,6,1,16.6700,468.3600,163.7500,86.1400,6,2,33.3300,0.0200,n < 30 - not ranked
4ef4c39cf3c24f326434cf0b2e48046a,SP,sports_leisure,6,1,16.6700,347.6800,65.5900,89.7900,6,1,16.6700,0.0200,n < 30 - not ranked
50770d25768b0486d89be26afca3108f,SP,books_general_interest,6,1,16.6700,323.5600,303.7400,73.3000,6,1,16.6700,0.0200,n < 30 - not ranked
5d378b73ab7dd6f0418d743e5dcb0bd1,SP,,6,1,16.6700,731.7300,2400.3200,598.0600,6,1,16.6700,0.0200,n < 30 - not ranked
70849ca4f400aaabb62cb7462a6f1428,MG,musical_instruments,12,2,16.6700,261.9800,138.3800,88.4700,12,1,8.3300,0.0300,n < 30 - not ranked
71271995e85f5b8530be99ed54a91b89,RS,housewares,6,1,16.6700,295.4300,207.2800,162.2000,6,2,33.3300,0.0200,n < 30 - not ranked
78744a20ee2f80ba64f6804c25def2b8,PE,furniture_decor,6,1,16.6700,455.0900,358.0700,101.6400,6,1,16.6700,0.0200,n < 30 - not ranked
9906e7aa42a3c067b7c9a564d01c4320,PR,sports_leisure,12,2,16.6700,395.1700,266.8900,31.5600,12,1,8.3300,0.0300,n < 30 - not ranked
9da1ca0bef29ee170e541927a5aeabdc,SP,cool_stuff,6,1,16.6700,403.2900,302.3000,54.9200,6,2,33.3300,0.0200,n < 30 - not ranked
a1474fd46fd3430168f7ec202da39408,SP,auto,12,2,16.6700,431.4000,138.7700,44.6400,12,1,8.3300,0.0300,n < 30 - not ranked
a254c682cc01e119f83530446f1df9a9,SP,pet_shop,6,1,16.6700,361.6600,62.1100,40.1800,6,1,16.6700,0.0200,n < 30 - not ranked
a4b6b9b992b46e9ef863637af96e04bc,SC,garden_tools,6,1,16.6700,439.4600,106.8700,66.0200,6,1,16.6700,0.0200,n < 30 - not ranked
a67780aba9dd436e7ac0aa1f889e73ec,SP,sports_leisure,6,1,16.6700,519.1900,44.8300,180.8100,6,1,16.6700,0.0200,n < 30 - not ranked
af7cdac9d9897cddead9c6b08976c642,SP,toys,6,1,16.6700,365.4000,378.3800,42.2200,6,1,16.6700,0.0200,n < 30 - not ranked
bbaff50f3b708fda865918715276cd87,SP,food_drink,12,2,16.6700,244.7400,67.5900,76.4900,12,0,0.0000,0.0300,n < 30 - not ranked
ccb83a794700270fde70898fe9ff368b,SC,sports_leisure,12,2,16.6700,398.2100,347.8700,46.3800,12,1,8.3300,0.0300,n < 30 - not ranked
cf8ab1616079e2793aa29d524df01bb1,SP,sports_leisure,6,1,16.6700,633.7700,45.5700,389.7200,6,4,66.6700,0.0200,n < 30 - not ranked
eba88037e1dca898cd02881f67ced679,SP,stationery,6,1,16.6700,275.7700,310.3800,39.5700,6,1,16.6700,0.0200,n < 30 - not ranked
ecccfa2bb93b34a3bf033cc5d1dcdc69,PR,health_beauty,12,2,16.6700,770.8800,455.5900,544.3400,12,5,41.6700,0.0300,n < 30 - not ranked
edd066cd02126d7800f9b66e980e9931,DF,housewares,6,1,16.6700,285.5300,45.3000,53.9300,6,0,0.0000,0.0200,n < 30 - not ranked
f419677537694f0462a91990df6ca44f,SP,,6,1,16.6700,342.0100,236.4800,184.2400,6,1,16.6700,0.0200,n < 30 - not ranked
f593898ec748b7a8cb81fc04edafd98a,SP,toys,18,3,16.6700,407.7600,195.9800,118.5400,18,5,27.7800,0.0500,n < 30 - not ranked
fe87f472055fbcf1d7e691c00b1560dc,SP,housewares,6,1,16.6700,144.0500,265.4800,81.5400,6,0,0.0000,0.0200,n < 30 - not ranked
3b872fd4747f01cc56206f2934198618,SP,bed_bath_table,25,4,16.0000,347.7000,174.5700,59.0600,25,4,16.0000,0.0600,n < 30 - not ranked
36890be00bbfc1cdb9a4a38a6af05a69,SP,baby,13,2,15.3800,226.0000,115.7000,78.2800,13,2,15.3800,0.0300,n < 30 - not ranked
4aba391bc3b88717ce08eb11e44937b2,BA,sports_leisure,26,4,15.3800,404.1700,378.0500,61.7300,26,5,19.2300,0.0600,n < 30 - not ranked
5b07547f10dd980738a1a27f685af669,SP,health_beauty,13,2,15.3800,150.1900,66.5200,63.4200,13,1,7.6900,0.0300,n < 30 - not ranked
655220df33262c7e0c4949a147366f94,SP,luggage_accessories,13,2,15.3800,331.0500,356.6700,36.4700,13,2,15.3800,0.0300,n < 30 - not ranked
6f229cc508fc6915ed5c499efd93baa4,RJ,sports_leisure,13,2,15.3800,221.9200,177.8600,48.3200,13,2,15.3800,0.0300,n < 30 - not ranked
e0878efa0e0b7e5313ac0b43bc04c081,PR,toys,26,4,15.3800,435.2100,306.8900,70.6700,26,7,26.9200,0.0600,n < 30 - not ranked
1a932caad4f9d804097d7f8e615baed1,SP,construction_tools_construction,20,3,15.0000,229.0300,164.1900,35.0200,20,4,20.0000,0.0500,n < 30 - not ranked
f918546be4bec7104d117789ba758b2b,SP,garden_tools,20,3,15.0000,296.6100,241.4300,51.9200,20,4,20.0000,0.0500,n < 30 - not ranked
57c764b4a836300be881e2ff86e449f9,SP,housewares,27,4,14.8100,379.5600,127.6000,60.9700,26,2,7.6900,0.0600,n < 30 - not ranked
d97df38225e5abadaff1e72cb72b823c,SP,auto,27,4,14.8100,295.9900,296.8800,48.5500,26,5,19.2300,0.0600,n < 30 - not ranked
014c0679dd340a0e338872e7ec85666a,MG,kitchen_dining_laundry_garden_furniture,14,2,14.2900,474.3200,166.9300,135.7900,14,2,14.2900,0.0300,n < 30 - not ranked
13f57c12a00ed4610db646b913a7f5c6,SP,auto,7,1,14.2900,297.0000,60.6900,69.2700,7,0,0.0000,0.0200,n < 30 - not ranked
20a8b0dc55da94fe74d112082427c84f,SP,baby,7,1,14.2900,197.6500,90.4800,87.7800,7,1,14.2900,0.0200,n < 30 - not ranked
2156f2671501a81034d7d07f217609d0,SP,computers_accessories,21,3,14.2900,366.7700,183.3800,80.8300,21,3,14.2900,0.0500,n < 30 - not ranked
218f991754f360af9c2daa5e0b8e990c,SP,housewares,14,2,14.2900,332.6800,455.1100,80.9900,14,3,21.4300,0.0300,n < 30 - not ranked
28f10b1c5e5abb9d4857745bede6147c,SP,electronics,28,4,14.2900,183.3000,138.9900,42.3100,28,5,17.8600,0.0600,n < 30 - not ranked
2b03ac196f5ed62ac483960fe0fa3b65,SP,health_beauty,7,1,14.2900,309.4300,356.7800,39.0500,7,1,14.2900,0.0200,n < 30 - not ranked
2c3d56f92f360fb89d849b84e8f50eae,SP,health_beauty,7,1,14.2900,326.8200,138.0900,49.6000,7,3,42.8600,0.0200,n < 30 - not ranked
2e7ea2aafec5835e781b21d6d1faf1f1,SP,health_beauty,7,1,14.2900,171.8400,43.3100,62.0800,6,0,0.0000,0.0200,n < 30 - not ranked
35fb511489d9ee3ee27a76debce9df06,PR,pet_shop,7,1,14.2900,403.4100,210.8100,109.7000,7,1,14.2900,0.0200,n < 30 - not ranked
37dd29b36c458d82f74a953c40c43645,SP,home_construction,7,1,14.2900,442.9600,95.4400,147.5100,7,2,28.5700,0.0200,n < 30 - not ranked
3968920b9aa752ab98f7d5888c9252f2,SP,housewares,7,1,14.2900,243.8500,64.3100,40.7100,7,1,14.2900,0.0200,n < 30 - not ranked
3d4824f20035949c710eaf111f869d39,SP,music,7,1,14.2900,220.5500,133.6400,109.8200,7,2,28.5700,0.0200,n < 30 - not ranked
4c61e37f664c3c88aff092aa5ac779d7,RJ,consoles_games,7,1,14.2900,379.0000,135.5500,61.2000,6,1,16.6700,0.0200,n < 30 - not ranked
51ed72984a04e5dd35c2b27e77179038,SP,home_appliances_2,7,1,14.2900,397.8800,230.2600,69.7500,7,2,28.5700,0.0200,n < 30 - not ranked
6e0908ef4d4efadbc3cc2b74ea477cb0,RJ,furniture_decor,7,1,14.2900,317.6100,161.3900,135.3900,7,1,14.2900,0.0200,n < 30 - not ranked
6e4a902d1054e4e17aa6eab87fac1c75,SP,home_appliances,7,1,14.2900,161.8600,119.6400,66.3200,7,1,14.2900,0.0200,n < 30 - not ranked
78a4d36f65a019172c6154468831a69f,SP,kitchen_dining_laundry_garden_furniture,7,1,14.2900,372.2200,217.9300,53.7100,7,1,14.2900,0.0200,n < 30 - not ranked
7d7d2b7a51328016102d4528c411d630,SP,housewares,7,1,14.2900,246.7700,134.1900,55.6000,7,1,14.2900,0.0200,n < 30 - not ranked
8378eb36b6b70c5734e83ad7b8cdc3b7,SC,home_construction,7,1,14.2900,397.6700,337.0600,162.1700,7,2,28.5700,0.0200,n < 30 - not ranked
87e24fc7052259b1f7f607d61c10d8be,SP,telephony,7,1,14.2900,368.1900,209.6200,198.4700,7,1,14.2900,0.0200,n < 30 - not ranked
94b9108d4b637ba65bb4f1e53cfcf8d8,SP,electronics,7,1,14.2900,408.4800,907.1200,102.0200,7,1,14.2900,0.0200,n < 30 - not ranked
9c7fd21e0aa159b20da593371f08ff7c,SP,telephony,7,1,14.2900,177.3100,169.1900,21.2900,7,3,42.8600,0.0200,n < 30 - not ranked
ac6417315ae5da8f9a38ee11de6f7780,SP,garden_tools,7,1,14.2900,275.2500,117.5500,65.3300,7,1,14.2900,0.0200,n < 30 - not ranked
b248792ac0b60ec3f93d80af1b4fae47,SP,sports_leisure,7,1,14.2900,159.6700,35.0700,31.5400,7,1,14.2900,0.0200,n < 30 - not ranked
b3b17aab11f273023a5f22ca52e1eb70,PR,auto,7,1,14.2900,397.2400,403.7300,46.7800,7,0,0.0000,0.0200,n < 30 - not ranked
b74d1c09cb380e1d03a6f859c6f4224b,RJ,housewares,28,4,14.2900,266.5300,70.3100,38.7400,28,3,10.7100,0.0600,n < 30 - not ranked
bce6a5ecf98e99fd2a8868b15c51f04b,SP,watches_gifts,14,2,14.2900,282.2400,181.3200,109.0000,14,3,21.4300,0.0300,n < 30 - not ranked
ca4b77513ac2040591b0d8fae6958380,SP,health_beauty,14,2,14.2900,186.3200,200.6800,52.8100,14,1,7.1400,0.0300,n < 30 - not ranked
d5b9a084373da994a6e37f732169a853,SP,baby,7,1,14.2900,429.0200,139.9800,166.6200,7,2,28.5700,0.0200,n < 30 - not ranked
e3dd723429d1b23614b7fa85e2c7a853,SP,health_beauty,7,1,14.2900,326.9000,95.1100,98.1200,7,1,14.2900,0.0200,n < 30 - not ranked
f3295428338a40977a03f555246a70f4,ES,health_beauty,7,1,14.2900,355.9100,47.6200,69.5700,7,2,28.5700,0.0200,n < 30 - not ranked
fa3a0b5aabb344b9a92e3524b0202123,SP,musical_instruments,7,1,14.2900,279.2800,116.0600,95.7900,7,1,14.2900,0.0200,n < 30 - not ranked
fe26f3ecb51a15e6d8335cd92da42562,SP,auto,7,1,14.2900,256.4000,36.3200,79.7200,7,0,0.0000,0.0200,n < 30 - not ranked
ffeee66ac5d5a62fe688b9d26f83f534,SP,home_appliances,14,2,14.2900,433.8000,319.4400,164.7500,14,2,14.2900,0.0300,n < 30 - not ranked
323ce52b5b81df2cd804b017b7f09aa7,SP,stationery,29,4,13.7900,409.3700,344.7200,99.9000,28,2,7.1400,0.0600,n < 30 - not ranked
23a0ffca143a15b9b5bbdb7d552f626a,SP,garden_tools,22,3,13.6400,277.2900,157.4600,32.6200,22,5,22.7300,0.0500,n < 30 - not ranked
681fce914360217db47784ae28905a96,PR,perfumery,22,3,13.6400,304.6700,109.4900,61.2400,21,4,19.0500,0.0500,n < 30 - not ranked
7139dc5186aa238b006e066d8fbab2e4,SP,furniture_decor,22,3,13.6400,355.3900,361.9700,86.1000,21,4,19.0500,0.0500,n < 30 - not ranked
7b1222c3624aa89b9558b50a2594188c,SP,toys,22,3,13.6400,423.9700,136.8200,124.9700,22,2,9.0900,0.0500,n < 30 - not ranked
d71d863e5ef30d94e440c11be17dcd8f,SP,telephony,22,3,13.6400,461.4000,286.0300,263.9800,20,8,40.0000,0.0500,n < 30 - not ranked
55bb6fe5bebe5012e2d7d9928e1128ff,SP,stationery,15,2,13.3300,360.0500,295.7200,89.0100,15,6,40.0000,0.0300,n < 30 - not ranked
81336a0f57a33776419727a300249e90,SP,sports_leisure,15,2,13.3300,419.4100,201.2100,199.1400,15,2,13.3300,0.0300,n < 30 - not ranked
8b8cfc8305aa441e4239358c9f6f2485,PR,cool_stuff,15,2,13.3300,300.8800,76.9700,70.4400,15,2,13.3300,0.0300,n < 30 - not ranked
be8e909810184b9b19e886129149d8e5,SP,computers_accessories,15,2,13.3300,368.5400,249.1300,41.9200,15,3,20.0000,0.0300,n < 30 - not ranked
c4fb51fb1c5b7c07bc5e67be6e7e8f6e,PR,housewares,15,2,13.3300,399.0000,152.9400,105.0000,15,3,20.0000,0.0300,n < 30 - not ranked
04fdea0c111866e6cf812f1570d6b5bd,SP,computers_accessories,8,1,12.5000,432.0500,209.4800,117.7200,8,2,25.0000,0.0200,n < 30 - not ranked
08d2d642cf72b622b14dde1d2f5eb2f5,SP,stationery,16,2,12.5000,367.6900,41.2800,74.0300,16,0,0.0000,0.0300,n < 30 - not ranked
15fa791d5e017f66402dc28c44480657,SP,baby,8,1,12.5000,277.7900,350.0500,29.0000,8,1,12.5000,0.0200,n < 30 - not ranked
1dd33b8119b3cb1056ed5dc88cd0aaf4,SP,musical_instruments,8,1,12.5000,261.7600,42.1100,57.3800,8,1,12.5000,0.0200,n < 30 - not ranked
2709af9587499e95e803a6498a5a56e9,SP,health_beauty,24,3,12.5000,273.4000,178.4300,60.2600,23,5,21.7400,0.0500,n < 30 - not ranked
27a56ff04b34c2ba34ce6ba4d3b9d616,SP,market_place,8,1,12.5000,309.1600,251.6900,75.4600,8,1,12.5000,0.0200,n < 30 - not ranked
2d2322d842118867781fc737e96d59a1,SP,health_beauty,8,1,12.5000,194.1800,349.6300,49.4200,8,0,0.0000,0.0200,n < 30 - not ranked
2d2c62bef4c8ba0dd74e0e228e808539,SP,small_appliances,16,2,12.5000,247.3800,146.9000,37.9900,16,3,18.7500,0.0300,n < 30 - not ranked
3935fe5fe0f82787a9dcb8deb62be09d,SP,computers_accessories,16,2,12.5000,270.3100,64.0000,44.4200,16,1,6.2500,0.0300,n < 30 - not ranked
406740ee611378a662d274c7d8c43c4a,ES,fixed_telephony,8,1,12.5000,364.9900,115.7000,73.5900,8,1,12.5000,0.0200,n < 30 - not ranked
4e8dacf3d38f281ae26c3e0321d92d88,SP,housewares,8,1,12.5000,288.8300,64.7600,114.7900,8,3,37.5000,0.0200,n < 30 - not ranked
577719699805dd125d5b6fdde5943bba,RS,housewares,8,1,12.5000,246.8100,211.7100,111.7500,8,1,12.5000,0.0200,n < 30 - not ranked
610f72e407cdd7caaa2f8167b0163fd8,SP,bed_bath_table,16,2,12.5000,304.9100,306.7800,220.3200,16,5,31.2500,0.0300,n < 30 - not ranked
6562efe88ce0826a4ca4f189f03b4b84,PR,furniture_decor,8,1,12.5000,427.5200,113.1300,202.4100,8,1,12.5000,0.0200,n < 30 - not ranked
768a86e36ad6aae3d03ee3c6433d61df,SP,toys,16,2,12.5000,121.6900,171.7200,33.4400,16,0,0.0000,0.0300,n < 30 - not ranked
7ecd59e5e20407131822c1a68ac59c1f,DF,stationery,24,3,12.5000,412.9700,170.6200,194.1600,24,2,8.3300,0.0500,n < 30 - not ranked
7fdb0720c8d7c9075538b365dc8c3a22,PR,furniture_bedroom,8,1,12.5000,512.5000,166.2400,217.4700,8,4,50.0000,0.0200,n < 30 - not ranked
8f580d36c1e9d6fbce95283403c7d447,SP,auto,8,1,12.5000,294.5500,92.9400,44.0600,8,1,12.5000,0.0200,n < 30 - not ranked
9bc484c87d79cd4874e05ca182658045,SP,construction_tools_construction,8,1,12.5000,314.9400,284.3700,51.4100,8,1,12.5000,0.0200,n < 30 - not ranked
9f50216bfd01913736a55a11b55ea842,SP,computers_accessories,16,2,12.5000,247.6000,43.6800,92.8300,16,1,6.2500,0.0300,n < 30 - not ranked
ad97a199236354e53fcd91a5a913e9a2,SC,small_appliances,16,2,12.5000,375.1500,106.7200,133.3100,16,1,6.2500,0.0300,n < 30 - not ranked
afa6714acee029b2dfdf357e5579cc03,SP,toys,16,2,12.5000,305.6000,137.9100,66.1600,16,2,12.5000,0.0300,n < 30 - not ranked
b127efdabeffb5d559349c7b172eb75d,SP,fashion_bags_accessories,8,1,12.5000,232.1200,38.3900,49.9000,8,0,0.0000,0.0200,n < 30 - not ranked
b33aaadd1a8891d2dfef0c4c3bdf0371,SP,housewares,16,2,12.5000,336.5100,582.5600,41.6700,16,3,18.7500,0.0300,n < 30 - not ranked
b5e3e38609125694d2ea2417522a60b7,SC,sports_leisure,16,2,12.5000,436.6900,448.3600,78.3600,16,1,6.2500,0.0300,n < 30 - not ranked
ba6b4a237f92479743cf0ca06b67a9ac,RJ,computers_accessories,8,1,12.5000,302.3700,357.6500,54.5500,8,1,12.5000,0.0200,n < 30 - not ranked
c1ed9e3daf6154542826a6996af0fb8c,SC,computers_accessories,8,1,12.5000,406.3300,43.3700,153.5700,8,1,12.5000,0.0200,n < 30 - not ranked
c35affa65afd250151285c5917fc1c8a,SP,auto,8,1,12.5000,414.2700,1103.3100,69.1100,8,1,12.5000,0.0200,n < 30 - not ranked
c794dab4928dd97beb41d05514441e86,SP,health_beauty,16,2,12.5000,331.0700,465.5100,56.2000,16,1,6.2500,0.0300,n < 30 - not ranked
c7fdb77fdbff3c41981bc52f787e959e,SP,bed_bath_table,8,1,12.5000,393.1200,37.8700,128.5000,8,2,25.0000,0.0200,n < 30 - not ranked
e3a386fc36e22064434e1fa256f6a9fa,SP,health_beauty,16,2,12.5000,241.6400,255.5800,50.3200,16,2,12.5000,0.0300,n < 30 - not ranked
e83c76265fc54bf41eac728805e4da77,SP,auto,8,1,12.5000,782.4600,3830.6400,49.6600,8,1,12.5000,0.0200,n < 30 - not ranked
e89c4adbe7b1d0819dbb636e16461cf1,SP,sports_leisure,24,3,12.5000,362.7800,395.8800,83.4800,24,4,16.6700,0.0500,n < 30 - not ranked
e8a85b5f3df47be0984c55fd4064dbb4,DF,housewares,8,1,12.5000,256.3500,119.8100,117.9700,8,1,12.5000,0.0200,n < 30 - not ranked
f125f3a310c2e5f822d116147de1e474,SP,construction_tools_construction,16,2,12.5000,286.3900,461.2900,36.6800,16,1,6.2500,0.0300,n < 30 - not ranked
f1b93673502375d491780bb49d615dbc,SP,construction_tools_construction,8,1,12.5000,346.6600,263.3100,236.8100,8,3,37.5000,0.0200,n < 30 - not ranked
fcdd820084f17e9982427971e4e9d47f,SP,air_conditioning,16,2,12.5000,302.3500,190.5200,61.8700,16,3,18.7500,0.0300,n < 30 - not ranked
15aac934c58d886785ac1b17953ea898,ES,air_conditioning,25,3,12.0000,343.3900,330.7100,61.1400,25,2,8.0000,0.0500,n < 30 - not ranked
392e0502231ae2f8b29994ef6398cd77,SP,health_beauty,17,2,11.7600,425.0000,433.2200,75.8100,17,1,5.8800,0.0300,n < 30 - not ranked
52f0fe436a347ddad7ed5f9aa4e27eaa,SP,computers_accessories,17,2,11.7600,389.3100,297.2200,101.1900,17,2,11.7600,0.0300,n < 30 - not ranked
53d00c40e32aeb924a84ce72b1af869d,SP,bed_bath_table,17,2,11.7600,385.1700,366.0400,79.5000,17,1,5.8800,0.0300,n < 30 - not ranked
863d2ebcd347ce4922de7a0f9a5581d6,RJ,auto,17,2,11.7600,276.1600,341.2000,43.0500,17,2,11.7600,0.0300,n < 30 - not ranked
b64d51f0435e884e8de603b1655155ae,SP,housewares,17,2,11.7600,177.6400,127.7300,62.9400,17,2,11.7600,0.0300,n < 30 - not ranked
3771c85bac139d2344864ede5d9341e3,SP,bed_bath_table,26,3,11.5400,318.1800,58.4000,100.9600,26,6,23.0800,0.0500,n < 30 - not ranked
77a515caa36327151d1cc6c32a9f00e1,SP,stationery,26,3,11.5400,248.1000,267.5700,46.5100,26,2,7.6900,0.0500,n < 30 - not ranked
03a2a6dcbe45d639c4dc2a0d24769c40,SP,garden_tools,9,1,11.1100,250.7300,264.3100,47.1100,9,1,11.1100,0.0200,n < 30 - not ranked
07de60b03d150fb3ea09eab5da5e4c8b,SP,bed_bath_table,9,1,11.1100,322.0700,181.2200,29.8600,9,1,11.1100,0.0200,n < 30 - not ranked
1782ce2db72c3dda627d5e7c898104e1,SP,sports_leisure,9,1,11.1100,704.3800,3186.4100,46.9600,9,0,0.0000,0.0200,n < 30 - not ranked
1cbd50a8c52e6cf8e315c5709fab386f,PR,telephony,9,1,11.1100,456.6000,120.4800,67.6600,9,1,11.1100,0.0200,n < 30 - not ranked
1f1bb1f0859883505541bdd6606193e5,SP,fashion_bags_accessories,27,3,11.1100,335.4900,99.3900,89.9000,27,2,7.4100,0.0500,n < 30 - not ranked
54c04bdb5ec46762f8f08c7e8f86ed4a,SC,sports_leisure,18,2,11.1100,377.2800,603.4500,42.6900,18,2,11.1100,0.0300,n < 30 - not ranked
5b2e94f2c22b39ccc24d34ad0f669672,SP,auto,9,1,11.1100,257.7000,116.8700,39.6300,9,0,0.0000,0.0200,n < 30 - not ranked
615005a3ef192c00c6f0e977cee3d2bc,SP,sports_leisure,9,1,11.1100,360.5900,139.1400,54.8900,9,2,22.2200,0.0200,n < 30 - not ranked
6d988d6174a2c27441597174f8905515,PR,housewares,18,2,11.1100,511.3200,337.7500,310.4000,18,3,16.6700,0.0300,n < 30 - not ranked
7210cd29727d674c00741e5e387b3ccd,SP,health_beauty,9,1,11.1100,90.6300,43.9700,30.4600,9,1,11.1100,0.0200,n < 30 - not ranked
7813ea3ebd9411dc600b4dd01f7a97b9,SP,telephony,9,1,11.1100,312.8000,130.6900,68.9800,9,2,22.2200,0.0200,n < 30 - not ranked
8bdd8e3fd58bafa48af76b2c5fd71974,SP,toys,9,1,11.1100,249.0900,206.7600,36.4200,9,0,0.0000,0.0200,n < 30 - not ranked
9539213aa8e023c01937bef95dc006da,SP,housewares,9,1,11.1100,283.0200,111.0000,184.4700,9,0,0.0000,0.0200,n < 30 - not ranked
9e6967d3cf386d284251784b18ccb485,SP,baby,9,1,11.1100,173.8900,170.1100,68.5000,9,2,22.2200,0.0200,n < 30 - not ranked
a1bea7061f61f6fdd9a85a6325ba1033,SP,telephony,9,1,11.1100,107.8000,92.0400,31.8200,9,0,0.0000,0.0200,n < 30 - not ranked
b18871c324516afa228a13e8f1ef0ae9,SP,garden_tools,9,1,11.1100,214.4000,66.9800,45.8300,9,4,44.4400,0.0200,n < 30 - not ranked
b6dc74ed30f124f95227bed4e43a3bed,PR,sports_leisure,9,1,11.1100,432.9200,170.9200,183.5000,9,0,0.0000,0.0200,n < 30 - not ranked
bafc5aa11e413978be29040f51342e70,MG,stationery,9,1,11.1100,322.5800,383.4300,56.9100,9,3,33.3300,0.0200,n < 30 - not ranked
c24173065483e421f9e5e7f599de101d,SP,sports_leisure,9,1,11.1100,379.5700,133.3000,165.6200,9,2,22.2200,0.0200,n < 30 - not ranked
c500367424994318b9e779ff1ae9a330,SP,baby,9,1,11.1100,401.1000,118.1700,135.7400,9,2,22.2200,0.0200,n < 30 - not ranked
c5f7feb04a6a1fb3596322bfc3cf1917,SP,furniture_decor,9,1,11.1100,254.4400,432.5200,52.3400,9,1,11.1100,0.0200,n < 30 - not ranked
d1582f4043306e6b91afa6a8a884f898,SP,toys,9,1,11.1100,290.6100,240.3200,46.7900,9,1,11.1100,0.0200,n < 30 - not ranked
d51e0a403fe2e689ece6c73359d96e12,SP,costruction_tools_garden,18,2,11.1100,336.6300,99.8100,69.0900,18,1,5.5600,0.0300,n < 30 - not ranked
d7485b33791774c36108f8c69602d48d,PR,sports_leisure,9,1,11.1100,205.2900,306.0800,41.3100,9,0,0.0000,0.0200,n < 30 - not ranked
de9727ca376d1be6ec121b110aa7954c,PR,computers_accessories,9,1,11.1100,287.8100,66.2900,98.6900,9,3,33.3300,0.0200,n < 30 - not ranked
e8dba4d70f7f2b20e775d09cae01142d,SP,sports_leisure,9,1,11.1100,211.4200,310.0600,34.1900,9,1,11.1100,0.0200,n < 30 - not ranked
eb3071b9f0b0ddaa2df5ea130f09f26b,SP,furniture_bedroom,9,1,11.1100,231.7000,60.4500,55.1900,9,0,0.0000,0.0200,n < 30 - not ranked
f35b3c613c4f7b2275f4185d0a3c59ec,SP,sports_leisure,9,1,11.1100,307.2600,141.2900,76.8300,9,1,11.1100,0.0200,n < 30 - not ranked
f5f46307a4d15880ca14fab4ad9dfc9b,SC,sports_leisure,9,1,11.1100,320.3800,186.9900,105.6000,9,1,11.1100,0.0200,n < 30 - not ranked
fe1bbc5feda5c8979a8a1b3b2512d5a6,MG,sports_leisure,9,1,11.1100,286.2600,87.8000,57.6700,9,0,0.0000,0.0200,n < 30 - not ranked
3ade81dab5a172b88e1871c28ae05260,SP,furniture_bedroom,28,3,10.7100,340.3500,283.3100,92.3600,27,4,14.8100,0.0500,n < 30 - not ranked
c0563dd588b775f2e37747ef6ad6c92c,SP,cool_stuff,28,3,10.7100,260.6500,140.3700,69.3900,28,4,14.2900,0.0500,n < 30 - not ranked
f12ff17ad8bbf01ec5c33b17e506649b,SP,auto,28,3,10.7100,330.9900,257.6900,59.9000,28,4,14.2900,0.0500,n < 30 - not ranked
4c8b8048e33af2bf94f2eb547746a916,SP,bed_bath_table,19,2,10.5300,446.6900,555.8100,134.1400,19,6,31.5800,0.0300,n < 30 - not ranked
784ba75dd9d20200c4caed3d7a77141a,SP,stationery,19,2,10.5300,328.6100,139.6500,195.4100,19,3,15.7900,0.0300,n < 30 - not ranked
7bac63f6603d382cc8d0832eb6c100a8,SP,sports_leisure,19,2,10.5300,378.3500,550.6700,63.8700,19,2,10.5300,0.0300,n < 30 - not ranked
bc47d5d1490df2b36add65d733eafaba,SP,sports_leisure,19,2,10.5300,322.8600,150.5100,59.4700,19,4,21.0500,0.0300,n < 30 - not ranked
ef2fbc2b607d8492bcffe657a4645434,RJ,auto,19,2,10.5300,168.9000,70.6200,25.5300,19,4,21.0500,0.0300,n < 30 - not ranked
f615fe7efbef0f4f08fd3086bc7a3e60,SP,toys,19,2,10.5300,195.5400,158.1200,26.8200,19,2,10.5300,0.0300,n < 30 - not ranked
238fac594e170b59c6d228f5a4f4f1d9,SP,pet_shop,29,3,10.3400,288.1900,221.1900,46.1300,28,4,14.2900,0.0500,n < 30 - not ranked
b2ac621f0d0322434d04a12b078b9369,PR,health_beauty,29,3,10.3400,358.8900,143.6700,79.0600,29,2,6.9000,0.0500,n < 30 - not ranked
1690cada046eb7e92c12f98b1f8a8167,SP,auto,10,1,10.0000,176.4700,62.9400,48.4900,10,0,0.0000,0.0200,n < 30 - not ranked
1c40343cc5d18c2d8248ac2f3366de34,SP,perfumery,20,2,10.0000,178.6800,26.3000,58.6100,20,0,0.0000,0.0300,n < 30 - not ranked
59cd88080b93f3c18508673122d26169,SP,pet_shop,10,1,10.0000,312.5100,42.8900,63.3900,10,0,0.0000,0.0200,n < 30 - not ranked
5a6a02f419701fc8c605af71d4fc57a4,SP,books_general_interest,10,1,10.0000,134.2500,41.3800,61.1500,10,0,0.0000,0.0200,n < 30 - not ranked
5ab05b6d86d417796c69ffd6774ec832,SP,health_beauty,10,1,10.0000,334.5100,326.9000,73.3500,10,2,20.0000,0.0200,n < 30 - not ranked
977f9f63dd360c2a32ece2f93ad6d306,SP,baby,20,2,10.0000,311.2600,168.6300,73.5800,20,3,15.0000,0.0300,n < 30 - not ranked
9d39404483343dd55c7ae254494d8388,SP,telephony,10,1,10.0000,345.2800,256.9000,97.5800,10,3,30.0000,0.0200,n < 30 - not ranked
9dd59e43f0c9f0553244e8f9c2fb247e,PR,perfumery,10,1,10.0000,315.2500,67.9800,62.1400,10,0,0.0000,0.0200,n < 30 - not ranked
b2c97074649f92197d9387d9033dda5f,SP,health_beauty,10,1,10.0000,293.6000,49.5600,36.9800,10,0,0.0000,0.0200,n < 30 - not ranked
bb7a14e229b1c95156719c3d9552eeee,RJ,small_appliances,10,1,10.0000,278.4100,599.0700,107.4500,10,1,10.0000,0.0200,n < 30 - not ranked
c6a7539d424a8402232c2228d7a03c5e,SP,housewares,10,1,10.0000,342.5200,183.4500,112.3400,10,4,40.0000,0.0200,n < 30 - not ranked
d3674f271c91f824f82d24d92011f669,DF,perfumery,20,2,10.0000,330.5000,152.8100,47.2200,20,3,15.0000,0.0300,n < 30 - not ranked
f5f1f2c5f923f36ad79ea1d07185ddc9,SP,pet_shop,10,1,10.0000,313.2300,63.5500,105.0500,10,2,20.0000,0.0200,n < 30 - not ranked
f8201cab383e484733266d1906e2fdfa,SC,cool_stuff,10,1,10.0000,313.1000,84.8100,63.1400,10,1,10.0000,0.0200,n < 30 - not ranked
fdaaf5bfda82b7b80535610c831b8d09,SP,sports_leisure,10,1,10.0000,237.6100,42.3600,30.0100,10,2,20.0000,0.0200,n < 30 - not ranked
fe701d88b67eaca109dffd464d1be9f9,RJ,fashion_bags_accessories,10,1,10.0000,298.1900,40.6100,33.2900,10,1,10.0000,0.0200,n < 30 - not ranked
39d54ff918774174706fb065d7f9dc07,SP,auto,21,2,9.5200,337.0700,86.2000,63.3400,21,4,19.0500,0.0300,n < 30 - not ranked
411f3b52d857390502ee4e4d5ceabc2d,SP,construction_tools_construction,21,2,9.5200,235.7600,425.1400,43.6900,19,3,15.7900,0.0300,n < 30 - not ranked
f4db9b37944bcb8873e6b456ee190bbf,SP,fashion_bags_accessories,21,2,9.5200,315.7000,93.1100,57.1700,21,0,0.0000,0.0300,n < 30 - not ranked
058cb5aeb36d7c0fcae20fc85d5e0a59,RJ,luggage_accessories,11,1,9.0900,242.1300,237.4200,87.9600,11,2,18.1800,0.0200,n < 30 - not ranked
0a85ebe4e328db81ac9109781205e2f7,SP,furniture_decor,11,1,9.0900,122.2300,42.5400,37.7500,11,0,0.0000,0.0200,n < 30 - not ranked
13d058e4eeac2ce8217660b2f8a05812,SP,home_appliances_2,22,2,9.0900,273.6900,237.1500,82.1000,22,3,13.6400,0.0300,n < 30 - not ranked
157c3e4b42f81ac4a44e8b1ca2fe9876,SP,furniture_decor,22,2,9.0900,264.8800,342.2400,84.0400,22,5,22.7300,0.0300,n < 30 - not ranked
165b1235e9e9942cb5fae67103576fb0,SP,construction_tools_construction,11,1,9.0900,187.9300,166.2000,31.9400,11,0,0.0000,0.0200,n < 30 - not ranked
1660ad786c27fd935378b6192a90b417,SP,computers_accessories,11,1,9.0900,203.3400,64.4700,48.8700,11,0,0.0000,0.0200,n < 30 - not ranked
17908cf9b444ee34047cadd5c0f4a516,GO,auto,11,1,9.0900,453.1300,644.9200,75.9200,11,0,0.0000,0.0200,n < 30 - not ranked
1cbd32d00d01bb8087a5eb088612fd9c,SP,health_beauty,11,1,9.0900,300.7900,41.4000,100.0800,11,1,9.0900,0.0200,n < 30 - not ranked
236585a4ddb5fea9fa40233e2249ed91,RS,computers_accessories,11,1,9.0900,315.2800,136.2600,147.7300,11,1,9.0900,0.0200,n < 30 - not ranked
31ae0774c17fabd06ff707cc5bde005f,SP,agro_industry_and_commerce,11,1,9.0900,282.6100,235.1100,51.4200,11,2,18.1800,0.0200,n < 30 - not ranked
4324dd16853115efb0fd9d0d131ba6f4,SP,computers_accessories,11,1,9.0900,331.9900,138.3800,55.9100,11,2,18.1800,0.0200,n < 30 - not ranked
4677a5437afda5fa7140b927b07be1cc,PR,auto,11,1,9.0900,300.2500,38.7400,84.1700,11,0,0.0000,0.0200,n < 30 - not ranked
4ba52dfeba874da5b9ee7b17c7494f04,SP,books_technical,11,1,9.0900,254.9200,167.5700,56.5700,11,1,9.0900,0.0200,n < 30 - not ranked
4be6b962d83299498bae2190f95d6566,SP,small_appliances,11,1,9.0900,189.5500,39.7800,28.7000,10,1,10.0000,0.0200,n < 30 - not ranked
5011f0d93373a4c5753adf58ca77af8d,SP,food_drink,11,1,9.0900,259.2200,691.7300,49.5900,11,1,9.0900,0.0200,n < 30 - not ranked
66fd84ee7528c0c0de85d0f44a73d5ab,RS,computers_accessories,11,1,9.0900,369.7500,431.6500,49.8600,11,3,27.2700,0.0200,n < 30 - not ranked
6ddc28b61be28373b4503a1f61cf98a9,SP,toys,11,1,9.0900,164.4000,141.8800,28.6600,11,1,9.0900,0.0200,n < 30 - not ranked
723cd880edaacdb998898b67c8f9da30,SP,bed_bath_table,11,1,9.0900,239.0400,114.0800,68.3500,11,2,18.1800,0.0200,n < 30 - not ranked
7901646fdd36a55f564ffaf2dbccaaf7,RJ,air_conditioning,22,2,9.0900,235.7800,127.4700,64.6800,22,2,9.0900,0.0300,n < 30 - not ranked
7b7f91e98f8c6def45a1407923304402,SP,housewares,11,1,9.0900,320.8500,379.2800,106.2200,11,2,18.1800,0.0200,n < 30 - not ranked
7f2617c58d5d06806987308b45654351,SP,sports_leisure,22,2,9.0900,299.5300,94.9300,55.7800,22,3,13.6400,0.0300,n < 30 - not ranked
87b740daf17b5d1be335a64164ec6842,SP,sports_leisure,11,1,9.0900,436.0700,136.0900,109.6400,11,2,18.1800,0.0200,n < 30 - not ranked
8ca1551acf9832a4cf467bbbac15851f,PR,furniture_decor,11,1,9.0900,318.3600,550.6800,86.6900,11,2,18.1800,0.0200,n < 30 - not ranked
8e2b3afb420011ef0c88c9d5f11ea526,SP,sports_leisure,11,1,9.0900,253.4300,65.7000,73.6600,11,1,9.0900,0.0200,n < 30 - not ranked
9df5750209b83567ec144eb299d7d634,RS,garden_tools,11,1,9.0900,337.5800,110.1900,117.3600,11,2,18.1800,0.0200,n < 30 - not ranked
bc302730ea8cf49b5c74f579febb5bbf,SP,telephony,11,1,9.0900,269.8500,45.4800,58.1600,11,2,18.1800,0.0200,n < 30 - not ranked
c4fabeea6e569d42d02993bb1f4f1cbc,CE,baby,11,1,9.0900,521.4400,570.9400,126.1000,11,2,18.1800,0.0200,n < 30 - not ranked
e7df4cd29ab5abab70fb0783ddb53987,SP,fashion_sport,22,2,9.0900,250.4200,197.9800,98.9600,22,2,9.0900,0.0300,n < 30 - not ranked
fb89df7f89fd1b8f03fa2acca1ba7364,PR,health_beauty,22,2,9.0900,387.6200,190.2400,111.4400,22,4,18.1800,0.0300,n < 30 - not ranked
244c2f1bff6afe1f2eaf9bfe9b2aed38,SP,furniture_decor,23,2,8.7000,335.7200,362.3500,79.8700,23,5,21.7400,0.0300,n < 30 - not ranked
8cc6a0e5738e61a87b03c78b2ba9db4b,MG,stationery,23,2,8.7000,402.5300,1285.8200,41.6300,23,1,4.3500,0.0300,n < 30 - not ranked
a36b125ac6d5fdbc7f50de85c9157bdc,SP,sports_leisure,23,2,8.7000,311.6300,98.8400,78.6200,23,3,13.0400,0.0300,n < 30 - not ranked
0747d5bb69f0586cc869d8af4c50f93e,RJ,perfumery,12,1,8.3300,339.6600,179.7000,134.9400,12,3,25.0000,0.0200,n < 30 - not ranked
0887a9f087bcd5d9f6642b52f897fc6c,SP,telephony,12,1,8.3300,341.7800,186.2700,33.4500,12,0,0.0000,0.0200,n < 30 - not ranked
0afccdb8a34ee5c79f7c06faf2b4d56e,MG,telephony,24,2,8.3300,323.3600,211.5600,89.4200,23,3,13.0400,0.0300,n < 30 - not ranked
1d29dfba02015238dfbe2449a5eaa361,MG,perfumery,12,1,8.3300,368.9900,1312.7400,49.2200,12,1,8.3300,0.0200,n < 30 - not ranked
1d503743d2526f03f0c2c89540ee008c,SP,auto,12,1,8.3300,259.2600,240.7100,44.6700,12,2,16.6700,0.0200,n < 30 - not ranked
40db9e9aa57f7bb151bcda6b0f9bdbb7,PE,auto,12,1,8.3300,354.6200,67.6800,143.1900,11,7,63.6400,0.0200,n < 30 - not ranked
5d9dc90a686a8fddacffab6bab5653a3,SP,sports_leisure,12,1,8.3300,207.0800,70.5500,50.2300,12,1,8.3300,0.0200,n < 30 - not ranked
6a51fc556dab5f766ced6fbc860bc613,SP,air_conditioning,24,2,8.3300,339.6500,240.7700,137.4800,24,4,16.6700,0.0300,n < 30 - not ranked
6b333a05bf188ef3e1f1662a86bd9855,DF,home_appliances_2,12,1,8.3300,256.9400,45.5500,46.6600,12,1,8.3300,0.0200,n < 30 - not ranked
7357b52d27cbaa90f81a96cbc1279396,MG,housewares,12,1,8.3300,236.4200,926.6200,33.9000,12,1,8.3300,0.0200,n < 30 - not ranked
7c1fea10b5b006671d608b1d7c446ec4,SP,telephony,12,1,8.3300,406.0100,89.2600,86.9000,12,2,16.6700,0.0200,n < 30 - not ranked
8476243f92442881ddd5b578975cf115,RS,health_beauty,12,1,8.3300,416.0500,207.8700,124.3200,12,2,16.6700,0.0200,n < 30 - not ranked
97512d3fc193b2d1dfcdba0f9d1f0f8a,SP,computers_accessories,12,1,8.3300,203.3000,140.2200,82.3500,12,1,8.3300,0.0200,n < 30 - not ranked
acadd4d36859671cb635527c6c977533,SP,garden_tools,12,1,8.3300,429.3900,1349.2000,76.4700,12,1,8.3300,0.0200,n < 30 - not ranked
b8630e1121437d41cb08e3c749c2c2e2,RJ,musical_instruments,12,1,8.3300,267.3000,43.1900,74.1200,12,2,16.6700,0.0200,n < 30 - not ranked
bd1d49a326abfa9b1036772e40445430,SP,health_beauty,12,1,8.3300,297.9000,396.1500,87.6400,12,1,8.3300,0.0200,n < 30 - not ranked
c3acdfac4e3e97ff87529454fbc03642,SP,watches_gifts,12,1,8.3300,267.8700,93.3100,153.3100,12,1,8.3300,0.0200,n < 30 - not ranked
cd3d09fbe6e3e9ff0c0ac0c300e93ae7,SP,auto,12,1,8.3300,281.0000,383.9700,46.4200,12,2,16.6700,0.0200,n < 30 - not ranked
ec80e49e69745ab6c14f984bf2149423,SP,housewares,12,1,8.3300,308.3300,306.9800,51.5000,11,1,9.0900,0.0200,n < 30 - not ranked
198c7ea11960a9844b544d9bcdca860c,MG,small_appliances,25,2,8.0000,348.3200,242.3400,55.5800,25,6,24.0000,0.0300,n < 30 - not ranked
6a8a889bde935bafa76d7848782dfaf9,SP,small_appliances,25,2,8.0000,195.1200,322.3700,39.8400,25,2,8.0000,0.0300,n < 30 - not ranked
8d79c8a04e42d722a75097ce5cbcf2ef,CE,food,25,2,8.0000,462.9600,1337.0500,61.1600,25,2,8.0000,0.0300,n < 30 - not ranked
edf96ef93ed595084bbcbd9224bd2894,SP,electronics,25,2,8.0000,333.4300,114.8100,72.9800,25,3,12.0000,0.0300,n < 30 - not ranked
0ac4201fda2c68ebc0e47cb9423cf3c9,SP,health_beauty,13,1,7.6900,303.6000,352.4100,51.7000,13,2,15.3800,0.0200,n < 30 - not ranked
128f9bfbe4c7d5185033914b1de3d39a,SP,health_beauty,13,1,7.6900,283.8200,42.1600,92.9700,13,0,0.0000,0.0200,n < 30 - not ranked
373ee4a3a775a733770ca3f790b8b9ac,RJ,sports_leisure,13,1,7.6900,240.2200,345.8100,129.5100,13,3,23.0800,0.0200,n < 30 - not ranked
4a1f694197d05fe70026b016a7316b41,SP,furniture_decor,13,1,7.6900,220.8800,44.3800,55.7100,13,1,7.6900,0.0200,n < 30 - not ranked
562f8cfc51f265411f487d07e9c40e7f,MG,cool_stuff,13,1,7.6900,336.7800,167.9100,93.7800,13,0,0.0000,0.0200,n < 30 - not ranked
6e864f5c4669eff3d98140a07cc50202,SP,books_general_interest,13,1,7.6900,236.2600,71.7600,76.0500,13,1,7.6900,0.0200,n < 30 - not ranked
7c4618c82226628831613e95e9c22f44,SP,sports_leisure,13,1,7.6900,265.5700,69.9800,64.3100,13,2,15.3800,0.0200,n < 30 - not ranked
8090490573c6c0aa343a7231ebcb8c86,SP,health_beauty,26,2,7.6900,242.1900,498.0600,39.4900,26,3,11.5400,0.0300,n < 30 - not ranked
8629c241b3622ac12cd4118afdc8d394,SP,perfumery,13,1,7.6900,362.7900,236.9600,76.1900,13,2,15.3800,0.0200,n < 30 - not ranked
9d7a1d34a5052409006425275ba1c2b4,SP,stationery,13,1,7.6900,343.9600,87.8600,115.5400,13,1,7.6900,0.0200,n < 30 - not ranked
b8555308bfdb4ca1ed54325a58da9a97,SP,office_furniture,26,2,7.6900,245.2700,122.4200,53.2100,26,3,11.5400,0.0300,n < 30 - not ranked
c679fb69a36e1d8349e8c50a217b4d58,RS,housewares,13,1,7.6900,262.4600,450.9900,117.9400,12,2,16.6700,0.0200,n < 30 - not ranked
ce616e1913288884e7742faac9d981db,SP,auto,13,1,7.6900,166.9600,96.6500,48.1800,13,0,0.0000,0.0200,n < 30 - not ranked
d101c6da914ae3d53f7bee42283f2fe2,SP,furniture_decor,13,1,7.6900,319.9500,181.4600,86.0700,13,4,30.7700,0.0200,n < 30 - not ranked
d2e753bb80b7d4faa77483ed00edc8ca,BA,fashion_bags_accessories,13,1,7.6900,326.5300,337.8600,62.1800,13,1,7.6900,0.0200,n < 30 - not ranked
df560393f3a51e74553ab94004ba5c87,PR,garden_tools,26,2,7.6900,443.2100,503.3900,161.8700,26,2,7.6900,0.0300,n < 30 - not ranked
e5e33c0d8e7e002f398f5dc4cbbb338f,SP,auto,26,2,7.6900,289.5700,353.9300,47.1900,26,1,3.8500,0.0300,n < 30 - not ranked
f61c63d13f7cd800549d5acdd390ae72,SP,housewares,26,2,7.6900,281.9300,135.2700,85.9000,26,3,11.5400,0.0300,n < 30 - not ranked
17306570e772e7718c92a562d33f5f1d,SP,bed_bath_table,27,2,7.4100,344.5300,146.3100,103.4800,27,5,18.5200,0.0300,n < 30 - not ranked
271c58a1d139c45eaf3316107c6d3a3b,SP,baby,27,2,7.4100,315.7400,150.8200,142.0100,27,4,14.8100,0.0300,n < 30 - not ranked
d1ef48b38baca7e831711c4a0aeb398f,PR,garden_tools,27,2,7.4100,235.3000,72.2000,42.7100,27,0,0.0000,0.0300,n < 30 - not ranked
1987cd4be10fe09ee50454f9c354d1c6,MG,pet_shop,14,1,7.1400,367.6500,445.3600,123.6700,14,1,7.1400,0.0200,n < 30 - not ranked
2953ce3a88f5e3c3b696d77fc9e4c8eb,SP,books_technical,14,1,7.1400,197.3900,95.4800,59.7600,14,1,7.1400,0.0200,n < 30 - not ranked
2e3be8a987a30d7544dbbda6861cc14e,MG,computers_accessories,14,1,7.1400,347.9200,1314.5300,75.9000,14,2,14.2900,0.0200,n < 30 - not ranked
31da954dc0855f2495c6310f70a2f931,SP,health_beauty,28,2,7.1400,198.5100,173.4500,37.4500,28,2,7.1400,0.0300,n < 30 - not ranked
3a734b715d333a2588a3d54a0c9b8746,SP,telephony,14,1,7.1400,285.2700,329.0600,62.7800,14,0,0.0000,0.0200,n < 30 - not ranked
45213867cefbf2cd4c6177e10216a951,SP,musical_instruments,14,1,7.1400,357.9800,134.3800,69.1500,14,3,21.4300,0.0200,n < 30 - not ranked
4de6e4ba574aa9dfdc824bc44dc47fdd,PR,health_beauty,14,1,7.1400,224.8400,85.2800,35.9200,14,3,21.4300,0.0200,n < 30 - not ranked
5a413ade68e8f8d93071a7f52a64cb9e,SP,health_beauty,14,1,7.1400,98.8500,184.6800,22.5500,14,1,7.1400,0.0200,n < 30 - not ranked
5a425cc503b39b262a847fd6212bf53b,PR,toys,14,1,7.1400,163.7700,182.3100,35.7800,13,1,7.6900,0.0200,n < 30 - not ranked
76ea5315acb3f5f7ade3cd261faf922a,SP,auto,14,1,7.1400,215.9300,63.8600,40.2600,14,0,0.0000,0.0200,n < 30 - not ranked
980640c45d7a4635885491d077167e4d,SP,fashion_bags_accessories,14,1,7.1400,182.6100,25.0800,55.3200,14,0,0.0000,0.0200,n < 30 - not ranked
9bcdfa7b615b3abb9461d9e3ad9886ae,SC,sports_leisure,14,1,7.1400,304.2200,187.2700,71.3200,14,1,7.1400,0.0200,n < 30 - not ranked
a6bd7d1ccdac48c6b33b28596b7eb122,PB,watches_gifts,14,1,7.1400,389.5800,62.5400,105.4100,13,4,30.7700,0.0200,n < 30 - not ranked
b6e1504972665f739dec4facb9943775,SP,garden_tools,14,1,7.1400,267.5400,445.6500,35.2800,14,2,14.2900,0.0200,n < 30 - not ranked
b9ca8e8baa5d4aa038394a700f63e69f,SP,bed_bath_table,14,1,7.1400,232.1500,183.6300,48.6000,14,1,7.1400,0.0200,n < 30 - not ranked
c273175f7c6c80fb02f051e2fc6d0d72,SP,auto,14,1,7.1400,254.0700,183.9500,90.3800,14,3,21.4300,0.0200,n < 30 - not ranked
c89cf7c468a48af70aada384e722f9e2,RJ,toys,14,1,7.1400,340.5400,93.3800,84.9900,13,2,15.3800,0.0200,n < 30 - not ranked
e7d5b006eb624f13074497221eb37807,SP,computers_accessories,28,2,7.1400,267.9800,198.2800,72.0000,28,6,21.4300,0.0300,n < 30 - not ranked
3361277dc30b7cccdb0c286b24219756,PR,pet_shop,29,2,6.9000,317.9300,85.9600,72.2300,29,2,6.9000,0.0300,n < 30 - not ranked
6e386f64c84e482f0b9abf960797ee1b,SP,health_beauty,29,2,6.9000,251.4900,163.2800,35.2300,28,1,3.5700,0.0300,n < 30 - not ranked
8931a84a914b3fe9b1ddaa4d704947ca,SP,perfumery,29,2,6.9000,285.2100,221.2800,103.4400,28,5,17.8600,0.0300,n < 30 - not ranked
8b2492b7ff4468839593fafeed55bad9,RJ,health_beauty,29,2,6.9000,298.5500,930.1900,49.8400,29,4,13.7900,0.0300,n < 30 - not ranked
b4a476fbd28de64b1e347abf9089366a,SP,electronics,29,2,6.9000,304.3100,143.8400,83.8100,28,3,10.7100,0.0300,n < 30 - not ranked
d4e12e7884759a14fa0f5f896c791cae,SP,bed_bath_table,29,2,6.9000,202.1400,122.1000,51.3500,29,2,6.9000,0.0300,n < 30 - not ranked
e06f09ec0a4aca210779cf1cfc63cf19,SP,housewares,29,2,6.9000,356.9000,248.3100,153.5400,29,5,17.2400,0.0300,n < 30 - not ranked
04aba03279157f6d4e0fe8ccaf21963c,RJ,health_beauty,15,1,6.6700,279.0000,541.1600,87.1100,15,1,6.6700,0.0200,n < 30 - not ranked
15cd6eefe58588619aaed41dfa6621b1,MG,,15,1,6.6700,379.9300,424.8500,87.2000,15,2,13.3300,0.0200,n < 30 - not ranked
1b8b75e227c9a9c100d0c210fb6176ce,SP,fashion_bags_accessories,15,1,6.6700,359.9100,114.3600,230.2700,15,3,20.0000,0.0200,n < 30 - not ranked
2646baaf662d4d92ac48f047e35db92d,SP,auto,15,1,6.6700,137.5000,70.7400,38.8800,15,2,13.3300,0.0200,n < 30 - not ranked
67bf6941ba2f1fa1d02c375766bc3e53,PR,office_furniture,15,1,6.6700,359.1800,499.5800,44.7200,15,1,6.6700,0.0200,n < 30 - not ranked
820cc752a266cdc6c1a1e61dd4583330,PR,small_appliances,15,1,6.6700,335.0900,88.9900,129.2700,15,1,6.6700,0.0200,n < 30 - not ranked
87d3c3aeb3ead335511b3ce315eb341e,SP,toys,15,1,6.6700,157.5600,163.4800,34.7300,14,3,21.4300,0.0200,n < 30 - not ranked
8f54d64f28a993550aa7943f12572959,MG,health_beauty,15,1,6.6700,337.3200,191.9800,47.5100,15,4,26.6700,0.0200,n < 30 - not ranked
989becdce12ebc39863c2bceab6f3ca1,PR,sports_leisure,15,1,6.6700,329.7400,25.1500,73.2000,15,0,0.0000,0.0200,n < 30 - not ranked
ed8cb7b190ceb6067227478e48cf8dde,SP,electronics,15,1,6.6700,175.5200,82.0600,48.7800,15,5,33.3300,0.0200,n < 30 - not ranked
2be17df1c49978426251562096c3cc09,SC,fashion_bags_accessories,16,1,6.2500,294.3800,34.4300,41.0400,16,1,6.2500,0.0200,n < 30 - not ranked
343e716476e3748b069f980efbaa294e,SP,books_general_interest,16,1,6.2500,312.8500,71.0500,132.8000,15,2,13.3300,0.0200,n < 30 - not ranked
5b33b527da3c5b969cc99dc435cad09a,PR,electronics,16,1,6.2500,304.9900,321.7000,27.5400,16,2,12.5000,0.0200,n < 30 - not ranked
a2b5b6105ea5942300631d2e76f4ffe0,SP,toys,16,1,6.2500,203.2600,40.6100,59.3100,16,0,0.0000,0.0200,n < 30 - not ranked
dbdd0ec73a4817971d962698f2fea022,CE,health_beauty,16,1,6.2500,303.6400,141.9100,36.9600,16,2,12.5000,0.0200,n < 30 - not ranked
f97e2b0650c2068227e1d366140eb62f,SP,pet_shop,16,1,6.2500,355.0500,403.1700,160.2600,15,3,20.0000,0.0200,n < 30 - not ranked
fe49ee029e61e789a1f3a5525f57ba8d,SP,toys,16,1,6.2500,249.9900,65.1300,71.9500,16,2,12.5000,0.0200,n < 30 - not ranked
3dbbce181edfaa4a597ec858c382d2ec,PR,books_general_interest,17,1,5.8800,336.0500,186.5900,82.3700,17,2,11.7600,0.0200,n < 30 - not ranked
63ffcb71394dd8ea3872ed9ffda17c74,RJ,sports_leisure,17,1,5.8800,318.0200,662.5800,69.5100,17,5,29.4100,0.0200,n < 30 - not ranked
6aa3928696eab49a19a466e665a649fd,RJ,health_beauty,17,1,5.8800,224.9600,42.9500,36.2300,17,1,5.8800,0.0200,n < 30 - not ranked
6bb0724edf0b62fb91ac404873a97241,SP,electronics,17,1,5.8800,345.4700,145.7200,46.9200,15,1,6.6700,0.0200,n < 30 - not ranked
87d30a6a0cbf89356e49324971ab1d24,SP,toys,17,1,5.8800,269.1100,187.0700,57.0700,17,2,11.7600,0.0200,n < 30 - not ranked
9dda5bbacd45e18d6485fee649205d09,MG,furniture_decor,17,1,5.8800,384.4500,404.4500,156.8500,17,2,11.7600,0.0200,n < 30 - not ranked
bba3293d6f5d5af2f415e004e8b93ae3,SP,health_beauty,17,1,5.8800,289.7500,231.4500,65.6000,17,2,11.7600,0.0200,n < 30 - not ranked
c12b92bf1c350f3e6bf88d3596219c86,SP,auto,17,1,5.8800,258.7800,39.4100,40.1500,17,4,23.5300,0.0200,n < 30 - not ranked
d03698c2efd04a549382afa6623e27fb,BA,computers_accessories,17,1,5.8800,361.2500,136.0500,66.0900,17,0,0.0000,0.0200,n < 30 - not ranked
d25aa0aaacb370e912f8cf6efeba38b3,SC,housewares,17,1,5.8800,212.1800,112.8300,34.7900,17,1,5.8800,0.0200,n < 30 - not ranked
d354c38a7182125a748cb10474fe963b,RJ,sports_leisure,17,1,5.8800,329.3700,67.3500,118.4700,16,0,0.0000,0.0200,n < 30 - not ranked
da7039f29f90ce5b4846ffc0fcc93beb,SP,cine_photo,17,1,5.8800,222.5800,46.0500,35.6500,17,1,5.8800,0.0200,n < 30 - not ranked
e81e1f9c3e762e620f3fb60a51499e16,SC,sports_leisure,17,1,5.8800,608.6500,1523.1800,159.1600,16,2,12.5000,0.0200,n < 30 - not ranked
f1ed6bd0a9b11b581f16c851c6a5a527,RS,furniture_decor,17,1,5.8800,503.7600,164.5500,267.7800,17,1,5.8800,0.0200,n < 30 - not ranked
f63d8f293af3a6454377546bd9dd19ff,SP,garden_tools,17,1,5.8800,388.0900,375.0800,98.5600,17,2,11.7600,0.0200,n < 30 - not ranked
fbc14c0cf93505ef89f64665ffa4a7b5,SP,fixed_telephony,17,1,5.8800,275.1500,140.6100,70.3600,16,2,12.5000,0.0200,n < 30 - not ranked
179d859f51292aac5c10806a356f7af9,SP,electronics,18,1,5.5600,215.7400,73.2000,48.3600,18,1,5.5600,0.0200,n < 30 - not ranked
1fdc574883ef3b33ad41562d93f3a74a,SP,auto,18,1,5.5600,270.0500,979.8800,44.9000,18,0,0.0000,0.0200,n < 30 - not ranked
30829ded4523ab9224b93bc49a62c95f,RS,computers_accessories,18,1,5.5600,290.0800,168.7100,102.5200,18,4,22.2200,0.0200,n < 30 - not ranked
33c51922b6e3c16b24a8f28e5833c99d,PR,perfumery,18,1,5.5600,349.0500,44.8800,158.3200,17,2,11.7600,0.0200,n < 30 - not ranked
6b536a23086fba0d58c08d68814397f6,RJ,sports_leisure,18,1,5.5600,290.1300,520.8800,46.5600,18,3,16.6700,0.0200,n < 30 - not ranked
7a425d299613df3e613bcf9d2eaf5c49,RJ,perfumery,18,1,5.5600,283.0700,117.1200,32.5000,18,3,16.6700,0.0200,n < 30 - not ranked
b4f8921fcc4ff77b66bea6dda43dcd51,RS,bed_bath_table,18,1,5.5600,186.8400,43.5800,41.2500,18,2,11.1100,0.0200,n < 30 - not ranked
c35672b10ad50968f567ea3f4b91e877,RJ,health_beauty,18,1,5.5600,278.5800,139.0600,58.6400,18,1,5.5600,0.0200,n < 30 - not ranked
ce69a8021d18961dd2a40269b7c2c293,PR,cool_stuff,18,1,5.5600,254.5000,282.4600,37.9900,18,1,5.5600,0.0200,n < 30 - not ranked
ea00f977a203ff88adf7057cb7806998,SP,auto,18,1,5.5600,130.0200,92.3100,54.6600,18,1,5.5600,0.0200,n < 30 - not ranked
f4c4daa86e30c7e5a553a8d518ac03a5,PR,watches_gifts,18,1,5.5600,399.3800,190.6300,208.1100,18,3,16.6700,0.0200,n < 30 - not ranked
f5f2ab9bdb6b30c14c61be68c5ed37da,SP,toys,18,1,5.5600,322.8100,504.8800,60.1100,18,2,11.1100,0.0200,n < 30 - not ranked
04e38a233f726ef161074ab1c9b0399a,SP,sports_leisure,19,1,5.2600,287.8400,492.9200,135.3500,19,2,10.5300,0.0200,n < 30 - not ranked
430315b7bb4b6e4b3c978f9dfa9b0558,SP,housewares,19,1,5.2600,325.3700,209.7000,98.8000,19,4,21.0500,0.0200,n < 30 - not ranked
52d76513f0c4d97f3b99570e2c94ee31,RS,industry_commerce_and_business,19,1,5.2600,249.8300,95.8800,37.4800,18,3,16.6700,0.0200,n < 30 - not ranked
542917da124346b47ea1ac79a93ce454,PR,health_beauty,19,1,5.2600,286.8100,94.3300,73.5300,19,3,15.7900,0.0200,n < 30 - not ranked
67883baaae6134ee81b271a542613728,SP,watches_gifts,19,1,5.2600,140.1300,164.1000,24.6000,19,2,10.5300,0.0200,n < 30 - not ranked
82bd0703a4aefd6b599e5bfdaed378fb,SP,health_beauty,19,1,5.2600,276.6700,166.8000,111.9200,19,3,15.7900,0.0200,n < 30 - not ranked
d9442042130b7fe579d1295f9f4a248f,SP,housewares,19,1,5.2600,256.3200,185.7700,109.3600,19,2,10.5300,0.0200,n < 30 - not ranked
e24d3429d294b2eb200b064ebb035879,SP,health_beauty,19,1,5.2600,185.0700,211.2000,21.9100,19,2,10.5300,0.0200,n < 30 - not ranked
e5475dcab1e07b63d7f6e902d8f5eda8,SP,sports_leisure,19,1,5.2600,229.7900,70.9900,27.7700,19,3,15.7900,0.0200,n < 30 - not ranked
e84ad2127668df3aafc6b73531a0beb8,SP,cool_stuff,19,1,5.2600,253.5600,204.7400,44.2100,19,2,10.5300,0.0200,n < 30 - not ranked
eb5b6204dde3a6e03b5f1bb8479f055b,SP,housewares,19,1,5.2600,250.7400,144.3100,62.5900,19,2,10.5300,0.0200,n < 30 - not ranked
0d33a55da925bbf1ff02af5f6059fc7f,SP,books_technical,20,1,5.0000,209.0400,138.7400,42.1200,20,2,10.0000,0.0200,n < 30 - not ranked
1fe5540d7c1c37a595fefbacd5570d9e,RJ,computers_accessories,20,1,5.0000,284.6700,137.8800,58.9000,20,1,5.0000,0.0200,n < 30 - not ranked
6288c69c4ce638e59925e59193f98b16,SP,toys,20,1,5.0000,230.7300,213.9800,77.0000,20,1,5.0000,0.0200,n < 30 - not ranked
808d4348b916efa08e766ebad39f61eb,SP,perfumery,20,1,5.0000,191.0800,119.4600,64.5000,20,1,5.0000,0.0200,n < 30 - not ranked
a5a1bfcf728ab0e19182959cf0771ee4,SP,food,20,1,5.0000,330.7900,1361.5800,39.1100,20,1,5.0000,0.0200,n < 30 - not ranked
cfe94489ddd337d1e29e12f2a7205d10,SP,construction_tools_safety,20,1,5.0000,166.1500,120.1600,53.2700,20,1,5.0000,0.0200,n < 30 - not ranked
e99e927c81e3f51739c94fcdfca9f10f,MG,garden_tools,20,1,5.0000,355.5900,326.7000,70.1300,20,3,15.0000,0.0200,n < 30 - not ranked
3d5d0dc7073a299e31fa718ce1bc00b6,RJ,health_beauty,21,1,4.7600,203.8400,25.7800,49.7200,21,3,14.2900,0.0200,n < 30 - not ranked
412a4720f3e9431b4afa1476a1acddbe,SP,sports_leisure,21,1,4.7600,252.7400,1366.3700,37.6200,21,2,9.5200,0.0200,n < 30 - not ranked
4200ddf1967c5e41e48db62bc6d4b5ac,SP,bed_bath_table,21,1,4.7600,253.6000,118.2100,56.3100,18,1,5.5600,0.0200,n < 30 - not ranked
5670f4db5b62c43d542e1b2d56b0cf7c,SP,perfumery,21,1,4.7600,212.0600,69.2000,60.5600,21,2,9.5200,0.0200,n < 30 - not ranked
7c5b05cbdb5542049f38d90d7815b97d,SP,books_imported,21,1,4.7600,181.1600,186.1100,69.7400,21,2,9.5200,0.0200,n < 30 - not ranked
9596c870880d900012f2e8e6e30d06d7,MG,construction_tools_construction,21,1,4.7600,332.0300,216.5900,64.3800,21,1,4.7600,0.0200,n < 30 - not ranked
af3ef48d0e13835e529c29ac573c63e5,SP,pet_shop,21,1,4.7600,190.2800,97.5000,51.9400,21,5,23.8100,0.0200,n < 30 - not ranked
af4a0e4cfe1d9c26b6712b1be25a72e5,MG,computers_accessories,21,1,4.7600,320.6900,168.6900,125.2300,21,8,38.1000,0.0200,n < 30 - not ranked
093805f8f2aeb63881444571e1f48f30,SP,health_beauty,22,1,4.5500,198.5900,182.9700,62.1600,22,3,13.6400,0.0200,n < 30 - not ranked
10076e5788b8ee532724bcd460baf762,SP,baby,22,1,4.5500,246.4700,351.9300,37.1800,22,1,4.5500,0.0200,n < 30 - not ranked
2b1a40c1daabc6ca280c4b815c101841,MG,auto,22,1,4.5500,322.2100,128.4600,27.8100,22,4,18.1800,0.0200,n < 30 - not ranked
503c1de08ae81a2d86f17951b204db55,SP,baby,22,1,4.5500,323.7200,613.4800,40.1400,22,1,4.5500,0.0200,n < 30 - not ranked
55f7a3319d80f7fdf078b8f03e6725fe,SP,auto,22,1,4.5500,162.6500,118.3700,46.4600,22,4,18.1800,0.0200,n < 30 - not ranked
730937bf88cb151eb2eb849f642fc213,SP,sports_leisure,22,1,4.5500,155.3000,64.3700,29.7700,22,2,9.0900,0.0200,n < 30 - not ranked
8fdca8e349553f99bc738833a62c8802,SP,electronics,22,1,4.5500,253.1200,152.2000,56.0900,21,2,9.5200,0.0200,n < 30 - not ranked
df56d7b40d437f88407c5f78b63bc328,PR,sports_leisure,22,1,4.5500,302.0600,1149.1200,53.1400,22,3,13.6400,0.0200,n < 30 - not ranked
f0837c8d71434931d9e38e7b79234797,RS,housewares,22,1,4.5500,283.7400,230.6900,47.5100,22,0,0.0000,0.0200,n < 30 - not ranked
2e13c71026e1a39ba5cc1b86dcb679aa,SP,sports_leisure,23,1,4.3500,257.5300,169.0600,70.1800,23,2,8.7000,0.0200,n < 30 - not ranked
4b5f66b7adcf57f1ecc0d3c07dd6b177,PR,computers_accessories,23,1,4.3500,341.8400,499.1400,121.1100,22,3,13.6400,0.0200,n < 30 - not ranked
a3f0b55de503387383c7b1de3ad7f678,PR,fashion_bags_accessories,23,1,4.3500,262.7800,277.6800,57.3600,23,1,4.3500,0.0200,n < 30 - not ranked
a938325a4b357fd23a6a4d5bb126408e,RJ,auto,23,1,4.3500,321.7100,378.8500,98.6200,23,4,17.3900,0.0200,n < 30 - not ranked
d624126b9206f595fb3fbb6ba03b28a8,PR,auto,23,1,4.3500,272.5900,288.7000,64.2000,22,0,0.0000,0.0200,n < 30 - not ranked
2199e7fe213c16213bf5d6a7eadc9a5d,SP,furniture_decor,24,1,4.1700,258.6800,98.2400,46.2600,24,2,8.3300,0.0200,n < 30 - not ranked
4bfc7a4a1cf8d4d2121c27422d9e50b5,SP,housewares,24,1,4.1700,182.6400,192.7900,76.3800,24,2,8.3300,0.0200,n < 30 - not ranked
95ec4458365c4d11f452ccf538377619,SP,stationery,24,1,4.1700,159.2500,70.9800,72.3000,23,0,0.0000,0.0200,n < 30 - not ranked
b83cedfb587e7911540e3f576d6917ce,SP,health_beauty,24,1,4.1700,243.8100,117.2400,64.4300,24,3,12.5000,0.0200,n < 30 - not ranked
c8417879a15366a17c30af34c798c332,SP,garden_tools,24,1,4.1700,225.6500,34.3100,39.4900,23,2,8.7000,0.0200,n < 30 - not ranked
cea729054f157f5870bdd321a958d994,SP,sports_leisure,24,1,4.1700,174.5500,43.6100,34.4300,24,3,12.5000,0.0200,n < 30 - not ranked
1dc2de47ee26a0a5b12dc14fd6dc0dea,SP,bed_bath_table,25,1,4.0000,350.6500,41.6500,63.5500,25,1,4.0000,0.0200,n < 30 - not ranked
ccf8813e5a7d6c84d865cd38bfc2b130,SP,furniture_decor,25,1,4.0000,280.7000,207.3500,50.2500,25,2,8.0000,0.0200,n < 30 - not ranked
ed4311e67debd72b8610a5347a743087,SP,housewares,25,1,4.0000,187.4200,113.8600,44.7600,24,1,4.1700,0.0200,n < 30 - not ranked
f7496d659ca9fdaf323c0aae84176632,SP,furniture_decor,25,1,4.0000,298.2600,90.9400,174.1300,25,2,8.0000,0.0200,n < 30 - not ranked
06df0c10d34e459d9672bc77388742eb,PR,sports_leisure,26,1,3.8500,241.9700,116.0700,29.7200,26,2,7.6900,0.0200,n < 30 - not ranked
575df70bde3f9f2b30bf8d2e9910d725,SP,furniture_decor,26,1,3.8500,331.4900,141.0000,148.6500,26,3,11.5400,0.0200,n < 30 - not ranked
5f5b43b2bffa8656e4bc6efeb13cc649,SP,stationery,26,1,3.8500,333.0000,187.1300,55.4200,26,2,7.6900,0.0200,n < 30 - not ranked
e883aa812c37a7413226856f4579fe91,SP,small_appliances,26,1,3.8500,237.6500,25.7700,80.0100,26,3,11.5400,0.0200,n < 30 - not ranked
38e679b9e0064cd94c6f035707344dae,PR,sports_leisure,27,1,3.7000,269.5100,351.3900,63.5800,26,4,15.3800,0.0200,n < 30 - not ranked
5b67882648febfb6e1225e6ad7164f6b,PR,sports_leisure,27,1,3.7000,301.4100,230.7500,43.9200,27,4,14.8100,0.0200,n < 30 - not ranked
6061155addc1e54b4cfb51c1c2a32ad8,SP,pet_shop,27,1,3.7000,144.1400,70.0700,35.5000,27,0,0.0000,0.0200,n < 30 - not ranked
ffc470761de7d0232558ba5e786e57b7,SP,housewares,27,1,3.7000,233.7400,192.1100,39.2100,27,1,3.7000,0.0200,n < 30 - not ranked
0bb738e4d789e63e2267697c42d35a2d,SP,industry_commerce_and_business,28,1,3.5700,290.0800,236.0600,69.9600,28,0,0.0000,0.0200,n < 30 - not ranked
1771297ac436903d1dd6b0e9279aa505,SP,baby,28,1,3.5700,226.6400,85.1100,33.1600,27,0,0.0000,0.0200,n < 30 - not ranked
4ebdc7e6cd6102a022dadc49156d4ea8,SP,furniture_decor,28,1,3.5700,238.2800,120.7200,105.6200,28,5,17.8600,0.0200,n < 30 - not ranked
817245bcc3badd82bbd222e0366951a6,SP,auto,28,1,3.5700,298.1200,354.6100,28.2500,27,2,7.4100,0.0200,n < 30 - not ranked
d379f449f2a3b271bc01c0782020f705,MG,furniture_decor,28,1,3.5700,319.1900,405.2800,54.0300,28,6,21.4300,0.0200,n < 30 - not ranked
1464afc72f696af775557a821c2e253f,RJ,perfumery,29,1,3.4500,277.2400,667.7900,32.9200,29,3,10.3400,0.0200,n < 30 - not ranked
c8b3445d737de6befde0c88ede534a5e,SP,toys,29,1,3.4500,288.4600,158.5500,62.5100,29,2,6.9000,0.0200,n < 30 - not ranked
0015a82c2db000af6aaaf3ae2ecb0532,SP,small_appliances,3,0,0.0000,259.0500,,80.6600,3,1,33.3300,0.0000,n < 30 - not ranked
003554e2dce176b5555353e4f3555ac8,GO,,1,0,0.0000,111.5200,,12.8800,1,0,0.0000,0.0000,n < 30 - not ranked
00ab3eff1b5192e5f1a63bcecfee11c8,SP,health_beauty,1,0,0.0000,217.2600,,93.5700,1,0,0.0000,0.0000,n < 30 - not ranked
00d8b143d12632bad99c0ad66ad52825,MG,fashion_bags_accessories,1,0,0.0000,173.6000,,39.0200,1,0,0.0000,0.0000,n < 30 - not ranked
010543a62bd80aa422851e79a3bc7540,SP,computers_accessories,2,0,0.0000,218.0500,,81.2200,2,0,0.0000,0.0000,n < 30 - not ranked
010da0602d7774602cd1b3f5fb7b709e,SP,kitchen_dining_laundry_garden_furniture,1,0,0.0000,626.7500,,521.2800,1,1,100.0000,0.0000,n < 30 - not ranked
011b0eaba87386a2ae96a7d32bb531d1,SP,health_beauty,1,0,0.0000,604.3300,,369.1600,1,0,0.0000,0.0000,n < 30 - not ranked
01266d4c46afa519678d16a8b683d325,PR,costruction_tools_tools,3,0,0.0000,142.1500,,25.5000,3,0,0.0000,0.0000,n < 30 - not ranked
013900e863eace745d3ec7614cab5b1a,PR,fashion_shoes,23,0,0.0000,292.6600,,80.1300,23,1,4.3500,0.0000,n < 30 - not ranked
014d9a685fd57276679edd00e07089e5,PR,stationery,11,0,0.0000,219.7200,,55.5100,11,2,18.1800,0.0000,n < 30 - not ranked
01bcc9d254a0143f0ce9791b960b2a47,GO,health_beauty,10,0,0.0000,306.9100,,39.8600,10,0,0.0000,0.0000,n < 30 - not ranked
01c97ebb5cdac52891c0ed1c37ba0012,SP,computers_accessories,9,0,0.0000,334.3000,,31.7100,9,1,11.1100,0.0000,n < 30 - not ranked
01ed254b9ff8407dfb9d99ba1e17d923,SP,watches_gifts,5,0,0.0000,160.2100,,38.7100,5,0,0.0000,0.0000,n < 30 - not ranked
024b564ae893ce8e9bfa02c10a401ece,SP,market_place,2,0,0.0000,368.1500,,201.3900,2,0,0.0000,0.0000,n < 30 - not ranked
028872bfa080090a9d0abd4f1af168f8,MG,,1,0,0.0000,395.5500,,104.1200,1,0,0.0000,0.0000,n < 30 - not ranked
02b72cdeb9cfcc429f1af6f4e3f3b737,SP,baby,4,0,0.0000,300.2500,,37.5100,4,0,0.0000,0.0000,n < 30 - not ranked
02c988090b766852e088c69d7fb3b551,SP,signaling_and_security,12,0,0.0000,227.5400,,44.3400,12,1,8.3300,0.0000,n < 30 - not ranked
02ecc2a19303f05e59ce133fd923fff7,SP,garden_tools,21,0,0.0000,266.1900,,93.6400,21,1,4.7600,0.0000,n < 30 - not ranked
0307f7565ff85b299b6e5ef162b1b1a9,SP,cool_stuff,6,0,0.0000,364.7700,,165.5500,6,2,33.3300,0.0000,n < 30 - not ranked
034b9387752bfa309f350a70cd45ffa3,SC,toys,8,0,0.0000,204.2000,,53.7500,8,0,0.0000,0.0000,n < 30 - not ranked
039b29ff3b3473435d0cd59040575de9,SP,music,9,0,0.0000,218.5900,,98.9500,9,0,0.0000,0.0000,n < 30 - not ranked
03bd479e1d9484cdb14104d3023f7321,MG,auto,2,0,0.0000,460.8000,,168.7200,2,0,0.0000,0.0000,n < 30 - not ranked
044668ccd5316b12a7cf0d54a156e3e9,SP,food,3,0,0.0000,188.3300,,30.7900,3,0,0.0000,0.0000,n < 30 - not ranked
04843805947f0fc584fc1969b6e50fe7,RS,bed_bath_table,1,0,0.0000,360.8900,,212.8500,1,0,0.0000,0.0000,n < 30 - not ranked
04ee0ec01589969663ba5967c0e0bdc0,RS,arts_and_craftmanship,1,0,0.0000,73.6200,,4.1300,1,0,0.0000,0.0000,n < 30 - not ranked
052577151711aec5c744fe12e66db3e1,SC,small_appliances,1,0,0.0000,336.8100,,146.6400,1,0,0.0000,0.0000,n < 30 - not ranked
0570350b23eda5444f8d1d9544932058,SP,health_beauty,6,0,0.0000,121.7200,,33.3000,6,0,0.0000,0.0000,n < 30 - not ranked
05730013efda596306417c3b09302475,SC,furniture_decor,4,0,0.0000,226.8400,,72.9500,4,0,0.0000,0.0000,n < 30 - not ranked
05a48cc8859962767935ab9087417fbb,SP,garden_tools,1,0,0.0000,270.6400,,140.1200,1,0,0.0000,0.0000,n < 30 - not ranked
05a940b4ecae36cadfd8e93bd9c43257,GO,cool_stuff,9,0,0.0000,342.1100,,87.8500,9,1,11.1100,0.0000,n < 30 - not ranked
05aebce0b5c8f0d41b29b686f2d05fd3,SP,garden_tools,2,0,0.0000,144.0200,,83.2300,2,0,0.0000,0.0000,n < 30 - not ranked
05ca864204d09595ae591b93ea9cf93d,SP,consoles_games,1,0,0.0000,124.0400,,99.8100,1,0,0.0000,0.0000,n < 30 - not ranked
05feb94f19d094d4b0f9281f0b1d4c99,SP,garden_tools,6,0,0.0000,368.9100,,37.0300,6,0,0.0000,0.0000,n < 30 - not ranked
062c325cd6a2b87845fab56b4ec2eeae,SP,baby,2,0,0.0000,131.9000,,43.5700,2,0,0.0000,0.0000,n < 30 - not ranked
06532f10282704ef4c69168b914b77be,PR,garden_tools,7,0,0.0000,398.7700,,69.2600,7,0,0.0000,0.0000,n < 30 - not ranked
06bb3a2fe5e7b7a845b13e8fb91bd944,MG,health_beauty,17,0,0.0000,211.6900,,32.8600,17,0,0.0000,0.0000,n < 30 - not ranked
07017df32dc5f2f1d2801e579548d620,PB,telephony,8,0,0.0000,241.9000,,50.0900,8,2,25.0000,0.0000,n < 30 - not ranked
0743a0239d764b9a0f959a57d07e36ab,SP,food,4,0,0.0000,128.5900,,41.5900,4,0,0.0000,0.0000,n < 30 - not ranked
0761743cbffb25d7148189e9f1a5f03a,SP,health_beauty,3,0,0.0000,315.2900,,79.2500,3,0,0.0000,0.0000,n < 30 - not ranked
077c5fae4bea9500e3737b16f71b9d3a,SP,housewares,4,0,0.0000,199.6300,,108.3000,4,0,0.0000,0.0000,n < 30 - not ranked
0791d9fc1e30678ecf03d3e55fa108d3,MG,housewares,5,0,0.0000,187.3400,,42.8300,5,1,20.0000,0.0000,n < 30 - not ranked
079d295dcbf06ee8bb1b65ba964eb2b6,SP,construction_tools_construction,5,0,0.0000,198.3700,,27.9600,5,0,0.0000,0.0000,n < 30 - not ranked
07a9bc7f61396b658ddf3ac534efe44c,SP,toys,1,0,0.0000,143.8800,,26.9800,1,0,0.0000,0.0000,n < 30 - not ranked
07bf9669d84d1f11be443a9dd938f698,SP,kitchen_dining_laundry_garden_furniture,18,0,0.0000,200.5400,,44.0200,18,5,27.7800,0.0000,n < 30 - not ranked
07d75e33f2750d97d467fb57e4dfdd8a,SP,computers_accessories,2,0,0.0000,283.1200,,141.4100,2,1,50.0000,0.0000,n < 30 - not ranked
07e8e8fc5222bb358e6f259da3197074,SP,,2,0,0.0000,207.3100,,97.4100,2,0,0.0000,0.0000,n < 30 - not ranked
08084d990eb3f53af056ccbc1730c8a7,SP,electronics,11,0,0.0000,207.0900,,91.2600,10,0,0.0000,0.0000,n < 30 - not ranked
085f6f7e049c996695fb2074fe38d45e,SP,housewares,6,0,0.0000,253.5100,,75.8000,6,1,16.6700,0.0000,n < 30 - not ranked
0885aaf116795758dfeb5f1032487bcd,SP,bed_bath_table,25,0,0.0000,144.3800,,27.7300,25,2,8.0000,0.0000,n < 30 - not ranked
08ad4ac1388e4420ca531c3edfc46198,SP,pet_shop,6,0,0.0000,152.8700,,57.7600,6,3,50.0000,0.0000,n < 30 - not ranked
08d0949a9a17c027262db1f3c450c26c,PR,furniture_decor,11,0,0.0000,351.3900,,110.2100,11,2,18.1800,0.0000,n < 30 - not ranked
08d1c9478fb0d7d7fcac9c0da4e82fc7,MG,furniture_decor,1,0,0.0000,249.4200,,149.8700,1,0,0.0000,0.0000,n < 30 - not ranked
08f5819815f3d06545011850bd70f0a8,SP,health_beauty,3,0,0.0000,203.3200,,54.7500,3,0,0.0000,0.0000,n < 30 - not ranked
091065b789659bc3cd9af9cb3a6253ff,RS,cool_stuff,2,0,0.0000,270.3600,,42.3000,2,1,50.0000,0.0000,n < 30 - not ranked
0936e1837d0c79253456bbb2ffaaef10,SP,garden_tools,1,0,0.0000,440.8000,,132.2900,1,0,0.0000,0.0000,n < 30 - not ranked
094ced053e257ae8cae57205592d6712,SP,health_beauty,19,0,0.0000,291.8100,,48.8700,19,3,15.7900,0.0000,n < 30 - not ranked
0951a6e282947e09cd47969f4ed0b47f,SP,perfumery,7,0,0.0000,113.2700,,25.5400,7,0,0.0000,0.0000,n < 30 - not ranked
09bad886111255c5b5030314fc7f1a4a,SP,art,5,0,0.0000,155.2500,,70.7000,5,0,0.0000,0.0000,n < 30 - not ranked
0a198e95d32b1be2da9424c962a6ebfa,MG,garden_tools,1,0,0.0000,385.1400,,290.1000,1,0,0.0000,0.0000,n < 30 - not ranked
0a82f5fb06a4fe4ac2cf7cb412ec71b8,SP,construction_tools_construction,2,0,0.0000,126.7600,,90.6400,2,0,0.0000,0.0000,n < 30 - not ranked
0aa2205ca24f113f4658a5c536667426,SP,stationery,4,0,0.0000,211.0400,,52.9800,4,1,25.0000,0.0000,n < 30 - not ranked
0ad80de75c811326389cfb1daba7d45e,RJ,toys,6,0,0.0000,215.9600,,40.8600,5,0,0.0000,0.0000,n < 30 - not ranked
0ade5cc4a305ed7093a23f68ca47519c,PR,auto,2,0,0.0000,165.0200,,43.8000,2,0,0.0000,0.0000,n < 30 - not ranked
0af2ab31141893d26aca5a404a537dab,SP,computers_accessories,1,0,0.0000,139.4300,,14.6900,1,0,0.0000,0.0000,n < 30 - not ranked
0af977692321d895349eded183341d28,SP,pet_shop,2,0,0.0000,60.9600,,32.7300,2,0,0.0000,0.0000,n < 30 - not ranked
0b09101900100c0e9d312861fad5a1b9,SP,furniture_decor,1,0,0.0000,444.9100,,563.5500,1,0,0.0000,0.0000,n < 30 - not ranked
0b0ddbc7b9d9584f442c7ac92b0ff6c9,SP,auto,3,0,0.0000,286.6600,,88.4800,3,0,0.0000,0.0000,n < 30 - not ranked
0b18d63d0cd1d723567903fd34a07df2,SP,auto,9,0,0.0000,170.6800,,51.2700,9,0,0.0000,0.0000,n < 30 - not ranked
0b1ca3ef18a63d7eb0c8897fa0849c08,SP,health_beauty,1,0,0.0000,161.0500,,120.0300,1,0,0.0000,0.0000,n < 30 - not ranked
0b36063d5818f81ccb94b54adfaebbf5,SC,garden_tools,1,0,0.0000,349.0600,,40.8200,1,0,0.0000,0.0000,n < 30 - not ranked
0b3f27369a4d8df98f7eb91077e438ac,SP,furniture_decor,2,0,0.0000,171.8800,,27.8800,2,0,0.0000,0.0000,n < 30 - not ranked
0b46f784306be7200ca1700aa55d819f,MG,auto,1,0,0.0000,77.8500,,25.5400,1,0,0.0000,0.0000,n < 30 - not ranked
0b64bcdb0784abc139af04077d49a20e,RS,health_beauty,4,0,0.0000,203.8800,,56.7900,4,0,0.0000,0.0000,n < 30 - not ranked
0bb27263628258b8111a0262769fa9db,SP,housewares,1,0,0.0000,1000.3400,,975.0800,1,0,0.0000,0.0000,n < 30 - not ranked
0bebbb2cea103a4a020c95d43fd7d754,SP,health_beauty,9,0,0.0000,141.9600,,31.8000,9,0,0.0000,0.0000,n < 30 - not ranked
0bfd0b434243adc5c2e1aa6baf19c6aa,RJ,furniture_decor,5,0,0.0000,185.0300,,38.2000,5,0,0.0000,0.0000,n < 30 - not ranked
0c7f30ae9b147eca07affbef92832a6a,PR,computers_accessories,5,0,0.0000,205.0200,,47.3100,5,0,0.0000,0.0000,n < 30 - not ranked
0cab2da43793a6f3c5ed8514c5f54627,PR,stationery,3,0,0.0000,120.1300,,14.6800,3,0,0.0000,0.0000,n < 30 - not ranked
0d4c8269e7f0401201794deef160edd6,SP,auto,3,0,0.0000,418.0900,,74.2100,3,1,33.3300,0.0000,n < 30 - not ranked
0daf5180aa44356f60f8effa533b55a2,GO,perfumery,2,0,0.0000,192.6200,,34.9200,2,0,0.0000,0.0000,n < 30 - not ranked
0ddefe3c7a032b91f4e25b9c3a08fca1,SP,arts_and_craftmanship,9,0,0.0000,187.4300,,60.6000,9,0,0.0000,0.0000,n < 30 - not ranked
0e72c1a751b496722a6cb1f10653b62a,SP,toys,3,0,0.0000,165.4100,,24.8300,3,0,0.0000,0.0000,n < 30 - not ranked
0e982cff76cc0579f632cea8a0e38c9d,SC,musical_instruments,5,0,0.0000,225.1400,,116.4400,5,0,0.0000,0.0000,n < 30 - not ranked
0eaa7e33d73809f1f925f7d07c506cbd,SP,toys,15,0,0.0000,141.6900,,31.0000,14,1,7.1400,0.0000,n < 30 - not ranked
0ec28cec4046a4a199b6de9b4c891d97,GO,health_beauty,3,0,0.0000,251.3300,,91.9700,3,0,0.0000,0.0000,n < 30 - not ranked
0ee4fb99ac55ffbbc98795aa01b7f8fa,SP,furniture_decor,1,0,0.0000,165.1900,,73.3700,1,0,0.0000,0.0000,n < 30 - not ranked
0f0c984a4a955310903b6b6008660bad,SP,sports_leisure,4,0,0.0000,341.7700,,36.4100,4,1,25.0000,0.0000,n < 30 - not ranked
0f519b0d2e5eb2227c93dd25038bfc01,SP,furniture_decor,1,0,0.0000,294.5300,,70.2600,1,0,0.0000,0.0000,n < 30 - not ranked
0f7eea709efdf942b5f95c7516dbacd7,SP,health_beauty,3,0,0.0000,193.0500,,51.1200,3,0,0.0000,0.0000,n < 30 - not ranked
0f80a40c312b2472dca482cf50f5186f,SP,perfumery,1,0,0.0000,127.7900,,2.8900,1,0,0.0000,0.0000,n < 30 - not ranked
0f94588695d71662beec8d883ffacf09,SC,art,1,0,0.0000,357.2900,,1.2700,1,0,0.0000,0.0000,n < 30 - not ranked
0fe2d9733ed841eb064503920015a8c0,SP,auto,3,0,0.0000,207.9800,,17.9100,3,0,0.0000,0.0000,n < 30 - not ranked
0ff83046c3fa22efee8ecf291888b191,RS,sports_leisure,10,0,0.0000,301.0500,,93.3200,10,0,0.0000,0.0000,n < 30 - not ranked
10089e9f2fd0c668a8fd4e52e1698888,SP,air_conditioning,3,0,0.0000,183.1700,,44.6700,3,0,0.0000,0.0000,n < 30 - not ranked
101a3a003516bc11253298b2fad3cb65,SP,fashion_male_clothing,5,0,0.0000,155.8300,,46.6200,5,0,0.0000,0.0000,n < 30 - not ranked
10264f60a8f0a4d2f30810f5c661c673,SP,health_beauty,4,0,0.0000,99.0900,,28.6300,4,0,0.0000,0.0000,n < 30 - not ranked
10cdd491d1dbea8fb4ead97b19c334ce,MG,pet_shop,3,0,0.0000,170.1600,,39.2700,3,0,0.0000,0.0000,n < 30 - not ranked
10ff823eda2b032e2c93d17a7d294736,SP,housewares,8,0,0.0000,234.4700,,54.7000,8,1,12.5000,0.0000,n < 30 - not ranked
112453736dbe3889cfb74e1aaa0ba0c1,SP,auto,7,0,0.0000,320.0400,,114.0600,7,1,14.2900,0.0000,n < 30 - not ranked
11742f81550ac064cc9a40f67151d9ad,SP,air_conditioning,2,0,0.0000,218.2800,,86.4400,2,0,0.0000,0.0000,n < 30 - not ranked
117cfc326c6d50da67ca858ff5c0c852,RJ,housewares,5,0,0.0000,145.7600,,30.9600,5,0,0.0000,0.0000,n < 30 - not ranked
11938fcc75f6902fea1d0a6f72b54a57,SC,bed_bath_table,2,0,0.0000,536.7300,,32.2600,2,1,50.0000,0.0000,n < 30 - not ranked
119c7f1a00ef43fad0e57604e76a747c,SP,health_beauty,2,0,0.0000,143.4700,,32.2800,2,0,0.0000,0.0000,n < 30 - not ranked
119d1aef1b4144adba89163f6cd9f5d4,SP,furniture_decor,4,0,0.0000,107.4700,,52.0500,4,0,0.0000,0.0000,n < 30 - not ranked
11d4c477d09821164bca4f70a2eae031,SP,costruction_tools_garden,3,0,0.0000,167.6300,,28.4000,3,0,0.0000,0.0000,n < 30 - not ranked
11eac105f3f90a9b87b19c89d91e24f3,SP,cool_stuff,5,0,0.0000,218.9700,,64.2600,5,1,20.0000,0.0000,n < 30 - not ranked
11fb6f6d341adbe19e81733701704635,SP,bed_bath_table,3,0,0.0000,128.6900,,37.2400,3,0,0.0000,0.0000,n < 30 - not ranked
120476eb7a04c149d14772edaf5d9bf2,RJ,construction_tools_construction,4,0,0.0000,187.1600,,40.6500,4,0,0.0000,0.0000,n < 30 - not ranked
1284de4ae8aa26997e748c851557cf0e,SP,watches_gifts,3,0,0.0000,462.4700,,39.4400,3,2,66.6700,0.0000,n < 30 - not ranked
12a8eb0f8d1cd3270695bf2a99f55966,SP,luggage_accessories,2,0,0.0000,503.4400,,214.5900,2,1,50.0000,0.0000,n < 30 - not ranked
131fcb0a0c9a47bba4474aacff0f14b7,SP,home_appliances,4,0,0.0000,103.2200,,49.5000,4,0,0.0000,0.0000,n < 30 - not ranked
134285d1f41da5c13a756ee8142c8a4e,SP,auto,3,0,0.0000,192.4300,,43.7500,3,1,33.3300,0.0000,n < 30 - not ranked
134a288e7de827ec5ec62e3ec9c3a295,SP,books_technical,9,0,0.0000,226.8000,,40.8800,9,0,0.0000,0.0000,n < 30 - not ranked
134b867a0f7f8bbe6abf10f91874891e,SP,auto,1,0,0.0000,310.4000,,93.9100,1,0,0.0000,0.0000,n < 30 - not ranked
13511db12ac61e2f89c53b72a944a60b,RS,auto,6,0,0.0000,220.0900,,73.7500,6,2,33.3300,0.0000,n < 30 - not ranked
1354d51653f645349064725ed204e85e,SP,furniture_decor,18,0,0.0000,229.4600,,97.1200,18,3,16.6700,0.0000,n < 30 - not ranked
139157dd4daa45c25b0807ffff348363,SP,books_technical,1,0,0.0000,29.1400,,8.7100,1,0,0.0000,0.0000,n < 30 - not ranked
13c2ed7698b3ca92dad49e849219da59,PR,perfumery,8,0,0.0000,261.3600,,48.1300,8,1,12.5000,0.0000,n < 30 - not ranked
13dd308f81fea30cc670c656b2b46cc3,SP,health_beauty,3,0,0.0000,87.3100,,29.5000,3,0,0.0000,0.0000,n < 30 - not ranked
13e85aac53340018b40c2af68001b7e0,SP,furniture_decor,1,0,0.0000,425.2400,,303.2800,1,0,0.0000,0.0000,n < 30 - not ranked
141440cad9341e553f8401c574a2aa38,PR,drinks,11,0,0.0000,159.8700,,34.0900,11,1,9.0900,0.0000,n < 30 - not ranked
1430239a858e7682bbc43b20758af153,SP,baby,17,0,0.0000,184.1100,,36.4600,17,2,11.7600,0.0000,n < 30 - not ranked
1444c08e64d55fb3c25f0f09c07ffcf2,BA,garden_tools,1,0,0.0000,249.4800,,95.9300,1,1,100.0000,0.0000,n < 30 - not ranked
14a08204d03bb6b6bde8029f801ae0eb,SP,electronics,27,0,0.0000,218.0400,,74.1000,27,4,14.8100,0.0000,n < 30 - not ranked
14f2b3587172b9db894c9bad8dab520b,RS,housewares,2,0,0.0000,336.6700,,230.8500,2,1,50.0000,0.0000,n < 30 - not ranked
152ee17e4c8aaf53dac99f3462e4999b,SC,housewares,6,0,0.0000,257.6400,,70.9500,6,0,0.0000,0.0000,n < 30 - not ranked
1588ac4010787100dddef64568f0ae35,PR,computers_accessories,3,0,0.0000,476.9000,,135.6600,3,1,33.3300,0.0000,n < 30 - not ranked
15b3b1b81484422eb41df68ac87f1f50,SP,health_beauty,1,0,0.0000,351.1100,,146.7200,1,1,100.0000,0.0000,n < 30 - not ranked
160851d3ece7aa1a510f8d1a4bb8a8af,SP,computers_accessories,2,0,0.0000,133.8500,,37.6500,2,0,0.0000,0.0000,n < 30 - not ranked
160e4f13fd3a64b1b86807be88b5ffb0,PR,small_appliances,4,0,0.0000,343.1600,,191.6500,4,1,25.0000,0.0000,n < 30 - not ranked
164a5a8794e6d42e14f55e447b12a3bc,PR,baby,1,0,0.0000,321.7800,,1.3000,1,0,0.0000,0.0000,n < 30 - not ranked
166e8f1381e09651983c38b1f6f91c11,SC,,2,0,0.0000,353.4900,,137.9100,2,0,0.0000,0.0000,n < 30 - not ranked
16bdc8cefd0e32a6f0824d296c5ad14a,SP,drinks,1,0,0.0000,223.6000,,57.6800,1,0,0.0000,0.0000,n < 30 - not ranked
1703bc09972dab9782e7a9194943b69f,MG,auto,1,0,0.0000,291.0000,,60.8300,1,0,0.0000,0.0000,n < 30 - not ranked
1710c3aaa9c6b44ec3883ee0fe300e21,SP,electronics,2,0,0.0000,147.0600,,19.9300,2,0,0.0000,0.0000,n < 30 - not ranked
173d56ffbd4c56cb80fc3615487d712b,SP,luggage_accessories,2,0,0.0000,164.1300,,40.3900,2,0,0.0000,0.0000,n < 30 - not ranked
1746c1ae87ac63d530c7c943d0ac42e2,SP,auto,1,0,0.0000,552.5100,,189.3000,1,0,0.0000,0.0000,n < 30 - not ranked
17998cf586426bf0f2c3726cb0a4b211,MG,luggage_accessories,1,0,0.0000,161.1600,,13.8600,1,0,0.0000,0.0000,n < 30 - not ranked
184725737946a1a938bbbd1a9e978103,SP,health_beauty,3,0,0.0000,205.8300,,28.0300,3,0,0.0000,0.0000,n < 30 - not ranked
184a67a8f9f63234d3a92340bbdb727f,SC,furniture_decor,7,0,0.0000,422.9000,,115.0000,7,1,14.2900,0.0000,n < 30 - not ranked
186cdd1b2df32caa72cfb410bba768d3,SC,housewares,6,0,0.0000,213.5600,,69.6100,6,0,0.0000,0.0000,n < 30 - not ranked
189ca3538ce9f920cacf0f982cbe223b,SP,stationery,4,0,0.0000,98.9200,,49.5200,4,1,25.0000,0.0000,n < 30 - not ranked
1927cdb9fa74f5270097f6250e8e8f34,SP,drinks,1,0,0.0000,195.0900,,,1,0,0.0000,0.0000,n < 30 - not ranked
1961c3e1272bfeceb05d0b78b5bbfdaf,SP,,2,0,0.0000,161.6700,,58.9100,2,0,0.0000,0.0000,n < 30 - not ranked
1996942dc085d7773ba77a529b163cd0,SP,watches_gifts,9,0,0.0000,283.0500,,54.1800,9,1,11.1100,0.0000,n < 30 - not ranked
19a7c9f66ffa6452ff4b4c0cca71da27,PR,furniture_decor,1,0,0.0000,604.4700,,96.6800,1,0,0.0000,0.0000,n < 30 - not ranked
19d62d484cba71963c93f0f00ab42013,SC,furniture_decor,1,0,0.0000,334.7200,,167.9600,1,0,0.0000,0.0000,n < 30 - not ranked
19e0f40a907ec568c34bfac15de4f4a1,SP,housewares,4,0,0.0000,140.0500,,60.9700,4,0,0.0000,0.0000,n < 30 - not ranked
1a8e2d9c38b84a9702ac7922924b0573,SC,,1,0,0.0000,374.3600,,8.6500,1,0,0.0000,0.0000,n < 30 - not ranked
1acde099eb406aa220b1169b188b42da,SP,furniture_decor,9,0,0.0000,289.9100,,48.3000,9,1,11.1100,0.0000,n < 30 - not ranked
1b0b0f4f95e962d6f32fe90c759d0479,SP,health_beauty,2,0,0.0000,227.0900,,134.5400,2,0,0.0000,0.0000,n < 30 - not ranked
1b1ae47a313a825a7ccceb8e2e30fa9d,PR,sports_leisure,10,0,0.0000,255.7000,,67.9200,9,2,22.2200,0.0000,n < 30 - not ranked
1b45169b635ef59425637e9a33eb5fb3,PR,housewares,7,0,0.0000,191.3900,,68.6400,7,1,14.2900,0.0000,n < 30 - not ranked
1b61fb1f0f2185d89e9a126c498e9cc7,PR,furniture_decor,1,0,0.0000,272.6100,,105.8100,1,0,0.0000,0.0000,n < 30 - not ranked
1b65c144b17e607c0f37f10bb7dfec8d,SC,construction_tools_construction,5,0,0.0000,210.5000,,29.3800,5,3,60.0000,0.0000,n < 30 - not ranked
1b938a7ec6ac5061a66a3766e0e75f90,SP,baby,29,0,0.0000,275.0600,,45.4300,29,2,6.9000,0.0000,n < 30 - not ranked
1bb3812d5f0747a3ab7348f199001a10,SP,sports_leisure,9,0,0.0000,306.2700,,95.0000,9,0,0.0000,0.0000,n < 30 - not ranked
1bc2e21de46adfea6b98cc96b00f3b40,SC,cool_stuff,3,0,0.0000,396.2700,,183.5000,3,1,33.3300,0.0000,n < 30 - not ranked
1c56ffe0e9dea2657fc6e95b53f40b13,SP,perfumery,3,0,0.0000,160.2700,,28.2000,3,0,0.0000,0.0000,n < 30 - not ranked
1c5e4e49b9079480255b49d50aac1aa9,SP,bed_bath_table,12,0,0.0000,211.1600,,77.6800,12,1,8.3300,0.0000,n < 30 - not ranked
1c742ac33582852aaf3bcfbf5893abcf,MG,sports_leisure,1,0,0.0000,144.4100,,74.9000,1,0,0.0000,0.0000,n < 30 - not ranked
1c83418358f249c9d6affa52d579db0e,SP,music,1,0,0.0000,244.5400,,76.2400,1,0,0.0000,0.0000,n < 30 - not ranked
1cbcd2ee0afb3fc09963b87eb65e7e4f,PR,perfumery,1,0,0.0000,103.6400,,49.4100,1,0,0.0000,0.0000,n < 30 - not ranked
1cbdc7cf130a41fd13a3c2a7d2fcfda7,MG,bed_bath_table,2,0,0.0000,208.5800,,46.3000,2,0,0.0000,0.0000,n < 30 - not ranked
1cd9e0cc1839d55516843def5600816d,SP,bed_bath_table,5,0,0.0000,186.7500,,74.8500,5,0,0.0000,0.0000,n < 30 - not ranked
1d0646a72178a6fb37ee8082140e06ec,SC,health_beauty,2,0,0.0000,183.6500,,29.5400,2,0,0.0000,0.0000,n < 30 - not ranked
1d139e3a3b14025640d8df1b230aace0,SP,sports_leisure,2,0,0.0000,183.6800,,28.9800,2,0,0.0000,0.0000,n < 30 - not ranked
1d953075c2f0dd990bacf27b83b330f1,MG,computers_accessories,1,0,0.0000,174.7800,,25.2700,1,0,0.0000,0.0000,n < 30 - not ranked
1dcfa3835714681d4ba4a93bc1e0fd41,SP,furniture_living_room,12,0,0.0000,361.9000,,157.8000,11,1,9.0900,0.0000,n < 30 - not ranked
1de62b6f2fd96227629786db492433db,SP,sports_leisure,2,0,0.0000,197.6600,,9.2100,2,0,0.0000,0.0000,n < 30 - not ranked
1e26c56af8d48424e1df0140a2401f83,SP,construction_tools_construction,2,0,0.0000,126.0300,,21.5900,2,0,0.0000,0.0000,n < 30 - not ranked
1e47d8b6546eb3a77b1acddcc9406242,SP,fashio_female_clothing,1,0,0.0000,851.8600,,389.0600,1,1,100.0000,0.0000,n < 30 - not ranked
1e47defeeadeca0e9a18fa5a9311e735,SP,sports_leisure,3,0,0.0000,288.4300,,10.9100,3,0,0.0000,0.0000,n < 30 - not ranked
1e483cc5c76fef08d3ca05f9a8af7d01,SP,fashion_underwear_beach,9,0,0.0000,203.6600,,68.7400,9,0,0.0000,0.0000,n < 30 - not ranked
1e8c6a4c538f286aee9573239740a4b4,SP,baby,4,0,0.0000,168.5200,,39.5500,4,0,0.0000,0.0000,n < 30 - not ranked
1e9d5a33694bddb76316fd1f54734d20,MT,furniture_bedroom,2,0,0.0000,294.0900,,108.5200,2,0,0.0000,0.0000,n < 30 - not ranked
1f7dfad2cb384ea4d2d7e1ffbd78c407,SP,baby,1,0,0.0000,152.6900,,119.3300,1,1,100.0000,0.0000,n < 30 - not ranked
1f7fd2a6fcd5a6fa5d8a4dabc72aaae0,RS,housewares,3,0,0.0000,170.6300,,23.4000,3,0,0.0000,0.0000,n < 30 - not ranked
1f867308a0ce13133a4e639ff4de0c02,PR,housewares,6,0,0.0000,266.1700,,79.9100,6,0,0.0000,0.0000,n < 30 - not ranked
1fbe10c70e30765ed1de86d9f7e98409,SP,housewares,2,0,0.0000,327.9800,,68.1600,2,1,50.0000,0.0000,n < 30 - not ranked
1fe61aa5494bd3ae92a2c13e067c810f,SC,auto,1,0,0.0000,191.7700,,8.4300,1,0,0.0000,0.0000,n < 30 - not ranked
2009a095de2a2a41626f6c6d7722678d,SP,computers_accessories,7,0,0.0000,211.1400,,28.0300,7,1,14.2900,0.0000,n < 30 - not ranked
2039c5e51785b5dde7cf93ccb3b7be2c,SP,housewares,1,0,0.0000,198.4600,,22.5700,1,0,0.0000,0.0000,n < 30 - not ranked
204b4e07bddef3c9b317f70189135b22,MG,bed_bath_table,1,0,0.0000,244.5100,,68.9600,1,0,0.0000,0.0000,n < 30 - not ranked
2059c39f76271d4ca3f15b5ffaccc8b8,PR,books_general_interest,12,0,0.0000,230.0600,,58.6400,12,0,0.0000,0.0000,n < 30 - not ranked
20611af7866c6068fd5ae1f9dbe15c92,SP,baby,2,0,0.0000,204.9400,,95.7400,2,0,0.0000,0.0000,n < 30 - not ranked
2063dd1b9f568df1c16741ea7d3e6adb,PR,furniture_decor,3,0,0.0000,303.6300,,29.2700,3,0,0.0000,0.0000,n < 30 - not ranked
2075d8cd4dd63ff12df0749a5866bb06,PR,bed_bath_table,3,0,0.0000,113.8700,,26.4100,3,0,0.0000,0.0000,n < 30 - not ranked
20a7efa9721046319bdde5d60b6b5365,SP,sports_leisure,3,0,0.0000,464.8700,,25.0900,3,0,0.0000,0.0000,n < 30 - not ranked
213fafb0ca06fb3d5886579c2565791b,MG,cine_photo,3,0,0.0000,102.2300,,17.1300,3,2,66.6700,0.0000,n < 30 - not ranked
217f005bb37ff3aeef5b2ae1788e75ba,SP,fashion_sport,2,0,0.0000,346.9100,,141.6600,2,0,0.0000,0.0000,n < 30 - not ranked
21c62b998a043ebe31161d38f84929fc,CE,auto,4,0,0.0000,319.2800,,69.2800,4,0,0.0000,0.0000,n < 30 - not ranked
21d59342ba150175ca2aa4f8faddeca6,SP,health_beauty,2,0,0.0000,206.9200,,20.2300,2,0,0.0000,0.0000,n < 30 - not ranked
21e83881401b92b49fb09a16d3852291,MG,garden_tools,12,0,0.0000,262.7800,,87.9400,12,0,0.0000,0.0000,n < 30 - not ranked
2235cf78d3e2073a88146a9cb60f0dd0,SP,furniture_living_room,1,0,0.0000,341.1600,,120.1600,1,0,0.0000,0.0000,n < 30 - not ranked
226b05fe067266c59c15dae208213d06,PR,pet_shop,10,0,0.0000,239.4800,,31.5600,10,1,10.0000,0.0000,n < 30 - not ranked
228e4c1a0be164f613d41c24345f9d2c,PR,housewares,5,0,0.0000,266.8500,,96.7300,5,0,0.0000,0.0000,n < 30 - not ranked
22a23e5ac7061fc538cc2a019afaaf16,MG,food_drink,1,0,0.0000,264.7000,,188.6300,1,0,0.0000,0.0000,n < 30 - not ranked
22c32ec35d0116ef02c281798a25bf8b,PR,sports_leisure,4,0,0.0000,274.9500,,29.0400,4,0,0.0000,0.0000,n < 30 - not ranked
2305ab43e846518f58dd9d59f3f54e96,SP,perfumery,3,0,0.0000,283.9000,,82.0300,3,1,33.3300,0.0000,n < 30 - not ranked
23ca5f678e0b3ea6c630b30fa8bf51ea,SP,home_appliances,6,0,0.0000,174.5000,,77.2500,6,0,0.0000,0.0000,n < 30 - not ranked
23ff42c4bf1f8f16cddb19d8b972974a,MG,sports_leisure,2,0,0.0000,284.2500,,66.6600,2,0,0.0000,0.0000,n < 30 - not ranked
247587846358bb1d2e4c6522020b36fe,SP,pet_shop,1,0,0.0000,115.4400,,39.7000,1,0,0.0000,0.0000,n < 30 - not ranked
2493dc3f20131696a0ecdb9948051a8d,DF,cool_stuff,4,0,0.0000,220.2000,,43.0000,4,0,0.0000,0.0000,n < 30 - not ranked
249f0e9905a6e06ad6c6bea7547ab9f6,RJ,art,3,0,0.0000,150.5100,,64.8100,3,1,33.3300,0.0000,n < 30 - not ranked
24a6daf925d9d591870a66660416de31,SP,books_general_interest,2,0,0.0000,326.8100,,27.7300,2,0,0.0000,0.0000,n < 30 - not ranked
24c1de8d9551c0b4fbc53317d53efda8,PB,sports_leisure,1,0,0.0000,306.7000,,108.7300,1,0,0.0000,0.0000,n < 30 - not ranked
2528744c5ef5d955adc318720a94d2e7,SP,agro_industry_and_commerce,5,0,0.0000,241.7000,,90.9000,5,3,60.0000,0.0000,n < 30 - not ranked
252e76235acb79183cfca6e34f13337d,SP,furniture_decor,3,0,0.0000,339.0700,,97.2600,3,1,33.3300,0.0000,n < 30 - not ranked
253f95b3a0e6983ae18aed49fbc2b845,SP,auto,5,0,0.0000,220.9700,,57.9400,5,0,0.0000,0.0000,n < 30 - not ranked
257e61d3251fb5efb9daadddbc2cf7ca,PR,baby,12,0,0.0000,194.2800,,39.0100,12,0,0.0000,0.0000,n < 30 - not ranked
258447aad3f7b01e2643c89f64dc5647,PR,health_beauty,1,0,0.0000,190.7000,,16.7500,1,0,0.0000,0.0000,n < 30 - not ranked
25be943a321c8938947bdaabca979a90,SP,kitchen_dining_laundry_garden_furniture,3,0,0.0000,76.8900,,45.1500,3,0,0.0000,0.0000,n < 30 - not ranked
25debeafbce801fdd479539350185eee,SP,perfumery,4,0,0.0000,366.7200,,120.2800,4,1,25.0000,0.0000,n < 30 - not ranked
25e47381a6c510ddeb36084e33b89f0c,SP,bed_bath_table,16,0,0.0000,240.0300,,81.1300,16,1,6.2500,0.0000,n < 30 - not ranked
262237171f48e85819065498cac80d7b,SC,sports_leisure,4,0,0.0000,265.6900,,39.2200,4,0,0.0000,0.0000,n < 30 - not ranked
26562f211dd1364af2a8596dc945e8ae,SP,bed_bath_table,2,0,0.0000,54.1300,,27.3800,2,0,0.0000,0.0000,n < 30 - not ranked
265fdc289dffa9f1ad801c74f7d0de47,SP,furniture_bedroom,1,0,0.0000,176.5800,,25.7800,1,0,0.0000,0.0000,n < 30 - not ranked
26785a546900236d66f2e4197c211158,SP,consoles_games,15,0,0.0000,138.4100,,53.1100,15,1,6.6700,0.0000,n < 30 - not ranked
269c5fc9fcadee614364c3620c30a1f9,SP,luggage_accessories,3,0,0.0000,110.5600,,64.7000,3,0,0.0000,0.0000,n < 30 - not ranked
269cff2d3c8d205c11f37a52402ea93b,SP,agro_industry_and_commerce,4,0,0.0000,171.0800,,39.7200,4,0,0.0000,0.0000,n < 30 - not ranked
26af45f5dfd967225a832838aa4e24a3,PR,auto,9,0,0.0000,235.3500,,43.9900,9,2,22.2200,0.0000,n < 30 - not ranked
26b482dccfa29bd2e40703ba45523702,SP,pet_shop,3,0,0.0000,86.2200,,23.9300,3,0,0.0000,0.0000,n < 30 - not ranked
26bad72add1f86e08a776ce4ffdaf1ca,SP,food_drink,7,0,0.0000,262.6300,,52.4700,7,0,0.0000,0.0000,n < 30 - not ranked
26d6bbee02420494d471c9f6436929c0,PR,auto,12,0,0.0000,200.9600,,36.9200,12,0,0.0000,0.0000,n < 30 - not ranked
26e13b6ff5b641b329e5524241ee2c93,SP,fashion_bags_accessories,3,0,0.0000,167.1600,,13.8900,3,0,0.0000,0.0000,n < 30 - not ranked
26e2e5033827d2ba53929f43e03d8ffe,SP,furniture_decor,1,0,0.0000,126.4600,,49.5300,1,0,0.0000,0.0000,n < 30 - not ranked
270297ead4c65a6cd2593960d2af6b21,SP,furniture_decor,17,0,0.0000,344.2000,,75.3400,17,5,29.4100,0.0000,n < 30 - not ranked
270572bb714b00531be85e16e1550f26,SP,bed_bath_table,1,0,0.0000,265.7500,,36.0200,1,0,0.0000,0.0000,n < 30 - not ranked
270d3ef21830ad0ecf3a6c53d08a533a,SP,diapers_and_hygiene,5,0,0.0000,277.0400,,121.1800,5,2,40.0000,0.0000,n < 30 - not ranked
272f092de69afedd4d2969440b37f18f,SP,fashion_bags_accessories,25,0,0.0000,244.0200,,69.4300,24,5,20.8300,0.0000,n < 30 - not ranked
28405831a29823802aa22c084cfd0649,SP,christmas_supplies,6,0,0.0000,172.6600,,104.7900,6,0,0.0000,0.0000,n < 30 - not ranked
28872dc528e978a639754bc8c2ce5a4c,RS,housewares,1,0,0.0000,96.9400,,13.1400,1,0,0.0000,0.0000,n < 30 - not ranked
28a26ebce31d5918b181ede016fd693b,MG,health_beauty,1,0,0.0000,265.7100,,69.6900,1,0,0.0000,0.0000,n < 30 - not ranked
28c7d8743fbc8679f484868cc0fcaefb,SP,health_beauty,3,0,0.0000,324.5900,,67.2900,3,0,0.0000,0.0000,n < 30 - not ranked
28d162ab86bb49d719c32f0ee6186eaa,SP,sports_leisure,1,0,0.0000,393.3300,,9.6200,1,0,0.0000,0.0000,n < 30 - not ranked
28ea411b354f14b1a494be4e79f0ce02,SP,bed_bath_table,6,0,0.0000,214.0000,,48.1100,6,0,0.0000,0.0000,n < 30 - not ranked
28fb0829fd777877cdc350d25cb5bd5b,SP,health_beauty,2,0,0.0000,337.9600,,19.9300,2,0,0.0000,0.0000,n < 30 - not ranked
293dee954235e4e4e43f129313625ebe,DF,stationery,8,0,0.0000,346.5600,,54.8200,8,0,0.0000,0.0000,n < 30 - not ranked
296729ffb9b684050dd24836dac4494a,SP,bed_bath_table,2,0,0.0000,174.4800,,47.3800,2,0,0.0000,0.0000,n < 30 - not ranked
297d5eccd19fa9a83b2630071ff105e4,PR,housewares,8,0,0.0000,165.1700,,38.2000,8,0,0.0000,0.0000,n < 30 - not ranked
299c89a525fee36c567f4fe72f038100,CE,agro_industry_and_commerce,1,0,0.0000,223.6700,,19.7600,1,0,0.0000,0.0000,n < 30 - not ranked
29e6e05b65f93bc224c644319dc52ecf,MG,baby,4,0,0.0000,165.9900,,17.9000,4,0,0.0000,0.0000,n < 30 - not ranked
29fe9f200d3fa0c668d2aa1ec7e08dfb,SC,telephony,5,0,0.0000,257.9800,,74.3500,5,1,20.0000,0.0000,n < 30 - not ranked
2a167ca73899c85001a837d8fb4962f6,SP,costruction_tools_tools,2,0,0.0000,156.2200,,31.9100,2,0,0.0000,0.0000,n < 30 - not ranked
2a73cba571d90c694b7caca072ccf6ce,SP,furniture_decor,1,0,0.0000,511.9900,,288.2500,1,0,0.0000,0.0000,n < 30 - not ranked
2a7c6c0b0d5efde2bf75ec1e1cec2d41,PR,furniture_decor,3,0,0.0000,254.5700,,82.2400,3,1,33.3300,0.0000,n < 30 - not ranked
2aafae69bf4c41fbd94053d9413e87ee,RS,stationery,1,0,0.0000,283.9900,,92.2400,1,0,0.0000,0.0000,n < 30 - not ranked
2addf05f476d0637864454e93ba673d5,DF,computers_accessories,12,0,0.0000,249.5600,,30.9700,12,0,0.0000,0.0000,n < 30 - not ranked
2b2fed75b8e5ea3a052fc4c0825da485,MG,toys,3,0,0.0000,133.7000,,52.0100,3,0,0.0000,0.0000,n < 30 - not ranked
2b3b9ce054da76a7428df143a567b156,SP,furniture_decor,4,0,0.0000,183.4500,,59.9500,4,1,25.0000,0.0000,n < 30 - not ranked
2b402d5dc42554061f8ea98d1916f148,BA,toys,1,0,0.0000,144.0100,,44.2900,1,0,0.0000,0.0000,n < 30 - not ranked
2bd05d410a8fd26dc4184a15f4f2f588,MG,cool_stuff,6,0,0.0000,244.2400,,95.5200,6,0,0.0000,0.0000,n < 30 - not ranked
2bdb95a56a36ebbc6640337ac5eac174,SP,health_beauty,1,0,0.0000,140.4500,,85.9400,1,0,0.0000,0.0000,n < 30 - not ranked
2c00c85d30361cd2ced2969cffbbffa3,MG,baby,1,0,0.0000,44.9800,,21.1300,1,0,0.0000,0.0000,n < 30 - not ranked
2c2c9832d1bb38c5b0034a3b47d313ee,RS,perfumery,1,0,0.0000,290.2500,,124.8800,1,0,0.0000,0.0000,n < 30 - not ranked
2c43fb513632d29b3b58df74816f1b06,MG,pet_shop,3,0,0.0000,110.2700,,35.8900,3,1,33.3300,0.0000,n < 30 - not ranked
2c4c47cb51acd5ea5db5e0ae0e26542a,SP,pet_shop,12,0,0.0000,257.7500,,56.3400,12,0,0.0000,0.0000,n < 30 - not ranked
2c538755f1ca9540af144f266e70df6c,MG,auto,1,0,0.0000,157.3900,,55.6300,1,0,0.0000,0.0000,n < 30 - not ranked
2c54051840f19eca309a5423cf22df36,PR,sports_leisure,2,0,0.0000,214.3600,,136.3400,2,0,0.0000,0.0000,n < 30 - not ranked
2c9005d8043aff18b8557ffb7b13cda4,ES,furniture_decor,1,0,0.0000,188.4600,,65.3200,1,0,0.0000,0.0000,n < 30 - not ranked
2cb4700db635baa1c0d4f90ed27b6669,PR,baby,2,0,0.0000,395.6000,,325.3500,2,1,50.0000,0.0000,n < 30 - not ranked
2cb6eb1b7185064167657fa09f541105,MG,furniture_decor,6,0,0.0000,196.8200,,80.9600,6,1,16.6700,0.0000,n < 30 - not ranked
2cb98e27ce1c18abdb42209b34c382a7,SP,auto,1,0,0.0000,457.5500,,24.8900,1,0,0.0000,0.0000,n < 30 - not ranked
2d20f1cd18725c91147da0791d498022,PR,housewares,1,0,0.0000,238.8800,,45.1400,1,0,0.0000,0.0000,n < 30 - not ranked
2d22fc3089eb907b29ebff50581fb472,RJ,home_construction,3,0,0.0000,230.8800,,17.5700,3,0,0.0000,0.0000,n < 30 - not ranked
2d34636518ba88f5349b732fcf8ba2e4,SP,music,1,0,0.0000,259.9800,,40.3100,1,0,0.0000,0.0000,n < 30 - not ranked
2d378dbb39815785238c0139c7647fb7,SC,furniture_living_room,2,0,0.0000,471.3500,,151.7000,2,0,0.0000,0.0000,n < 30 - not ranked
2d42ebcda99fd55f6f4bc2f1ca035d50,GO,small_appliances,10,0,0.0000,230.5200,,37.3900,10,1,10.0000,0.0000,n < 30 - not ranked
2d518637f53161b973e01f56ea4bb88e,SP,sports_leisure,13,0,0.0000,327.9300,,96.9600,13,0,0.0000,0.0000,n < 30 - not ranked
2d8cfba3fcd3170555941605edaa196a,SP,books_technical,1,0,0.0000,118.8900,,16.6200,1,0,0.0000,0.0000,n < 30 - not ranked
2d9e8987a2ea5cf88dce330249043ff1,SP,furniture_living_room,2,0,0.0000,213.5300,,36.4100,2,0,0.0000,0.0000,n < 30 - not ranked
2dd1fb6f0e42a2243b8a01e40cd41216,PR,sports_leisure,3,0,0.0000,326.6200,,32.7800,3,1,33.3300,0.0000,n < 30 - not ranked
2e0dba2da448400b1c11d7b4b22f32a4,SP,auto,7,0,0.0000,212.8600,,74.9300,7,3,42.8600,0.0000,n < 30 - not ranked
2e2f44824ab87a0cb961f68bf4073e7f,PR,,1,0,0.0000,262.9300,,197.3700,1,1,100.0000,0.0000,n < 30 - not ranked
2ea0861cc19e94cad86438c984c52da4,SP,housewares,5,0,0.0000,121.4600,,43.9600,5,0,0.0000,0.0000,n < 30 - not ranked
2ec6e37d992a95eaddb3369dcbcc76d9,RS,housewares,1,0,0.0000,288.9100,,75.3500,1,1,100.0000,0.0000,n < 30 - not ranked
2ee0a0689f2f6a72f35a7cb6033f6e7e,SP,fashion_bags_accessories,4,0,0.0000,232.3600,,48.0000,4,0,0.0000,0.0000,n < 30 - not ranked
2eeb6531ee027a48d401e72bebdd87d3,SP,perfumery,3,0,0.0000,293.0700,,51.2200,3,0,0.0000,0.0000,n < 30 - not ranked
2ef086a599b597572aca4433b7ed6b3d,SC,health_beauty,1,0,0.0000,269.8600,,31.0200,1,0,0.0000,0.0000,n < 30 - not ranked
2f1e7b90e01d9f086cbcb301c0c3d406,SC,construction_tools_construction,1,0,0.0000,170.6500,,20.5500,1,0,0.0000,0.0000,n < 30 - not ranked
2f3d8b4c9e2ee165075331fea3f3095a,SC,,1,0,0.0000,295.9500,,122.1200,1,0,0.0000,0.0000,n < 30 - not ranked
2f4b0d3b9634b647d4edee577d7ebb7e,SP,perfumery,10,0,0.0000,147.5500,,98.5100,10,0,0.0000,0.0000,n < 30 - not ranked
2f4b9d112bfa44a214bc6cef085d17c8,ES,computers_accessories,5,0,0.0000,354.6200,,73.8700,5,0,0.0000,0.0000,n < 30 - not ranked
2f73e04d12cdf0c945ded66bb3fcf6c7,ES,garden_tools,3,0,0.0000,326.2900,,51.4000,3,1,33.3300,0.0000,n < 30 - not ranked
2f74af7a0ee5636f12c2336f9fffed47,SP,sports_leisure,13,0,0.0000,232.7200,,93.9300,13,1,7.6900,0.0000,n < 30 - not ranked
2f9b7ce230a057a98a9f5df5893ee36c,SP,housewares,2,0,0.0000,251.0000,,109.4300,2,0,0.0000,0.0000,n < 30 - not ranked
2fa13c8bd5705d279f7ed5cc9ec61c68,SP,health_beauty,2,0,0.0000,109.3000,,26.3400,2,0,0.0000,0.0000,n < 30 - not ranked
2fb25ab44bdbeae6a4d816e0d0c9d500,RJ,small_appliances,5,0,0.0000,204.5000,,59.2400,5,0,0.0000,0.0000,n < 30 - not ranked
2fdde51ad3e12f297da656d4fbd5d0b5,SC,garden_tools,9,0,0.0000,366.4100,,62.7000,9,0,0.0000,0.0000,n < 30 - not ranked
2ff6b7bff164ef05590a52734e1296da,PR,industry_commerce_and_business,7,0,0.0000,281.9400,,46.3600,7,0,0.0000,0.0000,n < 30 - not ranked
3076499bbc033a927bf4a8a41bcf7fd4,SP,furniture_decor,6,0,0.0000,199.4700,,69.1400,6,1,16.6700,0.0000,n < 30 - not ranked
3092c0b297aacfb4bb6e056ebe13b9b8,SP,housewares,15,0,0.0000,331.0900,,90.1700,15,1,6.6700,0.0000,n < 30 - not ranked
30a81d8cf85fb2ada1b1b094c9583a95,SP,pet_shop,17,0,0.0000,102.9600,,39.5400,17,0,0.0000,0.0000,n < 30 - not ranked
31e60bf8d103ce47932a85f5562deb16,GO,luggage_accessories,1,0,0.0000,347.0800,,19.7000,1,0,0.0000,0.0000,n < 30 - not ranked
31eec405c9bb71dec8e2629a92e764fa,ES,auto,5,0,0.0000,205.7400,,37.8900,5,0,0.0000,0.0000,n < 30 - not ranked
3289d8c3eef4873f91ce0b1343c0dd58,SP,sports_leisure,1,0,0.0000,331.8700,,68.6300,1,0,0.0000,0.0000,n < 30 - not ranked
328acb143b4a73aad6bee8e734f5d20d,PR,computers_accessories,2,0,0.0000,289.4000,,60.0900,2,0,0.0000,0.0000,n < 30 - not ranked
3296662b1331dea51e744505065ae889,SP,,1,0,0.0000,81.7200,,26.4200,1,0,0.0000,0.0000,n < 30 - not ranked
32e5635e63cb374eb63afdd242fb6134,RJ,small_appliances,1,0,0.0000,175.4300,,137.3800,1,0,0.0000,0.0000,n < 30 - not ranked
32f83ffe11cd40f7adcf4eef171f52d9,RS,health_beauty,1,0,0.0000,253.7800,,100.1100,1,0,0.0000,0.0000,n < 30 - not ranked
32fdd5d44ecb43dfd6a24b9369eca144,MG,stationery,8,0,0.0000,385.6900,,62.0200,8,0,0.0000,0.0000,n < 30 - not ranked
333c4210e76a1aa2ab817b99437e3ff1,SP,auto,2,0,0.0000,171.8800,,9.9000,2,0,0.0000,0.0000,n < 30 - not ranked
334cab711dee080b079fa5779b584783,SP,furniture_decor,10,0,0.0000,209.5700,,38.9500,10,0,0.0000,0.0000,n < 30 - not ranked
3364a91ec4d56c98e44174de954b94f6,RO,auto,6,0,0.0000,355.8300,,40.3400,6,2,33.3300,0.0000,n < 30 - not ranked
33ab10be054370c254ddfcf0a6253422,RJ,health_beauty,4,0,0.0000,139.5300,,46.6700,4,0,0.0000,0.0000,n < 30 - not ranked
33cbbec1e7e1044aaf11d152172c776f,RS,small_appliances,15,0,0.0000,202.3000,,27.8200,15,0,0.0000,0.0000,n < 30 - not ranked
33cbda8716511e27e556dff9d8418bf2,SC,bed_bath_table,5,0,0.0000,305.1100,,54.9800,5,0,0.0000,0.0000,n < 30 - not ranked
33d677f27a69b84051204ee4ae76eaca,SC,food_drink,9,0,0.0000,211.8300,,74.2400,9,1,11.1100,0.0000,n < 30 - not ranked
33dd941c27854f7625b968cc6195a552,ES,housewares,5,0,0.0000,280.8100,,49.0800,5,1,20.0000,0.0000,n < 30 - not ranked
33fd411ed63a7c2f9005e3f065d9f85d,RS,health_beauty,1,0,0.0000,195.2400,,53.8200,1,0,0.0000,0.0000,n < 30 - not ranked
340636a908b13bbe0f4fb63fbe1d0c03,SP,pet_shop,3,0,0.0000,187.8300,,92.8500,3,0,0.0000,0.0000,n < 30 - not ranked
3442033154be05bac582e173ef54fd12,SP,telephony,1,0,0.0000,93.7600,,14.4400,1,0,0.0000,0.0000,n < 30 - not ranked
344223b2a90784f64136a8a5da012e7f,SC,food_drink,1,0,0.0000,782.9800,,132.4700,1,1,100.0000,0.0000,n < 30 - not ranked
34675b28b826facfde119785bf287dc1,PR,auto,1,0,0.0000,142.7700,,20.3200,1,0,0.0000,0.0000,n < 30 - not ranked
3481aa57cd91f9f9d3fa1fa12d9a3bf7,SP,furniture_decor,25,0,0.0000,244.6800,,113.9900,25,5,20.0000,0.0000,n < 30 - not ranked
3492e68f37fd1df87f4f2f2ea247f445,SP,auto,8,0,0.0000,223.7200,,64.0700,8,2,25.0000,0.0000,n < 30 - not ranked
34a557286ead8fe75c989e0afcf7d98c,SP,health_beauty,4,0,0.0000,198.4700,,57.5800,4,0,0.0000,0.0000,n < 30 - not ranked
34f563c82a85b99ae9e6d60db5fc2e28,RS,musical_instruments,7,0,0.0000,260.8300,,74.6200,7,0,0.0000,0.0000,n < 30 - not ranked
35281d148dcf7134bae913c57db4e6da,SP,housewares,1,0,0.0000,126.6000,,83.3400,1,0,0.0000,0.0000,n < 30 - not ranked
353e21e8bf8de2722b4fae1636664b76,RS,auto,3,0,0.0000,248.4800,,74.5900,3,1,33.3300,0.0000,n < 30 - not ranked
35b96509602ec4b7da831b5cd73ff2c2,RS,sports_leisure,2,0,0.0000,219.0000,,48.0600,2,0,0.0000,0.0000,n < 30 - not ranked
35ef5aa32949680f627efec3c23e705c,SC,musical_instruments,3,0,0.0000,226.2700,,33.5000,3,0,0.0000,0.0000,n < 30 - not ranked
3606774ec64634822d78dc2db6d37045,SP,garden_tools,1,0,0.0000,379.6000,,253.0100,1,0,0.0000,0.0000,n < 30 - not ranked
365e445f796710c3431557e85caa25db,SP,cool_stuff,4,0,0.0000,201.2800,,15.6700,4,0,0.0000,0.0000,n < 30 - not ranked
365e4bce19bda0082c3d15d83fdb8bcd,SP,sports_leisure,6,0,0.0000,249.0500,,40.8500,6,0,0.0000,0.0000,n < 30 - not ranked
36f98ad67cc981f50ce8aed093d5783c,PR,electronics,2,0,0.0000,146.5900,,17.3100,2,0,0.0000,0.0000,n < 30 - not ranked
37303482a42fb700d8d127e70a9cd6c8,SP,toys,1,0,0.0000,49.2400,,27.4200,1,0,0.0000,0.0000,n < 30 - not ranked
376d67b61dce0c990155286e7ae486a4,SP,health_beauty,1,0,0.0000,344.3100,,28.3200,1,0,0.0000,0.0000,n < 30 - not ranked
377bc18334c78dd2f1535ef22a3ad225,PR,garden_tools,1,0,0.0000,237.2800,,43.8200,1,0,0.0000,0.0000,n < 30 - not ranked
3785b653b1b82de85ab47dd139938091,PR,housewares,20,0,0.0000,295.0900,,45.0800,20,0,0.0000,0.0000,n < 30 - not ranked
38102b031c2a15e54623d711bfc753d3,CE,furniture_decor,6,0,0.0000,600.0300,,225.5100,6,0,0.0000,0.0000,n < 30 - not ranked
385799a1cddbd26dfeb9157356a42282,SP,sports_leisure,4,0,0.0000,204.0700,,111.1400,4,0,0.0000,0.0000,n < 30 - not ranked
389e45560e33d2d0747f949dcddbc08e,SP,auto,1,0,0.0000,94.7900,,16.5400,1,0,0.0000,0.0000,n < 30 - not ranked
38af8acfd46ac4a7bf754e8ca6736664,SP,cool_stuff,5,0,0.0000,153.2600,,68.6400,5,0,0.0000,0.0000,n < 30 - not ranked
38e6dada03429a47197d5d584d793b41,SP,stationery,7,0,0.0000,242.7600,,117.6300,7,1,14.2900,0.0000,n < 30 - not ranked
38f276ca6e7cc95a6d1bb55ac9e5550f,SP,,1,0,0.0000,124.8200,,46.3400,1,0,0.0000,0.0000,n < 30 - not ranked
392353362d22cc2c236e1ee81ff19890,SC,construction_tools_construction,4,0,0.0000,201.6500,,56.7700,4,0,0.0000,0.0000,n < 30 - not ranked
392f7f2c797e4dc077e4311bde2ab8ce,RN,auto,2,0,0.0000,127.4200,,19.1800,2,0,0.0000,0.0000,n < 30 - not ranked
3969863bb8af7f72580b3b1ffd3a17b3,SP,sports_leisure,10,0,0.0000,240.0100,,120.9100,10,0,0.0000,0.0000,n < 30 - not ranked
3985a3c45be355a4c57fde108bfabd1c,RS,consoles_games,7,0,0.0000,274.6300,,34.9700,7,1,14.2900,0.0000,n < 30 - not ranked
3986c0b54f6b748b75e7bd4e092aa3e5,PR,perfumery,1,0,0.0000,146.9600,,65.9900,1,0,0.0000,0.0000,n < 30 - not ranked
398cb257329ef7af7f1943a8974a3cbc,BA,drinks,1,0,0.0000,170.1900,,74.1700,1,0,0.0000,0.0000,n < 30 - not ranked
39a5005f2605cbdb4f9ac14485cabfd1,SP,auto,3,0,0.0000,230.9700,,45.9800,3,0,0.0000,0.0000,n < 30 - not ranked
39d61be7a92eb77b7da367bd4845bc0e,SP,furniture_decor,7,0,0.0000,258.7800,,106.2200,7,1,14.2900,0.0000,n < 30 - not ranked
39f776d2974049026ff531fc42ef2a3e,GO,construction_tools_safety,3,0,0.0000,393.1900,,225.5200,3,1,33.3300,0.0000,n < 30 - not ranked
3a3c180dd702a725bd0ba4117689239e,PR,pet_shop,1,0,0.0000,331.7200,,66.2100,1,0,0.0000,0.0000,n < 30 - not ranked
3a3e46d10f74d8a6ca76e2b538f106a0,SP,food_drink,2,0,0.0000,467.6900,,68.5300,2,0,0.0000,0.0000,n < 30 - not ranked
3a4127e1ba7208ea37044c5092aae170,SP,telephony,5,0,0.0000,282.6300,,71.6600,5,1,20.0000,0.0000,n < 30 - not ranked
3a490ba60afa30ece0e7d50cfe74a4f0,MG,fashion_bags_accessories,8,0,0.0000,286.4000,,30.2600,8,0,0.0000,0.0000,n < 30 - not ranked
3a52d63a8f9daf5a28f3626d7eb9bd28,SP,sports_leisure,1,0,0.0000,152.1500,,47.5900,1,1,100.0000,0.0000,n < 30 - not ranked
3a79f35a2344ede41af21267f61d5ec6,SP,,1,0,0.0000,342.5800,,144.5700,1,1,100.0000,0.0000,n < 30 - not ranked
3aa3c89ae3cd482385568be76120f63c,GO,auto,1,0,0.0000,259.9600,,159.3800,1,0,0.0000,0.0000,n < 30 - not ranked
3ac588cd562971392504a9e17130c40b,SP,fashion_bags_accessories,1,0,0.0000,170.1400,,138.5800,1,0,0.0000,0.0000,n < 30 - not ranked
3afc536624bc2e65bddfb5db33cc01f3,MG,electronics,6,0,0.0000,237.3700,,79.8700,6,2,33.3300,0.0000,n < 30 - not ranked
3b18f9856c6eb2413eafedb58e9eecd9,SP,construction_tools_lights,1,0,0.0000,220.4200,,122.9700,1,0,0.0000,0.0000,n < 30 - not ranked
3bb32fedaa74e4ad20f4ce067733bd31,SC,sports_leisure,2,0,0.0000,171.6600,,44.5400,2,0,0.0000,0.0000,n < 30 - not ranked
3be5841cdcc46de4ed3f9116f104b2c5,SP,construction_tools_construction,4,0,0.0000,192.1400,,80.3600,4,0,0.0000,0.0000,n < 30 - not ranked
3bfba5a77604f6dfae7e6dd7aaf65821,PR,health_beauty,4,0,0.0000,224.6900,,33.1600,4,0,0.0000,0.0000,n < 30 - not ranked
3c010235b7345c92f125d14ee232a76b,PR,pet_shop,15,0,0.0000,264.9500,,125.3400,15,0,0.0000,0.0000,n < 30 - not ranked
3c3017960b2dbd72711a61f0400aab8f,SC,furniture_decor,9,0,0.0000,300.5500,,27.8800,9,2,22.2200,0.0000,n < 30 - not ranked
3c88ed2e76a2247933a15daa7161eb1c,SP,pet_shop,1,0,0.0000,477.8000,,118.2200,1,0,0.0000,0.0000,n < 30 - not ranked
3ca08eeb8d5595949fed424bd3677742,PR,toys,13,0,0.0000,247.2000,,56.9000,13,0,0.0000,0.0000,n < 30 - not ranked
3cfa1358a6caa965278721344c8d76f2,SP,home_construction,5,0,0.0000,151.2500,,62.3100,5,0,0.0000,0.0000,n < 30 - not ranked
3d01d1c414c44b5943a09619ff3853cb,SP,baby,4,0,0.0000,331.8100,,47.9700,4,0,0.0000,0.0000,n < 30 - not ranked
3d0cd21d41671c46f82cd11176bf7277,SC,books_general_interest,9,0,0.0000,308.4700,,82.4400,9,0,0.0000,0.0000,n < 30 - not ranked
3d2400ac620cffa23ac81bd192f7f555,SP,costruction_tools_tools,1,0,0.0000,176.4700,,73.7000,1,0,0.0000,0.0000,n < 30 - not ranked
3d2531eccfbde1d7c8db7a3a12fb267a,MG,health_beauty,10,0,0.0000,239.9300,,69.0900,9,1,11.1100,0.0000,n < 30 - not ranked
3d290fe363c60a77498c1126fd3fb8d3,SP,computers_accessories,3,0,0.0000,179.0700,,91.8600,3,0,0.0000,0.0000,n < 30 - not ranked
3d39fbf22a665714baf62fae36029e23,SP,sports_leisure,8,0,0.0000,205.7900,,56.4800,8,0,0.0000,0.0000,n < 30 - not ranked
3d49bfdd1b43a7fe169b3740067acc61,MG,construction_tools_construction,3,0,0.0000,210.2200,,47.4900,3,0,0.0000,0.0000,n < 30 - not ranked
3d4b1ae7539303b5704493798893e82c,SP,musical_instruments,6,0,0.0000,289.8200,,65.6000,6,0,0.0000,0.0000,n < 30 - not ranked
3d621842b2ed28e2b474132480edac3c,SP,auto,8,0,0.0000,237.5700,,97.5800,8,0,0.0000,0.0000,n < 30 - not ranked
3d62f86afa7c73be2628a3be1423f5a0,SP,books_general_interest,2,0,0.0000,401.5500,,102.1300,2,0,0.0000,0.0000,n < 30 - not ranked
3d68c634a99a1ba46dbca3967a69c623,SC,cool_stuff,2,0,0.0000,220.6700,,23.4300,2,0,0.0000,0.0000,n < 30 - not ranked
3dc69bf2c42f0568a5c4791ec3fd3745,SP,health_beauty,1,0,0.0000,630.5300,,8.9600,1,0,0.0000,0.0000,n < 30 - not ranked
3ded4e2d5f135cb103e5949d7263d2dd,MG,computers_accessories,1,0,0.0000,123.5800,,33.3600,1,0,0.0000,0.0000,n < 30 - not ranked
3e35a8bb43569389d3cebef0ce820f69,SP,drinks,1,0,0.0000,190.0200,,124.9000,1,0,0.0000,0.0000,n < 30 - not ranked
3e46a38ee171c503c3b4a3f23fe3bf0c,SP,health_beauty,1,0,0.0000,100.4300,,71.5900,1,0,0.0000,0.0000,n < 30 - not ranked
3e51f9cbe317bc3a88f2c76583811ee4,SP,health_beauty,1,0,0.0000,212.9100,,87.2500,1,0,0.0000,0.0000,n < 30 - not ranked
3ea00e1dea2b0659dbaf654735929220,PR,cool_stuff,7,0,0.0000,274.7100,,71.0300,7,0,0.0000,0.0000,n < 30 - not ranked
3ea08c48e851106d2f584349daba335f,MG,baby,1,0,0.0000,144.0900,,113.0000,1,0,0.0000,0.0000,n < 30 - not ranked
3ef37b7ca6dd2b80bd8af81a62504996,SP,cool_stuff,2,0,0.0000,344.3000,,190.7900,2,0,0.0000,0.0000,n < 30 - not ranked
3f0e48d209018b466fcd3bb4ccfeb520,PR,pet_shop,9,0,0.0000,230.2700,,37.8800,9,2,22.2200,0.0000,n < 30 - not ranked
3f8034bfc6b8b4135534975d49f04c63,PR,baby,11,0,0.0000,261.3700,,41.1500,11,2,18.1800,0.0000,n < 30 - not ranked
3f84fefc07dc159b268d4a77d3e8c425,PR,health_beauty,3,0,0.0000,193.6400,,69.5800,3,0,0.0000,0.0000,n < 30 - not ranked
3f9be91358837bff69df67edfa3e42e8,PR,pet_shop,7,0,0.0000,236.2300,,31.9100,7,1,14.2900,0.0000,n < 30 - not ranked
3f9c56764fabca627406093dcb3ef0b4,RJ,sports_leisure,7,0,0.0000,203.6900,,73.6200,7,0,0.0000,0.0000,n < 30 - not ranked
3fac58ce0ad699020c7944d53c41329c,SP,construction_tools_lights,9,0,0.0000,122.2800,,66.6000,9,1,11.1100,0.0000,n < 30 - not ranked
3fadb4cba4c35bce6a7eaf9872d5623a,RS,health_beauty,3,0,0.0000,222.2600,,88.7500,3,1,33.3300,0.0000,n < 30 - not ranked
3faf68a3b0af94b10bac70d86077be49,SP,,7,0,0.0000,387.8200,,237.4800,7,0,0.0000,0.0000,n < 30 - not ranked
3fe7120d6257285ac6a3ce7cb071ccec,MG,health_beauty,2,0,0.0000,229.6900,,81.9400,2,0,0.0000,0.0000,n < 30 - not ranked
3fefda3299e6dfaea3466ef346a3571a,PR,electronics,1,0,0.0000,151.5400,,83.8000,1,0,0.0000,0.0000,n < 30 - not ranked
4003520d80d0bad1d5623f7aa3c63cda,RJ,baby,1,0,0.0000,409.9000,,43.6200,1,1,100.0000,0.0000,n < 30 - not ranked
402916f742e5c740cc751493d9cf5053,MG,health_beauty,9,0,0.0000,153.2800,,26.6900,9,0,0.0000,0.0000,n < 30 - not ranked
403aa86912527d730337ffcb0fb096ab,MG,telephony,11,0,0.0000,263.8800,,81.6300,10,1,10.0000,0.0000,n < 30 - not ranked
4049512728d969bec69f84088b012416,MG,sports_leisure,7,0,0.0000,251.2600,,73.2600,7,0,0.0000,0.0000,n < 30 - not ranked
404e1ba01358af4cd63f679b2c4d1fa1,MG,pet_shop,8,0,0.0000,197.0400,,57.3100,8,0,0.0000,0.0000,n < 30 - not ranked
40d54b51e962dbe09cabbcfd33298dee,SP,health_beauty,29,0,0.0000,178.4500,,59.9000,29,5,17.2400,0.0000,n < 30 - not ranked
40ec8ab6cdafbcc4f544da38c67da39a,PR,housewares,2,0,0.0000,157.8900,,44.8100,2,0,0.0000,0.0000,n < 30 - not ranked
4125d9385a25e82d2f72d3a0fd55bc3f,SP,housewares,1,0,0.0000,215.7600,,115.7600,1,0,0.0000,0.0000,n < 30 - not ranked
417a1e6c7321084d2a0ae0d023cfad93,RS,housewares,1,0,0.0000,145.7400,,52.6900,1,0,0.0000,0.0000,n < 30 - not ranked
41958cbd3335433c8740300e8cd600d5,SP,small_appliances,1,0,0.0000,116.2300,,95.8400,1,0,0.0000,0.0000,n < 30 - not ranked
41ab63a91b8b264e8c8780368bf1dd5b,MG,small_appliances,12,0,0.0000,391.4100,,185.4400,12,2,16.6700,0.0000,n < 30 - not ranked
41b14765bd56c8ad10971074380f9c0c,SP,computers_accessories,8,0,0.0000,169.1500,,43.8300,8,1,12.5000,0.0000,n < 30 - not ranked
41b86b552e54e3a7009596125aa8b167,SP,sports_leisure,10,0,0.0000,333.8100,,50.9000,10,1,10.0000,0.0000,n < 30 - not ranked
41c2bad7229b0c25e6becf179ebf63ff,RN,books_general_interest,20,0,0.0000,112.6400,,44.3600,20,0,0.0000,0.0000,n < 30 - not ranked
41c9d3997dd3c072c31139dc5bb5761f,MG,stationery,3,0,0.0000,532.9700,,255.4300,3,0,0.0000,0.0000,n < 30 - not ranked
41da412d33e8da4f22baf55cb1bde82c,ES,sports_leisure,15,0,0.0000,246.1100,,52.4000,15,0,0.0000,0.0000,n < 30 - not ranked
41e0fa5761c886a630994a55c12087e7,SP,health_beauty,5,0,0.0000,245.7500,,65.7600,5,0,0.0000,0.0000,n < 30 - not ranked
4221a7df464f1fe2955934e30ff3a5a1,BA,baby,5,0,0.0000,397.6600,,118.9200,5,0,0.0000,0.0000,n < 30 - not ranked
422be4cc81a457fdb46f47edeb968ae5,SP,furniture_decor,1,0,0.0000,435.2900,,183.7200,1,0,0.0000,0.0000,n < 30 - not ranked
42b6488f5b8246d9141712abd4b1b693,PR,health_beauty,2,0,0.0000,189.5500,,35.6100,2,0,0.0000,0.0000,n < 30 - not ranked
42d4b7e70819438f5ada61c965e92d7e,GO,drinks,1,0,0.0000,526.5400,,219.5100,1,1,100.0000,0.0000,n < 30 - not ranked
42ef3192a9ff87a22d1867b74b3ee205,SP,toys,23,0,0.0000,223.3900,,98.9500,23,1,4.3500,0.0000,n < 30 - not ranked
42fa4ee7240e9b8eb4576358ec142ba7,RS,housewares,22,0,0.0000,166.1600,,30.2800,21,0,0.0000,0.0000,n < 30 - not ranked
42fb44130ac3134cde8e35cf8ec7df25,SP,fashion_bags_accessories,2,0,0.0000,141.6900,,22.5400,2,0,0.0000,0.0000,n < 30 - not ranked
4305fe92735c8a43d154ff6dd2b8d927,MG,sports_leisure,17,0,0.0000,275.6200,,66.8300,17,2,11.7600,0.0000,n < 30 - not ranked
431050a06a317f2b38168dec3dcd2b46,SP,health_beauty,10,0,0.0000,214.1400,,59.8600,10,0,0.0000,0.0000,n < 30 - not ranked
432c67955c0acd1fd6b0b5d678766a71,SP,health_beauty,1,0,0.0000,160.3900,,143.3500,1,0,0.0000,0.0000,n < 30 - not ranked
43402bdf22aa2310e8f99e2f94f78628,SP,furniture_bedroom,4,0,0.0000,397.5900,,277.3400,4,2,50.0000,0.0000,n < 30 - not ranked
436bf27f2f18474fc6047702e9f8a866,SP,baby,1,0,0.0000,460.0900,,120.2000,1,0,0.0000,0.0000,n < 30 - not ranked
43753b27d77860f1654aa72e251a7878,BA,furniture_decor,1,0,0.0000,656.0200,,151.3700,1,0,0.0000,0.0000,n < 30 - not ranked
4391ea5c5990502176a1dcda44a2373d,RS,air_conditioning,3,0,0.0000,288.3400,,46.2900,3,0,0.0000,0.0000,n < 30 - not ranked
439a47cc365d6e3bd526812ea9de3c29,SP,bed_bath_table,8,0,0.0000,173.8000,,34.1100,8,1,12.5000,0.0000,n < 30 - not ranked
43a1d4bab73b816e44ef4e4facd9f9b5,PR,health_beauty,1,0,0.0000,235.8000,,44.2500,1,0,0.0000,0.0000,n < 30 - not ranked
43a5d4a57af536fddc96d08be3afdfcb,MG,home_confort,1,0,0.0000,283.4800,,306.5800,1,1,100.0000,0.0000,n < 30 - not ranked
43b2c864251aa0ce4030c746984e088a,DF,housewares,2,0,0.0000,134.7800,,22.4700,2,1,50.0000,0.0000,n < 30 - not ranked
443d880f15cbd3572885e1d44bf2c478,SP,furniture_decor,1,0,0.0000,297.6900,,121.7900,1,1,100.0000,0.0000,n < 30 - not ranked
4450bd8327d471c4a11a83d1445b1b62,SP,health_beauty,1,0,0.0000,175.3400,,34.3500,1,0,0.0000,0.0000,n < 30 - not ranked
446cc09cdbb130904da114e807dbec40,SP,party_supplies,3,0,0.0000,102.4400,,32.3900,3,0,0.0000,0.0000,n < 30 - not ranked
44717f64ec2a457979cf83c429077666,RS,construction_tools_lights,2,0,0.0000,139.3800,,50.4000,2,0,0.0000,0.0000,n < 30 - not ranked
447d377bdb757058acb569025ee18a93,RS,stationery,1,0,0.0000,432.1000,,78.1800,1,0,0.0000,0.0000,n < 30 - not ranked
44ed138eca6214d572ce1d813fb0049b,RS,health_beauty,2,0,0.0000,204.4400,,70.4300,2,0,0.0000,0.0000,n < 30 - not ranked
455befea1bb853c75ccbca94cff26e5c,RJ,health_beauty,1,0,0.0000,298.6000,,125.5400,1,0,0.0000,0.0000,n < 30 - not ranked
455c5640e8c5bd1b2ee85c0158f85727,SC,musical_instruments,8,0,0.0000,359.2500,,53.7300,8,0,0.0000,0.0000,n < 30 - not ranked
455f46ef09a9e45667e2981df84b5cc2,SP,electronics,1,0,0.0000,312.4600,,209.0700,1,0,0.0000,0.0000,n < 30 - not ranked
457fe919b032a3f7dadba6fb92cf7855,SP,bed_bath_table,9,0,0.0000,132.1200,,41.1100,9,0,0.0000,0.0000,n < 30 - not ranked
458c6fa920810ce2492da71bc26d9eec,SP,health_beauty,2,0,0.0000,609.6500,,116.4800,2,1,50.0000,0.0000,n < 30 - not ranked
458d868c9642f55f18f04e951a3fdde6,RS,health_beauty,2,0,0.0000,422.6600,,145.1200,2,0,0.0000,0.0000,n < 30 - not ranked
45a3d05fb00435e52a28859dd03703b3,SP,toys,1,0,0.0000,617.2700,,400.6900,1,0,0.0000,0.0000,n < 30 - not ranked
45c20d94d9171b0bcfab3c955e47d67b,SP,housewares,4,0,0.0000,346.3400,,48.5900,4,0,0.0000,0.0000,n < 30 - not ranked
461ff5303b6c9c1a4a07f40c5aece516,PR,health_beauty,2,0,0.0000,198.6300,,61.0000,2,0,0.0000,0.0000,n < 30 - not ranked
466222e777149751370e7e98fb623b0c,RJ,auto,1,0,0.0000,163.9000,,15.0300,1,0,0.0000,0.0000,n < 30 - not ranked
46ef1a25845fc051c2998d878354810c,MG,housewares,5,0,0.0000,404.2800,,49.1500,5,0,0.0000,0.0000,n < 30 - not ranked
4736e9d642ef4257cd7622516931eb51,SP,sports_leisure,16,0,0.0000,115.1100,,48.1100,16,2,12.5000,0.0000,n < 30 - not ranked
478bfe564db21eeb44386606aa30b650,MG,pet_shop,3,0,0.0000,335.3800,,117.3500,3,0,0.0000,0.0000,n < 30 - not ranked
47efca563408aae19bb7206c2d969ea9,PI,auto,11,0,0.0000,330.9400,,42.8100,11,1,9.0900,0.0000,n < 30 - not ranked
47f55702f598c7c6cc8458b0fbc1c49a,MG,,1,0,0.0000,415.0100,,148.1100,1,0,0.0000,0.0000,n < 30 - not ranked
48328ec9a579151d9cc6a86d4a59336c,RS,cool_stuff,1,0,0.0000,509.4300,,52.2400,1,1,100.0000,0.0000,n < 30 - not ranked
483ca627d131e18f988349b1655c0acd,SP,health_beauty,1,0,0.0000,368.2300,,148.4600,1,0,0.0000,0.0000,n < 30 - not ranked
485452467ff670447e84a8370c3fc898,SC,garden_tools,3,0,0.0000,341.4100,,57.7600,3,0,0.0000,0.0000,n < 30 - not ranked
4867209cb29b56b92893d7bde3ce8012,SP,health_beauty,1,0,0.0000,245.4800,,94.3900,1,0,0.0000,0.0000,n < 30 - not ranked
48985c61529077fa4f1e38bcff0f2ed3,RS,health_beauty,7,0,0.0000,248.2300,,24.5000,7,0,0.0000,0.0000,n < 30 - not ranked
48b6c3f4c6a93171da04b75313f2130f,SP,signaling_and_security,2,0,0.0000,579.0000,,57.6900,2,0,0.0000,0.0000,n < 30 - not ranked
48e5ee06fb2dc74df1c711a9b6dfac2a,MG,construction_tools_construction,1,0,0.0000,269.8200,,75.0400,1,0,0.0000,0.0000,n < 30 - not ranked
48e954b2da4f6a750c844173b347ed40,RS,drinks,2,0,0.0000,194.7900,,19.3900,2,0,0.0000,0.0000,n < 30 - not ranked
48fb026ed7455a42f5d3e9390ed5088e,RJ,auto,9,0,0.0000,285.2700,,51.4300,9,4,44.4400,0.0000,n < 30 - not ranked
49067458c68f7701fd334ce326accbe0,MG,costruction_tools_garden,16,0,0.0000,295.0100,,120.4800,16,5,31.2500,0.0000,n < 30 - not ranked
491a5ada3aa1678414e990262c4bbdc1,SP,dvds_blu_ray,1,0,0.0000,165.4000,,48.3400,1,0,0.0000,0.0000,n < 30 - not ranked
49383af7ab774e4e8f3000f49c83dc4b,SP,bed_bath_table,8,0,0.0000,194.0500,,65.5600,8,0,0.0000,0.0000,n < 30 - not ranked
4965a7002cca77301c82d3f91b82e1a9,SP,pet_shop,1,0,0.0000,150.4700,,105.4500,1,0,0.0000,0.0000,n < 30 - not ranked
497709c2976a8fa308730a2dec5b0726,SP,stationery,1,0,0.0000,142.7500,,92.2800,1,0,0.0000,0.0000,n < 30 - not ranked
4978a02ea9c8be7a9b5480680f40334e,SP,construction_tools_construction,17,0,0.0000,124.1700,,44.8300,17,5,29.4100,0.0000,n < 30 - not ranked
499185655c29ecfdbfe776ef7cf875b5,RS,bed_bath_table,1,0,0.0000,266.9900,,117.8900,1,0,0.0000,0.0000,n < 30 - not ranked
499ec63c58e51296c9cf57edcfe1c8a8,SP,computers_accessories,5,0,0.0000,125.6000,,24.4700,5,0,0.0000,0.0000,n < 30 - not ranked
49cdc90518a4f82676b38b3c1aa43ff6,SP,auto,5,0,0.0000,137.5700,,52.4300,5,1,20.0000,0.0000,n < 30 - not ranked
49e7217cfe4e427191c378ec626d8737,MG,housewares,12,0,0.0000,384.8800,,104.5000,12,1,8.3300,0.0000,n < 30 - not ranked
49f8d2ea7b718d0ce587d34207caf2b4,SP,pet_shop,1,0,0.0000,164.1600,,89.1100,1,0,0.0000,0.0000,n < 30 - not ranked
4a1917ef994878940e1fb03eeb787ad7,DF,fixed_telephony,2,0,0.0000,247.3500,,62.7700,2,1,50.0000,0.0000,n < 30 - not ranked
4a23adac87cf538689fa600d976f78b2,SP,furniture_decor,3,0,0.0000,205.3400,,152.8100,3,0,0.0000,0.0000,n < 30 - not ranked
4a5b36211b1f51bf7eaa5c10a57fa483,RJ,auto,1,0,0.0000,96.8400,,15.8700,1,0,0.0000,0.0000,n < 30 - not ranked
4a82168aaef173cbb6e46ae88728f919,PR,health_beauty,4,0,0.0000,161.2300,,45.9400,4,1,25.0000,0.0000,n < 30 - not ranked
4a82c4af97ffc0fb2dc26bfdc03b1842,MG,health_beauty,3,0,0.0000,305.7400,,62.8700,3,0,0.0000,0.0000,n < 30 - not ranked
4aba6a02a788d3ec81c03137144d9a80,SC,health_beauty,1,0,0.0000,317.3200,,29.3200,1,0,0.0000,0.0000,n < 30 - not ranked
4b0fdb526525f9890eb145bf1534640e,SP,bed_bath_table,18,0,0.0000,220.5300,,31.9200,18,3,16.6700,0.0000,n < 30 - not ranked
4b39558c138930b9e5489c93b6df5fe3,SE,computers_accessories,4,0,0.0000,307.8600,,34.8700,4,0,0.0000,0.0000,n < 30 - not ranked
4b90495391ac0bd181a80a459df1e718,RS,furniture_decor,1,0,0.0000,285.1100,,212.1100,1,0,0.0000,0.0000,n < 30 - not ranked
4bcec44888b30ba9001234c534716d3f,SP,health_beauty,5,0,0.0000,219.8100,,35.3100,5,0,0.0000,0.0000,n < 30 - not ranked
4bde6149c15cf7e177b36fa060dd6de8,RS,food,2,0,0.0000,254.9500,,182.9500,2,0,0.0000,0.0000,n < 30 - not ranked
4be9ae93c4fc0f41713d71a4194ee1b3,MG,sports_leisure,1,0,0.0000,266.1400,,117.1500,1,0,0.0000,0.0000,n < 30 - not ranked
4bf2f4ee540798a61f9636d12cd9cc80,SP,fashion_underwear_beach,29,0,0.0000,325.5000,,56.0700,29,3,10.3400,0.0000,n < 30 - not ranked
4bf658053d453036c70976bccb2c31b2,SP,watches_gifts,2,0,0.0000,592.2800,,335.2300,2,0,0.0000,0.0000,n < 30 - not ranked
4c1c7281388a33dd06daac44f9fadbd1,SP,toys,5,0,0.0000,210.8700,,42.5300,5,0,0.0000,0.0000,n < 30 - not ranked
4c4d546adf3c3868fe19c9ec6e9ffda9,PR,pet_shop,2,0,0.0000,164.8800,,57.9100,2,0,0.0000,0.0000,n < 30 - not ranked
4c60877808f4318ef1107fbeb8f89afa,SP,computers_accessories,2,0,0.0000,364.6500,,231.3900,2,0,0.0000,0.0000,n < 30 - not ranked
4c8545742faaf58fafd5fd14d25d75cf,SP,auto,4,0,0.0000,239.2500,,22.3000,4,0,0.0000,0.0000,n < 30 - not ranked
4cc43a222a0f94910728b62b97a8c5f8,SP,perfumery,1,0,0.0000,339.4800,,53.2400,1,0,0.0000,0.0000,n < 30 - not ranked
4cc4fd4fdd406a85bbdc1f824b731bd7,PR,auto,1,0,0.0000,199.3100,,61.0000,1,0,0.0000,0.0000,n < 30 - not ranked
4ce8b55b4bfa4659184e7becc1fba3f2,PR,auto,1,0,0.0000,216.0600,,32.2700,1,0,0.0000,0.0000,n < 30 - not ranked
4cf490a58259286ada5ba8525ba9e84a,SP,cool_stuff,7,0,0.0000,594.3700,,280.8100,7,2,28.5700,0.0000,n < 30 - not ranked
4d0041cdbe51b4617d95c70b19decc74,MG,auto,8,0,0.0000,171.7400,,36.7600,8,0,0.0000,0.0000,n < 30 - not ranked
4d232b78ab7ef10393dc3807d827bc0d,MG,auto,5,0,0.0000,147.9800,,38.9800,5,0,0.0000,0.0000,n < 30 - not ranked
4d600e08ecbe08258c79e536c5a42fee,PR,watches_gifts,7,0,0.0000,310.4600,,136.0200,7,1,14.2900,0.0000,n < 30 - not ranked
4d9fea3499bdc22aa4da4e339365f215,SP,perfumery,2,0,0.0000,304.0400,,35.3000,2,0,0.0000,0.0000,n < 30 - not ranked
4dab98ca6cd6d3df586203cefd28a042,RS,fashion_bags_accessories,1,0,0.0000,672.2100,,221.5800,1,0,0.0000,0.0000,n < 30 - not ranked
4dbd95a08b31ede5c82d3f861cb1ce1a,PR,books_general_interest,4,0,0.0000,296.2000,,96.7600,4,0,0.0000,0.0000,n < 30 - not ranked
4dc2e811a1760953cb7c6a590b498943,SP,luggage_accessories,1,0,0.0000,160.1200,,14.6200,1,0,0.0000,0.0000,n < 30 - not ranked
4ddeb3e828550cddc8d45c8bc36ab2d1,SP,cool_stuff,1,0,0.0000,188.8800,,42.8000,1,0,0.0000,0.0000,n < 30 - not ranked
4e0d109ccfba9a1151c103049880c857,RJ,watches_gifts,2,0,0.0000,461.4700,,121.7800,2,1,50.0000,0.0000,n < 30 - not ranked
4e2627090e6e5b9fabba883a37897683,MG,furniture_decor,1,0,0.0000,95.4100,,70.9000,0,0,,0.0000,n < 30 - not ranked
4e326052e5dbba8adcd512f3450a307e,SP,christmas_supplies,3,0,0.0000,431.2200,,86.5900,3,2,66.6700,0.0000,n < 30 - not ranked
4e480be820e37de1444325ff358c9296,MG,auto,1,0,0.0000,290.6000,,17.7800,1,0,0.0000,0.0000,n < 30 - not ranked
4e6015589b781adaa5ce7f1892d06bb1,SP,sports_leisure,3,0,0.0000,141.4800,,60.4100,3,0,0.0000,0.0000,n < 30 - not ranked
4e92348462c75b6c842b994ce84a0ed4,RS,health_beauty,1,0,0.0000,236.0900,,158.8600,1,0,0.0000,0.0000,n < 30 - not ranked
4ea2f12dbe91deeacd2c1e74f069a6e6,SP,perfumery,4,0,0.0000,226.9900,,96.2600,4,0,0.0000,0.0000,n < 30 - not ranked
4eb61f060e7dcc1d5a80d806c35cc541,SP,home_appliances_2,8,0,0.0000,148.8500,,28.1800,8,1,12.5000,0.0000,n < 30 - not ranked
4eeb99008a0f59d2c7759c59f9a346eb,SP,telephony,2,0,0.0000,183.9500,,37.2400,2,0,0.0000,0.0000,n < 30 - not ranked
4f0d637c1197fd65405ebd755ac9f86b,SP,health_beauty,2,0,0.0000,176.4900,,76.4600,2,0,0.0000,0.0000,n < 30 - not ranked
4f1f1c8666cdb6442f775c4e8caed465,MG,toys,2,0,0.0000,479.0600,,207.9400,2,0,0.0000,0.0000,n < 30 - not ranked
4fae87d32467e18eb46e4a76a0a0b9ce,RS,construction_tools_safety,1,0,0.0000,163.3600,,57.8500,1,0,0.0000,0.0000,n < 30 - not ranked
4fe2f67634d00c021aa01f96b6f2d68e,PR,health_beauty,2,0,0.0000,263.6400,,79.5900,2,0,0.0000,0.0000,n < 30 - not ranked
5075aaa8404020ae6aa8bf4792099b41,MG,drinks,10,0,0.0000,287.7200,,105.6700,10,2,20.0000,0.0000,n < 30 - not ranked
508808d438fe2ff972ed13bb8f4a82e2,SP,housewares,8,0,0.0000,96.2800,,25.1000,8,0,0.0000,0.0000,n < 30 - not ranked
50a7e551a7b3f8d37cd6e32d8bfbe5ea,SP,drinks,1,0,0.0000,302.0700,,158.4000,1,0,0.0000,0.0000,n < 30 - not ranked
50bf89f1349bc0409a268c3a49678009,SP,furniture_decor,1,0,0.0000,230.7900,,37.7200,1,0,0.0000,0.0000,n < 30 - not ranked
51209b446b2073894bdc0face6c73ffc,ES,furniture_decor,2,0,0.0000,239.0600,,20.8100,1,0,0.0000,0.0000,n < 30 - not ranked
512d298ac2a96d1931b6bd30aa21f61d,RJ,musical_instruments,10,0,0.0000,237.0400,,55.6400,10,1,10.0000,0.0000,n < 30 - not ranked
513a54369b6a8a6602fcb0e129c6d78d,SP,computers_accessories,2,0,0.0000,85.7200,,55.4900,2,0,0.0000,0.0000,n < 30 - not ranked
5145090ab595c0d0b8557199f5701fbf,PR,bed_bath_table,4,0,0.0000,376.3300,,177.1200,4,0,0.0000,0.0000,n < 30 - not ranked
5151aea44289d6c6b090ee31c2132508,SP,air_conditioning,7,0,0.0000,417.0200,,175.8000,6,4,66.6700,0.0000,n < 30 - not ranked
515d781150feed28a6ac091bb0e3cb8c,MS,cool_stuff,6,0,0.0000,234.7300,,38.6800,6,0,0.0000,0.0000,n < 30 - not ranked
51702dc2a3e106c76dbff722b5bf0726,SP,furniture_decor,13,0,0.0000,354.8700,,84.8100,13,1,7.6900,0.0000,n < 30 - not ranked
5194c22ed1f616ec0c0f33c571542879,MG,home_appliances_2,4,0,0.0000,295.7800,,92.2000,4,0,0.0000,0.0000,n < 30 - not ranked
519a7aa428f18d125a283cf8c014fdd6,SC,furniture_living_room,3,0,0.0000,179.6000,,41.2400,3,0,0.0000,0.0000,n < 30 - not ranked
51e0557bc7b86de13e946c60ee91ce39,MG,health_beauty,1,0,0.0000,250.4200,,56.0800,1,0,0.0000,0.0000,n < 30 - not ranked
51e4e89242cbb846c2deff3dc015650e,RS,garden_tools,16,0,0.0000,221.1300,,40.7600,16,0,0.0000,0.0000,n < 30 - not ranked
51f108f62cb87d61918159902c8f8583,PR,books_technical,3,0,0.0000,143.3100,,25.2900,3,0,0.0000,0.0000,n < 30 - not ranked
52092ddbd3a58c450a4459bf051b2287,SP,sports_leisure,5,0,0.0000,247.4000,,33.3900,5,0,0.0000,0.0000,n < 30 - not ranked
52454f90d4c30c016768db02f88c1a74,SP,pet_shop,3,0,0.0000,304.6400,,164.7200,3,1,33.3300,0.0000,n < 30 - not ranked
52562a9f449c3dc3d53f5f5b9ed74903,RN,sports_leisure,14,0,0.0000,320.5900,,66.6200,14,0,0.0000,0.0000,n < 30 - not ranked
525e75a6fb1454a2325ab1734bcec221,SP,auto,9,0,0.0000,152.8000,,20.4200,9,1,11.1100,0.0000,n < 30 - not ranked
5275ca25d0358ca73864e0ae41be1320,SP,stationery,4,0,0.0000,168.9600,,65.0200,4,0,0.0000,0.0000,n < 30 - not ranked
52831e5990d0771cb4951d6f12928167,SP,sports_leisure,1,0,0.0000,122.5500,,43.5500,1,0,0.0000,0.0000,n < 30 - not ranked
528ce32f560edd11add4169f6a5b65be,SP,,1,0,0.0000,50.3200,,7.8400,1,0,0.0000,0.0000,n < 30 - not ranked
52a50b42accf164f9f019941e5759d9b,SP,food_drink,4,0,0.0000,129.1500,,32.4700,4,0,0.0000,0.0000,n < 30 - not ranked
52a52b9f656520e99716f5bc40f661c8,SP,furniture_decor,7,0,0.0000,257.1500,,90.7200,7,2,28.5700,0.0000,n < 30 - not ranked
52ac6f920b7280e4c6d30dd94de6259b,PR,office_furniture,6,0,0.0000,311.6200,,103.8100,6,1,16.6700,0.0000,n < 30 - not ranked
52b53f7061969fe471d119b6195da864,SP,perfumery,1,0,0.0000,80.0000,,54.1400,1,0,0.0000,0.0000,n < 30 - not ranked
52bb00821bcdd358a5a5a27e1f6be5a1,SP,musical_instruments,2,0,0.0000,383.8700,,88.2200,2,0,0.0000,0.0000,n < 30 - not ranked
52f6f9f13ba19504c02781132a049e75,PR,furniture_decor,1,0,0.0000,390.9600,,245.7300,1,0,0.0000,0.0000,n < 30 - not ranked
52f976b17ea7f2f087f56dcc419328f6,PR,sports_leisure,6,0,0.0000,249.2000,,63.6900,6,2,33.3300,0.0000,n < 30 - not ranked
52f9db5cfb423382a2fa5c9e39303202,SP,home_appliances,21,0,0.0000,244.1800,,40.8100,21,2,9.5200,0.0000,n < 30 - not ranked
5305693ffae2d3463377b1f6fe67b15a,SP,,1,0,0.0000,320.9600,,10.8000,1,0,0.0000,0.0000,n < 30 - not ranked
53088c75f948b48a7ece173ac17f0c12,RS,health_beauty,3,0,0.0000,263.1300,,72.6700,3,0,0.0000,0.0000,n < 30 - not ranked
53336f97ddbe53e2a617d07b17447b95,SP,home_appliances_2,1,0,0.0000,466.3500,,35.3100,1,0,0.0000,0.0000,n < 30 - not ranked
533d46c1b06970e99f09523a61df4972,SP,electronics,2,0,0.0000,398.4700,,180.9500,2,0,0.0000,0.0000,n < 30 - not ranked
534a01cc6df1e034e05c32028a291fa2,SP,housewares,5,0,0.0000,256.6100,,66.8400,5,0,0.0000,0.0000,n < 30 - not ranked
535bf14f36346c7f59d87cece104d70c,RJ,construction_tools_lights,1,0,0.0000,101.2200,,68.7200,1,0,0.0000,0.0000,n < 30 - not ranked
539ed9e19811677513447759be5eccfc,MG,construction_tools_construction,1,0,0.0000,141.2700,,67.6700,1,0,0.0000,0.0000,n < 30 - not ranked
53b0300ca793f9834cd69c0678d35ee8,SP,construction_tools_construction,5,0,0.0000,142.5800,,53.0200,5,0,0.0000,0.0000,n < 30 - not ranked
54065e9aef7e9e9c2dc23b7594db021a,RJ,cool_stuff,12,0,0.0000,298.1300,,69.6000,12,1,8.3300,0.0000,n < 30 - not ranked
54219883e72aad869adfb2a54b7bfa0f,SP,toys,5,0,0.0000,408.1700,,206.4300,5,2,40.0000,0.0000,n < 30 - not ranked
544863df86ed3b78a04e0820d41430ee,ES,stationery,1,0,0.0000,132.0100,,47.8200,1,0,0.0000,0.0000,n < 30 - not ranked
54583ab379489add547fe47b628db589,SP,baby,10,0,0.0000,122.8000,,34.8500,10,0,0.0000,0.0000,n < 30 - not ranked
54aa8463e87776b5612f4bdc4bd5d4de,MG,fixed_telephony,7,0,0.0000,323.5300,,61.8500,7,1,14.2900,0.0000,n < 30 - not ranked
55029529919c0123526150bd26ca8f20,MG,sports_leisure,7,0,0.0000,208.7000,,85.7000,7,0,0.0000,0.0000,n < 30 - not ranked
5563732abe64c3036cb97ad924128dd1,SP,health_beauty,2,0,0.0000,291.8200,,140.4300,2,0,0.0000,0.0000,n < 30 - not ranked
5566627eab3fe93fd6ee08798226101a,PR,perfumery,5,0,0.0000,211.5400,,45.4400,5,0,0.0000,0.0000,n < 30 - not ranked
556a6409838156ea299c9d1f9e2dde43,PR,housewares,4,0,0.0000,177.5800,,39.9700,4,2,50.0000,0.0000,n < 30 - not ranked
557f22c76691849db52d2abccf0015d0,GO,computers_accessories,12,0,0.0000,348.1200,,60.2600,11,3,27.2700,0.0000,n < 30 - not ranked
5587130f9850696ed7fafbc91c2cee44,SP,housewares,2,0,0.0000,156.9400,,68.5300,2,0,0.0000,0.0000,n < 30 - not ranked
55c26bcb609f480eb7868594245febb5,SP,stationery,6,0,0.0000,232.6600,,30.7900,6,1,16.6700,0.0000,n < 30 - not ranked
55d3daac7c404d59e51c2aa2f4dc5a23,SP,signaling_and_security,21,0,0.0000,209.1500,,81.4200,21,2,9.5200,0.0000,n < 30 - not ranked
55dedd83e501d8248880557d9073cbfd,RJ,health_beauty,7,0,0.0000,118.0300,,45.5100,7,0,0.0000,0.0000,n < 30 - not ranked
56db5c0782e8f7ddc9343f9576ff6d16,SC,air_conditioning,2,0,0.0000,238.0100,,67.1100,2,1,50.0000,0.0000,n < 30 - not ranked
56f413900b5166ab4d730e9ac0b12cb0,SP,sports_leisure,3,0,0.0000,244.6000,,73.7800,3,0,0.0000,0.0000,n < 30 - not ranked
570d4583587a5fe2d47c7be89b91ad27,SP,health_beauty,2,0,0.0000,137.9700,,52.2700,2,0,0.0000,0.0000,n < 30 - not ranked
5721089ba9214e80074f27d5a03fc0eb,SP,cool_stuff,5,0,0.0000,178.4500,,94.8900,5,0,0.0000,0.0000,n < 30 - not ranked
5733d806668f8712c24b9abaefbfa642,SP,construction_tools_safety,2,0,0.0000,360.0400,,56.3800,2,0,0.0000,0.0000,n < 30 - not ranked
5741dc2bf5044c34d0698681c5081bed,SP,perfumery,3,0,0.0000,172.5700,,91.3000,3,0,0.0000,0.0000,n < 30 - not ranked
5795aebfe331fbcd02a2c4b679fb7952,SC,health_beauty,5,0,0.0000,246.1300,,83.1000,5,0,0.0000,0.0000,n < 30 - not ranked
57a834594e1e9e9219603bfec184eadc,RS,pet_shop,1,0,0.0000,146.6300,,22.1200,1,0,0.0000,0.0000,n < 30 - not ranked
57d2ba47f7a3209aa347532ae75c1165,SC,sports_leisure,2,0,0.0000,376.5000,,130.0100,2,0,0.0000,0.0000,n < 30 - not ranked
57df9869a600bd6b7c405f2a862eccfb,MG,housewares,5,0,0.0000,174.9500,,54.0900,5,0,0.0000,0.0000,n < 30 - not ranked
57fe6232e67823593374a2281d7a8af8,SP,books_general_interest,8,0,0.0000,229.9700,,38.5000,8,0,0.0000,0.0000,n < 30 - not ranked
585175ec331ea177fa47199e39a6170a,MG,computers,1,0,0.0000,190.0700,,61.3900,1,0,0.0000,0.0000,n < 30 - not ranked
5882820ef11c4c068eea0677a7a879b4,RS,furniture_decor,14,0,0.0000,359.2500,,171.0600,13,0,0.0000,0.0000,n < 30 - not ranked
58c851d1a3c7cd3da329eb59453fed44,SP,pet_shop,2,0,0.0000,110.6800,,53.8600,2,0,0.0000,0.0000,n < 30 - not ranked
58e4b302b54937e55a678c4d15111da4,PR,health_beauty,1,0,0.0000,171.8200,,96.6000,1,0,0.0000,0.0000,n < 30 - not ranked
59417c56835dd8e2e72f91f809cd4092,SP,small_appliances,18,0,0.0000,301.6700,,105.9500,18,2,11.1100,0.0000,n < 30 - not ranked
5962468f885ea01a1b6a97a218797b0a,PR,stationery,6,0,0.0000,261.9500,,94.6200,6,0,0.0000,0.0000,n < 30 - not ranked
596849622429351f47b32e6cae1055ff,SP,telephony,11,0,0.0000,140.3400,,30.9000,10,0,0.0000,0.0000,n < 30 - not ranked
5996cddab893a4652a15592fb58ab8db,SP,garden_tools,1,0,0.0000,121.9300,,24.1100,1,0,0.0000,0.0000,n < 30 - not ranked
59bbc819b99a733f02f0d6b49d1c253d,SP,housewares,2,0,0.0000,131.0000,,25.8200,2,0,0.0000,0.0000,n < 30 - not ranked
59cea8e446d3834393058e7e0666b6fb,PR,computers_accessories,10,0,0.0000,174.5500,,43.3300,10,0,0.0000,0.0000,n < 30 - not ranked
59de1d4c8c057c2a53acd4ca66531af2,PR,computers_accessories,1,0,0.0000,448.3600,,177.8700,1,0,0.0000,0.0000,n < 30 - not ranked
5a05a16bb50629ee31afab8a6d4c2674,RS,housewares,14,0,0.0000,168.9600,,48.7500,14,1,7.1400,0.0000,n < 30 - not ranked
5a32c398a06c345440bf2a683b017ad3,RJ,books_general_interest,1,0,0.0000,287.2500,,144.1200,1,0,0.0000,0.0000,n < 30 - not ranked
5a4236931428800e9d9cc04af0987118,SP,housewares,1,0,0.0000,95.5500,,24.1200,1,0,0.0000,0.0000,n < 30 - not ranked
5a9b3bcab695173c820e53934574ae80,SP,furniture_decor,1,0,0.0000,171.4600,,88.4200,1,0,0.0000,0.0000,n < 30 - not ranked
5a9c0859cb00fd8aa4db443837f0a700,SC,health_beauty,2,0,0.0000,216.1300,,63.6300,2,0,0.0000,0.0000,n < 30 - not ranked
5b51032eddd242adc84c38acab88f23d,MG,furniture_decor,12,0,0.0000,281.9300,,82.3100,12,1,8.3300,0.0000,n < 30 - not ranked
5b664594895aefb418afaee6d40a9a23,RJ,construction_tools_construction,15,0,0.0000,260.6900,,113.0900,15,2,13.3300,0.0000,n < 30 - not ranked
5b85809efd0d0e4dea1a9544e1280ed9,SP,health_beauty,12,0,0.0000,191.1700,,20.4200,12,1,8.3300,0.0000,n < 30 - not ranked
5b92bfa4120daa27c574daa2e386c693,SP,auto,1,0,0.0000,386.0700,,236.4200,1,0,0.0000,0.0000,n < 30 - not ranked
5bba18b40e8c973b0f32e748004775b0,SP,furniture_decor,1,0,0.0000,169.7400,,96.7400,1,0,0.0000,0.0000,n < 30 - not ranked
5bc237df65098fe211bb4818f4d26d78,MG,computers_accessories,2,0,0.0000,299.5100,,58.6700,2,0,0.0000,0.0000,n < 30 - not ranked
5bc24d989e71e93c33e50a7782431b0e,MG,auto,17,0,0.0000,220.5300,,33.8600,17,2,11.7600,0.0000,n < 30 - not ranked
5bf397d04035b5f45cc41e82ec106803,SP,small_appliances,3,0,0.0000,96.4500,,23.9100,3,0,0.0000,0.0000,n < 30 - not ranked
5bffbafbb22daf6d3bfc216a46db8708,RJ,computers_accessories,21,0,0.0000,207.6900,,44.4700,21,0,0.0000,0.0000,n < 30 - not ranked
5c030029b5916fed0986310385ec9009,SC,housewares,7,0,0.0000,149.5700,,28.2600,7,0,0.0000,0.0000,n < 30 - not ranked
5c3460cd3e8a984382ae254e7dd20d9f,SP,baby,9,0,0.0000,237.8700,,32.7200,9,0,0.0000,0.0000,n < 30 - not ranked
5c853bb56f70f4d14218944bae111d7a,SP,furniture_decor,20,0,0.0000,205.0900,,95.9800,20,3,15.0000,0.0000,n < 30 - not ranked
5cf1ec37aea089f45110c70653a166ab,SP,,2,0,0.0000,515.1600,,98.5900,2,0,0.0000,0.0000,n < 30 - not ranked
5d043cd5512d4bd2f88e5ccdd5736c38,SP,sports_leisure,1,0,0.0000,229.7600,,91.0200,1,1,100.0000,0.0000,n < 30 - not ranked
5d505d2298ad549e4e4e835562fa0c1e,SP,sports_leisure,2,0,0.0000,141.6000,,32.5000,2,0,0.0000,0.0000,n < 30 - not ranked
5d76d80a2f5f39c891b996a1bf4c9853,SP,electronics,6,0,0.0000,245.6200,,27.0600,6,0,0.0000,0.0000,n < 30 - not ranked
5d9f3746e112e696f98ea22c56b3e912,SP,garden_tools,1,0,0.0000,169.6700,,17.3100,1,0,0.0000,0.0000,n < 30 - not ranked
5db42a6cd9bf1bf0d3aab9582767f168,ES,housewares,1,0,0.0000,404.9600,,65.0200,1,0,0.0000,0.0000,n < 30 - not ranked
5dc203c7b84a0e71e878a179de05fb9a,SP,garden_tools,5,0,0.0000,205.6800,,37.9800,5,1,20.0000,0.0000,n < 30 - not ranked
5de1c80811ce7007f62f00d971236c09,SC,housewares,2,0,0.0000,193.7700,,40.3200,2,0,0.0000,0.0000,n < 30 - not ranked
5debea795b07621e1f90532e18f96145,PR,health_beauty,25,0,0.0000,248.3400,,70.0700,25,2,8.0000,0.0000,n < 30 - not ranked
5def4c3732941a971cba8fdee992ede1,SP,costruction_tools_tools,5,0,0.0000,109.5100,,15.0600,5,0,0.0000,0.0000,n < 30 - not ranked
5e063e85d44b0f5c3e6ec3131103a57e,SP,health_beauty,1,0,0.0000,30.9200,,5.1100,1,0,0.0000,0.0000,n < 30 - not ranked
5e105f5c9f63f5f1fd75d6cb942e55b1,SP,housewares,8,0,0.0000,223.0100,,42.1300,8,1,12.5000,0.0000,n < 30 - not ranked
5e106d93b717c2682b9383da480364a1,PR,computers_accessories,1,0,0.0000,174.2400,,93.6000,1,0,0.0000,0.0000,n < 30 - not ranked
5e25c632f9db6cfb8bc100421c2737b6,SC,sports_leisure,1,0,0.0000,145.2100,,17.3300,1,0,0.0000,0.0000,n < 30 - not ranked
5e9f5bd34e0830569f05c9d4f56e04a8,RS,luggage_accessories,2,0,0.0000,240.6300,,115.6100,2,0,0.0000,0.0000,n < 30 - not ranked
5ef131ac72773e5b3f6c0d63cf424657,SP,toys,10,0,0.0000,142.2800,,49.7800,10,2,20.0000,0.0000,n < 30 - not ranked
5f0057b677eb963672bf05dfa3f16c34,SP,audio,4,0,0.0000,168.9700,,79.4700,4,0,0.0000,0.0000,n < 30 - not ranked
5f06030071324cc52bf0304014ac7234,SP,bed_bath_table,3,0,0.0000,267.4500,,74.9300,3,0,0.0000,0.0000,n < 30 - not ranked
5f26c1408a65b42a7224cd463bdf3292,PR,health_beauty,10,0,0.0000,154.2700,,24.1200,10,0,0.0000,0.0000,n < 30 - not ranked
5f57db27027655e6c6a391601daa0258,ES,auto,1,0,0.0000,344.9600,,189.3000,1,0,0.0000,0.0000,n < 30 - not ranked
5f5a58930c3c35f3b5af264f34fb8c85,SP,home_appliances_2,3,0,0.0000,191.0300,,84.2100,3,0,0.0000,0.0000,n < 30 - not ranked
5f7300535881cef3b625fd683cf7d145,RS,bed_bath_table,9,0,0.0000,205.7200,,37.3900,9,0,0.0000,0.0000,n < 30 - not ranked
5fd924b4836098a5be0ecf81ba054ce0,SP,garden_tools,7,0,0.0000,191.6500,,44.0800,7,1,14.2900,0.0000,n < 30 - not ranked
6025c79c035c3d772133b8b8238463b2,PR,auto,2,0,0.0000,202.7900,,19.8500,2,0,0.0000,0.0000,n < 30 - not ranked
60562ab00b8054280520d390c8c0045c,SP,auto,17,0,0.0000,244.3500,,68.9600,17,0,0.0000,0.0000,n < 30 - not ranked
606ce7768feac12c5e8bd58db8b08f0f,SP,watches_gifts,5,0,0.0000,233.5100,,62.4300,5,0,0.0000,0.0000,n < 30 - not ranked
612a743d294c27884fb7b80d2b19ba35,PR,furniture_decor,2,0,0.0000,235.0700,,119.2400,2,0,0.0000,0.0000,n < 30 - not ranked
615c3462099ffa940d37b17dfda19594,RJ,health_beauty,2,0,0.0000,183.5700,,20.4900,2,0,0.0000,0.0000,n < 30 - not ranked
6179a28a13a726c29b3bf54c070dccab,MG,luggage_accessories,1,0,0.0000,605.5200,,25.0100,1,0,0.0000,0.0000,n < 30 - not ranked
6187a137b2af59dfdbad8d9f8c373c14,SP,bed_bath_table,2,0,0.0000,332.6700,,143.6600,2,1,50.0000,0.0000,n < 30 - not ranked
61b18775be84fb700a6b2d0ba097bf66,SP,pet_shop,4,0,0.0000,253.8100,,59.2500,4,0,0.0000,0.0000,n < 30 - not ranked
61c36f0fc4a47f9532e5512b66668e62,SP,watches_gifts,1,0,0.0000,295.5400,,82.5300,1,1,100.0000,0.0000,n < 30 - not ranked
6235903333ba7de1928c869e268e5964,SC,drinks,1,0,0.0000,119.3800,,36.0900,1,0,0.0000,0.0000,n < 30 - not ranked
623ad9d0c1e14bb5464a8c72bff7b4af,MG,,1,0,0.0000,578.2200,,71.0200,1,0,0.0000,0.0000,n < 30 - not ranked
626ab1cd96932367f0eeec2e47046c12,SP,garden_tools,3,0,0.0000,172.6400,,44.2100,3,0,0.0000,0.0000,n < 30 - not ranked
62c50c1af4dfdc4149d25c5222043d39,SP,fixed_telephony,12,0,0.0000,291.3900,,96.2300,12,2,16.6700,0.0000,n < 30 - not ranked
62de60d81c55c29d76a6bce418b31cef,SP,auto,1,0,0.0000,388.1200,,43.9600,1,0,0.0000,0.0000,n < 30 - not ranked
630008e0f062605a415d694489f6f82e,SP,electronics,1,0,0.0000,409.4400,,259.4400,1,0,0.0000,0.0000,n < 30 - not ranked
63191ead8d3b2f937cd1996fdcbbad20,SP,musical_instruments,1,0,0.0000,286.0200,,71.3700,1,0,0.0000,0.0000,n < 30 - not ranked
63272377184e969942f7fff221be858d,SP,housewares,2,0,0.0000,295.1900,,92.1400,2,0,0.0000,0.0000,n < 30 - not ranked
638cba8be1fb599bbb76fd6948351eb3,SP,sports_leisure,16,0,0.0000,195.3900,,45.6800,16,1,6.2500,0.0000,n < 30 - not ranked
63a79f5a7eb5cb48a7e5787b141c7993,MG,toys,11,0,0.0000,152.7700,,64.7900,11,0,0.0000,0.0000,n < 30 - not ranked
63b9ae557efed31d1f7687917d248a8d,SP,furniture_decor,5,0,0.0000,447.8600,,81.8900,5,1,20.0000,0.0000,n < 30 - not ranked
6426d21aca402a131fc0a5d0960a3c90,SP,bed_bath_table,23,0,0.0000,263.1100,,35.3600,23,2,8.7000,0.0000,n < 30 - not ranked
643c01d7c56a724bec0454f4780e8a3e,SC,garden_tools,2,0,0.0000,233.2800,,86.0000,2,0,0.0000,0.0000,n < 30 - not ranked
64c9a1db4e73e19aaafd3286dc448c96,PR,housewares,1,0,0.0000,227.2600,,94.3500,1,0,0.0000,0.0000,n < 30 - not ranked
64cc804291f90c81f02bfc2bb58ff55a,PR,furniture_decor,1,0,0.0000,216.0200,,141.7200,1,0,0.0000,0.0000,n < 30 - not ranked
651530bf5c607240ccdd89a30c9c9712,BA,fashion_bags_accessories,1,0,0.0000,282.3600,,18.9200,1,0,0.0000,0.0000,n < 30 - not ranked
651fe66032c9520ee5587f694908040d,RS,fashion_bags_accessories,7,0,0.0000,160.9500,,25.5600,7,1,14.2900,0.0000,n < 30 - not ranked
6548c2550b6e2d8f18053216e1c7b6f3,SP,housewares,3,0,0.0000,155.6700,,69.1400,3,0,0.0000,0.0000,n < 30 - not ranked
6561d6bf844e464b4019442692b40e02,SP,sports_leisure,1,0,0.0000,34.4200,,5.1900,1,0,0.0000,0.0000,n < 30 - not ranked
657969cca82e884d272385ec0ef06edd,RS,sports_leisure,3,0,0.0000,194.5300,,72.7000,3,0,0.0000,0.0000,n < 30 - not ranked
659e8466eb3ff1b0e8740d74fb7bbedd,BA,health_beauty,11,0,0.0000,222.2600,,40.2900,11,1,9.0900,0.0000,n < 30 - not ranked
65a7c0788e4d632ccb5e1b594b87f0bb,SP,drinks,3,0,0.0000,264.6700,,138.6300,3,0,0.0000,0.0000,n < 30 - not ranked
65b081a070633e057c462abdd6fb9dd8,GO,perfumery,19,0,0.0000,288.9000,,56.5300,19,2,10.5300,0.0000,n < 30 - not ranked
65c255b299faf2d12050937cc219c46c,SP,perfumery,2,0,0.0000,170.1500,,75.3600,2,0,0.0000,0.0000,n < 30 - not ranked
6601ee6383e7f452be71929f8de48bbb,SP,perfumery,2,0,0.0000,355.8000,,131.4300,2,0,0.0000,0.0000,n < 30 - not ranked
6614814a00d344b846ae209f95ee7e3f,SP,art,1,0,0.0000,114.9100,,87.9100,1,1,100.0000,0.0000,n < 30 - not ranked
661ad5fcc28cdfb8bcadb12bb2272475,SC,pet_shop,4,0,0.0000,297.3300,,61.1600,4,0,0.0000,0.0000,n < 30 - not ranked
6624bc09786f0e41ae48dfc5eeb1a9e2,MG,garden_tools,1,0,0.0000,379.0900,,272.9300,1,0,0.0000,0.0000,n < 30 - not ranked
6650fcccd8cd2f7e55ffa524f30c4c59,SP,luggage_accessories,2,0,0.0000,195.1700,,97.3600,2,1,50.0000,0.0000,n < 30 - not ranked
668bf321538e5072858eaef6087ce027,PR,housewares,1,0,0.0000,107.3600,,83.0700,1,0,0.0000,0.0000,n < 30 - not ranked
670a9dda115b5a88b18cfadee8de2332,SP,fashion_bags_accessories,11,0,0.0000,295.1600,,74.8500,11,0,0.0000,0.0000,n < 30 - not ranked
671585f5a2af58b6e276bc01003c0d2b,PR,housewares,27,0,0.0000,134.1100,,36.7600,27,1,3.7000,0.0000,n < 30 - not ranked
67225bff54a172ff67579aaf583efd78,PA,sports_leisure,8,0,0.0000,322.2500,,83.3500,8,0,0.0000,0.0000,n < 30 - not ranked
674207551483fec113276b67b0d871ff,SP,housewares,1,0,0.0000,44.8700,,17.0700,1,0,0.0000,0.0000,n < 30 - not ranked
6750d71153f00fc58829af2a8ef1bcf1,RJ,sports_leisure,6,0,0.0000,228.4500,,25.9000,6,1,16.6700,0.0000,n < 30 - not ranked
679769a98cfcc6da877c8486ff1c13f3,MG,health_beauty,21,0,0.0000,228.8900,,40.2400,21,1,4.7600,0.0000,n < 30 - not ranked
6806dad1da97bfb5a9038eac6881f706,PR,auto,10,0,0.0000,403.5500,,75.8300,10,1,10.0000,0.0000,n < 30 - not ranked
6824a69c9ea0313eba299dd4a2dba09a,MG,construction_tools_construction,6,0,0.0000,115.4500,,15.1000,6,0,0.0000,0.0000,n < 30 - not ranked
686886775c8f6b1191c7b953fb52708c,SP,furniture_decor,1,0,0.0000,85.1100,,29.7400,1,0,0.0000,0.0000,n < 30 - not ranked
6879c4d287a8dd06b11f54ea8f78e4da,SP,health_beauty,5,0,0.0000,168.5600,,33.5900,5,0,0.0000,0.0000,n < 30 - not ranked
68ca56ce86830f3d31b1b7ec6a54da3e,PR,stationery,4,0,0.0000,120.7000,,30.2200,4,1,25.0000,0.0000,n < 30 - not ranked
68f86ba270525243e68ae74044f992b9,RJ,health_beauty,10,0,0.0000,242.2700,,37.9400,10,0,0.0000,0.0000,n < 30 - not ranked
6902157ee16728322d61a1321fa79e58,SP,telephony,2,0,0.0000,250.9800,,82.3200,2,1,50.0000,0.0000,n < 30 - not ranked
693660429f9dc4ff704eb3d88dad54d7,SP,electronics,2,0,0.0000,85.9200,,25.8400,2,0,0.0000,0.0000,n < 30 - not ranked
695051e2981c8b19e77cafe450d5bdf3,SP,,1,0,0.0000,484.5700,,102.8900,1,0,0.0000,0.0000,n < 30 - not ranked
698624c6632eeba1774924dbea24c700,SP,,1,0,0.0000,167.2500,,29.3100,1,0,0.0000,0.0000,n < 30 - not ranked
6989574bd97d9773f10d232b6c07da59,PR,luggage_accessories,7,0,0.0000,263.1000,,68.8200,7,0,0.0000,0.0000,n < 30 - not ranked
698f5fa55a5f73d0740e9d9a773e8093,RJ,health_beauty,4,0,0.0000,144.8300,,20.4900,4,0,0.0000,0.0000,n < 30 - not ranked
69a43819c758c65a5befb0b471c954d7,PR,fashion_bags_accessories,2,0,0.0000,311.7300,,49.5100,2,0,0.0000,0.0000,n < 30 - not ranked
69b5eaa096c3f9d1e5c398c597f567d6,SP,housewares,2,0,0.0000,157.8100,,42.3500,2,0,0.0000,0.0000,n < 30 - not ranked
6a3139c7bf09ece22a4713d956acbe5e,SP,sports_leisure,1,0,0.0000,92.9600,,15.2900,1,0,0.0000,0.0000,n < 30 - not ranked
6a38087bc8ad4f89ff453561005f6dea,GO,computers_accessories,15,0,0.0000,245.5100,,32.2300,15,0,0.0000,0.0000,n < 30 - not ranked
6a53b90c3ad9e0b56d9fe5c69165fff5,PR,baby,2,0,0.0000,284.8800,,26.9100,2,0,0.0000,0.0000,n < 30 - not ranked
6b15924333bd1a741595fe981ea04822,SP,health_beauty,20,0,0.0000,187.9500,,39.6200,20,0,0.0000,0.0000,n < 30 - not ranked
6b1c4d4d9ccf0be3d8544eb0e71e5318,RS,computers_accessories,1,0,0.0000,293.2400,,56.2900,1,0,0.0000,0.0000,n < 30 - not ranked
6b2612338467c08c9b25f0cc55b1578d,PR,agro_industry_and_commerce,1,0,0.0000,397.3800,,12.2600,1,0,0.0000,0.0000,n < 30 - not ranked
6b803197e03abd5056b4313306b4f29d,SP,food,7,0,0.0000,127.8800,,30.5500,7,0,0.0000,0.0000,n < 30 - not ranked
6b89abe95848c850399130d149a39b63,GO,,8,0,0.0000,270.3100,,62.7400,8,1,12.5000,0.0000,n < 30 - not ranked
6b9b80d53ba3676eafe60268a810b5a1,SP,sports_leisure,9,0,0.0000,289.0100,,70.4800,9,1,11.1100,0.0000,n < 30 - not ranked
6ba4733aa33f6386e9fb0c0fd3993b38,RS,toys,3,0,0.0000,298.3200,,46.0300,3,0,0.0000,0.0000,n < 30 - not ranked
6bb62a4912377c7bfe7cb17b406bc7e6,SP,construction_tools_safety,3,0,0.0000,128.8300,,64.5300,3,0,0.0000,0.0000,n < 30 - not ranked
6bb66d9870c2e01c05655c7ed0e7ee13,SP,,3,0,0.0000,199.6800,,37.2900,3,1,33.3300,0.0000,n < 30 - not ranked
6bbcb8924baf70b7fe2fe2097e8cd407,SC,party_supplies,10,0,0.0000,290.1100,,41.3200,10,1,10.0000,0.0000,n < 30 - not ranked
6bcb2352a2a0c38b845f598298ab9d26,PR,computers_accessories,1,0,0.0000,264.8900,,69.6300,1,0,0.0000,0.0000,n < 30 - not ranked
6bef34c5be6f2bbd70aa5165f6df94b1,SC,consoles_games,2,0,0.0000,388.4800,,42.0400,2,1,50.0000,0.0000,n < 30 - not ranked
6c12e40690c335dbc2f68a4134d30dc1,PR,garden_tools,16,0,0.0000,320.2600,,80.3500,14,2,14.2900,0.0000,n < 30 - not ranked
6c17baf138731a4aaacc3210adf2037b,SP,perfumery,4,0,0.0000,181.2100,,30.9400,4,0,0.0000,0.0000,n < 30 - not ranked
6c1b6d0c604b776f844125f911eb7377,SP,auto,4,0,0.0000,420.3300,,252.4200,4,0,0.0000,0.0000,n < 30 - not ranked
6c6cc59a5c00cacc5054ca06d65cc282,RS,pet_shop,1,0,0.0000,222.0700,,50.4400,1,0,0.0000,0.0000,n < 30 - not ranked
6c6e3d67f969468f3bfd33f827a31222,PR,computers_accessories,5,0,0.0000,204.1300,,20.7400,5,0,0.0000,0.0000,n < 30 - not ranked
6c77cd583b36a13aacccf2b3ee23e233,SP,furniture_decor,1,0,0.0000,144.6400,,16.2500,1,0,0.0000,0.0000,n < 30 - not ranked
6c9875b2f94ba781186f0c1aed8d1687,SP,pet_shop,1,0,0.0000,115.4400,,19.7900,1,0,0.0000,0.0000,n < 30 - not ranked
6c99c983ce3b6ba0ab813e6790e81691,MG,toys,9,0,0.0000,147.2100,,21.7800,9,2,22.2200,0.0000,n < 30 - not ranked
6d1b9c9579132c87d2703ec38c30f2c5,PR,baby,4,0,0.0000,223.3200,,39.3100,4,0,0.0000,0.0000,n < 30 - not ranked
6d22a1fcebb6dd08c9cd90b92a93e8d0,SC,health_beauty,12,0,0.0000,369.6900,,74.5200,12,1,8.3300,0.0000,n < 30 - not ranked
6d2f2e3b539480db1e0842b3a4e32e6e,SP,furniture_decor,3,0,0.0000,150.1300,,110.3100,3,1,33.3300,0.0000,n < 30 - not ranked
6d7f8d9d594e28796b6b3205b00f459c,PR,furniture_decor,3,0,0.0000,366.9100,,141.9800,3,1,33.3300,0.0000,n < 30 - not ranked
6da1992f915d77be95d7fa48b36904af,SP,,7,0,0.0000,217.0000,,71.4200,7,1,14.2900,0.0000,n < 30 - not ranked
6dc9bec584588412a6a338830946a3e4,SP,furniture_decor,1,0,0.0000,521.2700,,95.2500,1,1,100.0000,0.0000,n < 30 - not ranked
6dd7dce75cd55c1ce255dc38d9f0cd46,SC,cool_stuff,1,0,0.0000,293.4700,,22.4100,1,0,0.0000,0.0000,n < 30 - not ranked
6e13dd869aa7185f601c941423abcc8f,SP,health_beauty,5,0,0.0000,102.7000,,50.0800,5,0,0.0000,0.0000,n < 30 - not ranked
6e1862e15f33d9994bc25922a85e1efc,SP,signaling_and_security,7,0,0.0000,90.9000,,24.1800,7,1,14.2900,0.0000,n < 30 - not ranked
6e4f5ff6b086632ba8dcb558fb10249e,RS,home_appliances_2,5,0,0.0000,257.4200,,34.7200,5,2,40.0000,0.0000,n < 30 - not ranked
6eb94e1466490d327a09abf8f3552a50,SP,health_beauty,9,0,0.0000,196.1900,,52.0100,8,0,0.0000,0.0000,n < 30 - not ranked
6ebf4eceee4dd9847201c82e77ef8123,RJ,health_beauty,1,0,0.0000,360.4100,,34.2600,1,0,0.0000,0.0000,n < 30 - not ranked
6eeed17989b0ae47c9f11ece6f38ea90,SP,auto,3,0,0.0000,156.0000,,34.6400,3,1,33.3300,0.0000,n < 30 - not ranked
6f835fd4be26989b1b064399da346143,PR,health_beauty,2,0,0.0000,166.8800,,47.5900,2,0,0.0000,0.0000,n < 30 - not ranked
6f83d9e4da896daae20b9b6b2d3ff8d2,PR,housewares,10,0,0.0000,272.7800,,82.0300,10,0,0.0000,0.0000,n < 30 - not ranked
6fa9202c10491e472dffd59a3e82b2a3,SP,housewares,3,0,0.0000,203.1400,,42.2500,3,0,0.0000,0.0000,n < 30 - not ranked
70125af26c2d6d4ef401a1d02ae7701f,GO,sports_leisure,5,0,0.0000,253.9900,,46.3300,5,0,0.0000,0.0000,n < 30 - not ranked
70126eecc6aa1274392a1743866e9678,SP,toys,3,0,0.0000,134.1500,,31.4400,3,0,0.0000,0.0000,n < 30 - not ranked
702835e4b785b67a084280efca355756,MG,,1,0,0.0000,43.3000,,16.2500,1,0,0.0000,0.0000,n < 30 - not ranked
70b52a4cfc823994561b00bad161b4ed,SP,auto,8,0,0.0000,309.3300,,232.5700,8,0,0.0000,0.0000,n < 30 - not ranked
70bf57d811208f8923b41bbd499a67a4,SP,cool_stuff,7,0,0.0000,115.6200,,50.5900,7,1,14.2900,0.0000,n < 30 - not ranked
70c0fda4c313d87115644d39e62eec60,PE,housewares,1,0,0.0000,237.1700,,70.4300,1,0,0.0000,0.0000,n < 30 - not ranked
70c4eedec9cb4a85cda2f3f9673557b4,SP,computers_accessories,1,0,0.0000,168.0600,,22.7200,1,0,0.0000,0.0000,n < 30 - not ranked
70ee69419916dc13e3aed619061f996c,SP,furniture_decor,1,0,0.0000,346.4300,,269.4900,1,0,0.0000,0.0000,n < 30 - not ranked
70f7e8018e3d46c748c92f026aa2585a,SP,health_beauty,1,0,0.0000,168.6400,,18.6300,1,0,0.0000,0.0000,n < 30 - not ranked
70f84699be677ec988d1fa824aef7d90,MG,musical_instruments,5,0,0.0000,420.7000,,70.0500,5,0,0.0000,0.0000,n < 30 - not ranked
712efd3b68f9686dc856b84abd0f21ae,PR,baby,1,0,0.0000,173.6800,,51.0400,1,0,0.0000,0.0000,n < 30 - not ranked
713e3a23ca5e47786eb6f0d99f94cfac,PR,baby,4,0,0.0000,242.3000,,47.6200,4,0,0.0000,0.0000,n < 30 - not ranked
71592660bbcb6a4664e97b6f8b68babc,SP,computers_accessories,6,0,0.0000,298.9800,,28.5100,6,0,0.0000,0.0000,n < 30 - not ranked
71593c7413973a1e160057b80d4958f6,SP,air_conditioning,2,0,0.0000,219.1200,,190.9300,2,1,50.0000,0.0000,n < 30 - not ranked
7178e1eaa97257d8b6d4b80efd77a025,SP,costruction_tools_tools,1,0,0.0000,170.9500,,27.6900,1,0,0.0000,0.0000,n < 30 - not ranked
71dc18fd8cbf5fd77f45dd8b427abb34,PR,garden_tools,4,0,0.0000,257.5600,,61.8000,4,0,0.0000,0.0000,n < 30 - not ranked
720e6cf846ea7572cbb66b743fb91e6c,SP,health_beauty,1,0,0.0000,387.5100,,118.4200,1,0,0.0000,0.0000,n < 30 - not ranked
7238a95bb63ef7e498389fb863b834a1,SP,baby,15,0,0.0000,190.9500,,36.4800,15,0,0.0000,0.0000,n < 30 - not ranked
7238f877570096ae403c51898fa64566,SP,cool_stuff,3,0,0.0000,214.1500,,20.5800,3,0,0.0000,0.0000,n < 30 - not ranked
723a46b89fd5c3ed78ccdf039e33ac63,RS,auto,1,0,0.0000,191.9700,,16.5200,1,0,0.0000,0.0000,n < 30 - not ranked
72431a818f97fe6ab9c81eee3e297e54,SP,auto,1,0,0.0000,298.4300,,74.1600,1,0,0.0000,0.0000,n < 30 - not ranked
725af026f869236a8dd0ceb98564d156,MG,housewares,5,0,0.0000,328.1500,,119.9400,5,0,0.0000,0.0000,n < 30 - not ranked
72bc2cce903c872fe376a8faaa81d237,SP,books_technical,17,0,0.0000,211.5300,,83.9600,17,1,5.8800,0.0000,n < 30 - not ranked
72c38a04bd6a1c3dbc5298425a0db86d,PR,computers_accessories,4,0,0.0000,211.3900,,13.5100,4,1,25.0000,0.0000,n < 30 - not ranked
72c73be2b085b9d57650dd53eb2004c9,SP,auto,1,0,0.0000,416.2100,,11.0800,1,0,0.0000,0.0000,n < 30 - not ranked
7315baebc0572ff220d226283dc66728,SP,health_beauty,2,0,0.0000,194.2200,,36.1000,2,0,0.0000,0.0000,n < 30 - not ranked
731ef20c231d9a7103a425e83fd91271,SC,kitchen_dining_laundry_garden_furniture,2,0,0.0000,311.4200,,48.9100,2,0,0.0000,0.0000,n < 30 - not ranked
734def04b237117a09321dd6d8f3f2a2,SP,musical_instruments,2,0,0.0000,54.9200,,26.8400,2,0,0.0000,0.0000,n < 30 - not ranked
7354220fb240bde543b3c40c060d41e7,DF,computers_accessories,7,0,0.0000,266.3600,,86.5500,7,0,0.0000,0.0000,n < 30 - not ranked
739c7d7be81f63812dea0d1b1451c651,PB,housewares,2,0,0.0000,411.0300,,153.5900,2,0,0.0000,0.0000,n < 30 - not ranked
73a63f72308aa20a46f4b1632018f196,PR,garden_tools,25,0,0.0000,288.4600,,76.3500,24,2,8.3300,0.0000,n < 30 - not ranked
73b8eb4a9a729d4019b24ed1be748cbf,SP,auto,7,0,0.0000,99.2800,,23.8300,7,0,0.0000,0.0000,n < 30 - not ranked
73da1880b39c71de2b262bc7720c1494,SP,housewares,2,0,0.0000,197.3700,,69.4300,2,0,0.0000,0.0000,n < 30 - not ranked
740205fedfe4e90ca6857bc77db0f2b4,SP,small_appliances,1,0,0.0000,83.5800,,4.3300,1,0,0.0000,0.0000,n < 30 - not ranked
7402d13c03a7e91366337cd1de471144,PR,kitchen_dining_laundry_garden_furniture,3,0,0.0000,237.6900,,100.4100,3,0,0.0000,0.0000,n < 30 - not ranked
747c1cdcd1737dcfbd1547f6eb6f2cf3,SP,bed_bath_table,2,0,0.0000,363.1900,,53.1900,2,1,50.0000,0.0000,n < 30 - not ranked
747e73c01a4593d4cf60dcf970fd2689,PE,watches_gifts,3,0,0.0000,256.5100,,69.4500,3,0,0.0000,0.0000,n < 30 - not ranked
74871d19219c7d518d0090283e03c137,SP,sports_leisure,6,0,0.0000,92.9000,,16.3400,6,0,0.0000,0.0000,n < 30 - not ranked
749e7cdabbaf72f16677859e27874ba5,SP,,1,0,0.0000,264.8700,,51.3200,1,1,100.0000,0.0000,n < 30 - not ranked
74a9b9bddf14ece02beb81f52c41a88d,SP,cool_stuff,1,0,0.0000,502.6500,,219.6800,1,0,0.0000,0.0000,n < 30 - not ranked
74bafed391319577bce6f4d2acc0589a,SP,health_beauty,3,0,0.0000,168.7500,,34.2100,3,2,66.6700,0.0000,n < 30 - not ranked
74c7dec0a384d8a05950e629bd23bde9,SP,perfumery,4,0,0.0000,276.9400,,113.5800,4,1,25.0000,0.0000,n < 30 - not ranked
751e274377499a8503fd6243ad9c56f6,SP,construction_tools_safety,1,0,0.0000,47.9400,,15.7100,1,0,0.0000,0.0000,n < 30 - not ranked
75745ef7bc7d4f3ea3380f6f5303f514,DF,toys,3,0,0.0000,136.6700,,81.4200,3,0,0.0000,0.0000,n < 30 - not ranked
75a4764c108403a7a0575140cb22287c,RS,housewares,5,0,0.0000,277.1100,,63.3000,5,0,0.0000,0.0000,n < 30 - not ranked
75fdd0a732287f9497b179f6bd445d32,SP,,1,0,0.0000,261.2100,,67.0000,1,0,0.0000,0.0000,n < 30 - not ranked
761681a821d8275bc79f552116d06869,SP,garden_tools,3,0,0.0000,195.7100,,30.6000,3,0,0.0000,0.0000,n < 30 - not ranked
762ed976527cddf02787edba70fffa2a,PR,home_construction,3,0,0.0000,188.4500,,46.9800,3,2,66.6700,0.0000,n < 30 - not ranked
762fafdaa57a532ee0119731697579dd,SP,cool_stuff,4,0,0.0000,102.7700,,43.1100,4,0,0.0000,0.0000,n < 30 - not ranked
76623fde66e6b63b59440fd34160512d,SP,fashion_bags_accessories,3,0,0.0000,81.3300,,50.2900,3,0,0.0000,0.0000,n < 30 - not ranked
76833248bbc0e65a0293ec62023e4396,SP,industry_commerce_and_business,2,0,0.0000,448.3300,,211.6700,2,0,0.0000,0.0000,n < 30 - not ranked
768de2a4fc06aacecb9a586ccc30746a,DF,cool_stuff,13,0,0.0000,356.7400,,55.5100,13,1,7.6900,0.0000,n < 30 - not ranked
76d336555bb25f3165d2f0d6da719c40,SP,sports_leisure,1,0,0.0000,275.8800,,135.5000,1,0,0.0000,0.0000,n < 30 - not ranked
76de363de16dacc923eec8daf91df504,SC,cool_stuff,2,0,0.0000,319.6400,,56.8500,2,1,50.0000,0.0000,n < 30 - not ranked
77128dec4bec4878c37ab7d6169d6f26,SP,food_drink,1,0,0.0000,287.8200,,138.8800,1,0,0.0000,0.0000,n < 30 - not ranked
77714512e8d4dda9c234da8e3faf16e4,SP,construction_tools_construction,4,0,0.0000,292.4000,,84.0100,4,0,0.0000,0.0000,n < 30 - not ranked
777a0c55737f34ffeb78010f7542ab41,SP,health_beauty,6,0,0.0000,101.6100,,17.8000,6,1,16.6700,0.0000,n < 30 - not ranked
778323240ce2830d68aab11794e00bfb,SP,health_beauty,3,0,0.0000,253.1100,,60.6300,3,0,0.0000,0.0000,n < 30 - not ranked
77e4abfd739aed9c46480f90f81c0eb4,DF,stationery,18,0,0.0000,240.2100,,75.6900,18,0,0.0000,0.0000,n < 30 - not ranked
77fccaae319668a8ab6cd0fd16aec48c,RJ,perfumery,11,0,0.0000,225.8700,,45.5800,11,1,9.0900,0.0000,n < 30 - not ranked
7816cd9c5b1238e320545f5bf7eb80e8,SP,garden_tools,1,0,0.0000,261.6400,,14.6300,1,0,0.0000,0.0000,n < 30 - not ranked
782f78b632a43875dd5b53e3e49c9564,SP,furniture_decor,1,0,0.0000,237.1600,,71.0600,1,0,0.0000,0.0000,n < 30 - not ranked
78813699ffac347fe27dba345a5f1551,RS,drinks,1,0,0.0000,217.0300,,17.4200,1,0,0.0000,0.0000,n < 30 - not ranked
788e857f317e53de488d393e65a80f45,SP,stationery,11,0,0.0000,177.7800,,47.9100,11,0,0.0000,0.0000,n < 30 - not ranked
788f22bafdd7ab0e1e79f19db72f16a4,SP,auto,2,0,0.0000,85.0000,,16.0700,2,0,0.0000,0.0000,n < 30 - not ranked
78ba5933c21686d1c2f64669c8c459e7,SP,bed_bath_table,2,0,0.0000,156.6800,,47.7500,2,0,0.0000,0.0000,n < 30 - not ranked
78ef7e885d17f35e2382a47aae8b8cce,RS,books_technical,3,0,0.0000,207.8900,,104.8500,3,0,0.0000,0.0000,n < 30 - not ranked
7957cac1a02f45d0a4a7e45626382ec2,PR,health_beauty,1,0,0.0000,631.7200,,459.1100,1,0,0.0000,0.0000,n < 30 - not ranked
7963e546f34e098b578f9ad102494601,SP,sports_leisure,1,0,0.0000,435.5300,,48.2900,1,0,0.0000,0.0000,n < 30 - not ranked
7994081388d55b9cf976c050653dd359,SP,computers_accessories,1,0,0.0000,311.2800,,117.6300,1,0,0.0000,0.0000,n < 30 - not ranked
7994b065a7ffb14e71c6312cf87b9de2,ES,furniture_living_room,5,0,0.0000,216.2400,,77.6900,5,0,0.0000,0.0000,n < 30 - not ranked
79b93a308a97792cf53ac75f46da00b5,RJ,luggage_accessories,1,0,0.0000,540.3600,,76.2700,1,0,0.0000,0.0000,n < 30 - not ranked
79ed755314cfe6df0daef2c6cd3022cd,SP,garden_tools,23,0,0.0000,222.2400,,35.5700,22,0,0.0000,0.0000,n < 30 - not ranked
7a2d2949aea47fab95fd98d6c9f618b1,PR,pet_shop,11,0,0.0000,250.7700,,42.9300,11,1,9.0900,0.0000,n < 30 - not ranked
7a704e63bb29c446869efde5d57524c8,PR,auto,1,0,0.0000,180.3100,,27.2100,1,0,0.0000,0.0000,n < 30 - not ranked
7a9c12e235c36247c3c81f50d6ea9cea,SP,toys,5,0,0.0000,308.0600,,73.9900,5,0,0.0000,0.0000,n < 30 - not ranked
7aa538dd6e114e503a2e6154ea352253,SP,housewares,5,0,0.0000,213.0800,,74.5300,5,0,0.0000,0.0000,n < 30 - not ranked
7ab0dd5487bab2dc835337b244f689fb,SP,bed_bath_table,1,0,0.0000,137.9000,,19.9500,1,0,0.0000,0.0000,n < 30 - not ranked
7ad41305e96a6cab8294cd65891e9a86,SP,sports_leisure,2,0,0.0000,279.8700,,62.4400,2,0,0.0000,0.0000,n < 30 - not ranked
7adbd3210a7b3cc2235e225eef33574d,SP,housewares,3,0,0.0000,241.8500,,61.2800,3,0,0.0000,0.0000,n < 30 - not ranked
7ade73f1b9b4e965f9009a4c3a7e2c15,SP,computers_accessories,26,0,0.0000,231.9800,,64.6300,26,0,0.0000,0.0000,n < 30 - not ranked
7b3447b497e55af8c15fc7bd89d7b81a,SP,sports_leisure,1,0,0.0000,314.2800,,238.5200,1,0,0.0000,0.0000,n < 30 - not ranked
7b3f6ce5c6c22e9b96e7581ebf0df6e1,SP,,1,0,0.0000,262.7500,,88.5300,1,0,0.0000,0.0000,n < 30 - not ranked
7b7ed56ae755e2880f2b69632e839c1e,GO,housewares,5,0,0.0000,175.3100,,38.4200,5,0,0.0000,0.0000,n < 30 - not ranked
7b98de631987e26dd6d803490c43a13c,PR,construction_tools_construction,8,0,0.0000,254.0100,,50.3200,8,0,0.0000,0.0000,n < 30 - not ranked
7bb8fac2913a6064ec412e583c6d8b4d,SP,,1,0,0.0000,117.5000,,11.3900,1,0,0.0000,0.0000,n < 30 - not ranked
7bcd7c5f8631701474db233ccf1c094b,SP,sports_leisure,8,0,0.0000,341.6300,,122.7500,8,0,0.0000,0.0000,n < 30 - not ranked
7c4402417d51474d4d0cda9557340e40,SP,housewares,1,0,0.0000,170.9300,,69.2200,1,0,0.0000,0.0000,n < 30 - not ranked
7c51de0ab286204ce75ff42bf7c10d92,SC,health_beauty,4,0,0.0000,234.9700,,29.2700,4,0,0.0000,0.0000,n < 30 - not ranked
7c9130f5f3729edd32aa059141d92484,SP,computers_accessories,3,0,0.0000,178.8700,,66.8800,3,1,33.3300,0.0000,n < 30 - not ranked
7caa63f175b1cecbfaadd8b5ab9998c7,SP,bed_bath_table,1,0,0.0000,51.7100,,25.7100,1,1,100.0000,0.0000,n < 30 - not ranked
7cb946b1ad19faebe28c3e86c2794ec3,MG,health_beauty,1,0,0.0000,435.6300,,16.8400,1,0,0.0000,0.0000,n < 30 - not ranked
7cf4ea70955b00d6b3c22542598e2715,SP,small_appliances,1,0,0.0000,170.4800,,23.8000,1,0,0.0000,0.0000,n < 30 - not ranked
7d294cf9a6a69dc6a0c3e540fff0e039,SC,baby,5,0,0.0000,211.6000,,47.7900,5,0,0.0000,0.0000,n < 30 - not ranked
7d484ca289afaac6bf5fc6a1e96d2226,MS,toys,2,0,0.0000,291.7600,,68.7800,2,0,0.0000,0.0000,n < 30 - not ranked
7d7866a99a8656a42c7ff6352a433410,SP,party_supplies,5,0,0.0000,117.2800,,27.2800,5,0,0.0000,0.0000,n < 30 - not ranked
7d81e74a4755b552267cd5e081563028,SP,construction_tools_construction,1,0,0.0000,53.0300,,22.9200,1,0,0.0000,0.0000,n < 30 - not ranked
7d948535954aaf8c5d39db007f74372e,SP,fashio_female_clothing,4,0,0.0000,134.4200,,69.4000,4,1,25.0000,0.0000,n < 30 - not ranked
7dc9a3355bae96dd82008b313d3a456c,MG,pet_shop,1,0,0.0000,299.6700,,170.5100,1,0,0.0000,0.0000,n < 30 - not ranked
7dea6f73af847b42cc3985bd620f994d,PR,kitchen_dining_laundry_garden_furniture,2,0,0.0000,134.2700,,53.0800,2,0,0.0000,0.0000,n < 30 - not ranked
7df1fc11cc5cbc518b39faa60cf5d67c,MS,auto,5,0,0.0000,185.2500,,81.1700,5,1,20.0000,0.0000,n < 30 - not ranked
7e26c750b4cb9f6766f58265ff9ebe95,MG,health_beauty,23,0,0.0000,221.5000,,51.3300,23,1,4.3500,0.0000,n < 30 - not ranked
7e79d65b5c6f1f544b7daea036acf720,SP,toys,4,0,0.0000,205.6100,,79.2800,4,0,0.0000,0.0000,n < 30 - not ranked
7ecef8194babfec876ca720714327841,SP,construction_tools_construction,7,0,0.0000,243.3800,,44.5900,7,0,0.0000,0.0000,n < 30 - not ranked
7f02656561b680def9986c0795a8a080,SP,housewares,1,0,0.0000,340.2000,,172.9500,1,0,0.0000,0.0000,n < 30 - not ranked
7f35f9daf223da737b78738fbae4d977,SP,diapers_and_hygiene,5,0,0.0000,188.8000,,27.0100,5,1,20.0000,0.0000,n < 30 - not ranked
7f40d06aa0b5f1aa4f41af8c0480e2ef,SP,toys,6,0,0.0000,99.1300,,23.4700,6,0,0.0000,0.0000,n < 30 - not ranked
7f5e4d5efad7e44b91115dd1decb65f3,SP,computers_accessories,3,0,0.0000,184.7000,,42.9200,3,0,0.0000,0.0000,n < 30 - not ranked
7fe21dd00d2f4943ae09525efa2fd674,RJ,fashion_bags_accessories,2,0,0.0000,182.4500,,119.0500,2,0,0.0000,0.0000,n < 30 - not ranked
7ff588a03c2aeae4fbd23f9ae64b760d,SP,auto,14,0,0.0000,114.9000,,12.7600,14,1,7.1400,0.0000,n < 30 - not ranked
800214c63934acd05d47e84214db8ba8,SC,luggage_accessories,3,0,0.0000,282.9900,,116.7700,3,0,0.0000,0.0000,n < 30 - not ranked
804287717b9156fb7a787acd9af4fac1,PR,toys,1,0,0.0000,219.7500,,123.8200,1,0,0.0000,0.0000,n < 30 - not ranked
8060d731897e33b5c5ae575ce1e209e1,SP,sports_leisure,5,0,0.0000,187.3100,,48.4500,5,0,0.0000,0.0000,n < 30 - not ranked
809413606dbfe5deefd2db646693ef67,SP,food_drink,3,0,0.0000,181.9000,,113.2800,3,0,0.0000,0.0000,n < 30 - not ranked
80cfd480be3eb6d6267139f5cb793555,SP,stationery,1,0,0.0000,342.1000,,146.1400,1,0,0.0000,0.0000,n < 30 - not ranked
8132b9bd16876e1b0f8808d43825dd48,SC,sports_leisure,1,0,0.0000,403.4700,,87.1400,1,0,0.0000,0.0000,n < 30 - not ranked
81783131d2a97c8d44d406a4be81b5d9,SP,toys,8,0,0.0000,174.1000,,58.8800,8,1,12.5000,0.0000,n < 30 - not ranked
817f85dbb65aa3e70831d90fe75cdf89,SP,toys,11,0,0.0000,434.8700,,352.1200,11,0,0.0000,0.0000,n < 30 - not ranked
8185694b58b2ba6de20fd41ae608bbea,SP,furniture_decor,8,0,0.0000,265.4000,,87.2500,8,0,0.0000,0.0000,n < 30 - not ranked
818d28f936e791926d33bcb6ee94ef79,SP,telephony,4,0,0.0000,310.6500,,74.4800,3,0,0.0000,0.0000,n < 30 - not ranked
81ed90f07c0bacb7594940ba2ef676aa,MG,bed_bath_table,2,0,0.0000,386.2900,,191.1700,2,0,0.0000,0.0000,n < 30 - not ranked
820c7c9eaf76d2b226b6c242bcf3f34d,SP,home_appliances_2,1,0,0.0000,426.2400,,45.8800,1,0,0.0000,0.0000,n < 30 - not ranked
822b63912576852aea9a8436d72317b7,SP,consoles_games,6,0,0.0000,559.2100,,369.1400,6,0,0.0000,0.0000,n < 30 - not ranked
82921991ff5b557b045605b8bbf08d49,SP,telephony,1,0,0.0000,97.9200,,16.2900,1,0,0.0000,0.0000,n < 30 - not ranked
82cb9f452fe8334df74b22d37824b431,RS,small_appliances,14,0,0.0000,204.7000,,57.7100,14,0,0.0000,0.0000,n < 30 - not ranked
830379336fad8c6f3b15a4a3ddb5c66e,SP,kitchen_dining_laundry_garden_furniture,2,0,0.0000,147.0200,,48.9900,2,0,0.0000,0.0000,n < 30 - not ranked
83645b1645cdee8953ee54c29ceed564,PR,baby,14,0,0.0000,249.6000,,28.6100,14,0,0.0000,0.0000,n < 30 - not ranked
83a75eea11694e36e56dd0cb2240229a,SP,,3,0,0.0000,98.2600,,57.2000,3,0,0.0000,0.0000,n < 30 - not ranked
83c465a786b06574376909b35ef6752a,SP,bed_bath_table,3,0,0.0000,126.4700,,61.5300,3,0,0.0000,0.0000,n < 30 - not ranked
83c8aafbefb034674a70de0eac5b8954,PR,auto,2,0,0.0000,121.7600,,15.7100,2,0,0.0000,0.0000,n < 30 - not ranked
83f2b4881141ce3fcd4e985125d3279e,SP,baby,3,0,0.0000,436.6100,,107.8200,3,0,0.0000,0.0000,n < 30 - not ranked
845e8036c3f7bf62099352f5ed910240,RJ,bed_bath_table,18,0,0.0000,185.9200,,37.1900,18,4,22.2200,0.0000,n < 30 - not ranked
84c945f15571830c1a91a33978e94009,SP,housewares,2,0,0.0000,226.5700,,79.3900,2,0,0.0000,0.0000,n < 30 - not ranked
84deb808079d1be601c209c1e771b1cc,PR,health_beauty,2,0,0.0000,180.9400,,62.7300,2,0,0.0000,0.0000,n < 30 - not ranked
85044848b1b767db2a4a58526adef4b4,SP,telephony,4,0,0.0000,210.9000,,29.9900,4,1,25.0000,0.0000,n < 30 - not ranked
850857dfac77488c307e2b1cbd84ab5a,PR,air_conditioning,1,0,0.0000,70.2100,,16.8100,1,0,0.0000,0.0000,n < 30 - not ranked
85e7c62c1d6ea078c3897424f867a7c8,SC,pet_shop,2,0,0.0000,188.4100,,92.5200,2,0,0.0000,0.0000,n < 30 - not ranked
8602a61d680a10a82cceeeda0d99ea3d,SP,fashion_bags_accessories,12,0,0.0000,209.5900,,50.7900,12,1,8.3300,0.0000,n < 30 - not ranked
8603f0038fe0e52fedd3382d266723de,SC,home_appliances_2,10,0,0.0000,510.3300,,312.9800,10,1,10.0000,0.0000,n < 30 - not ranked
866558b3bccef2dbc6d29a2b5995016f,PR,furniture_decor,5,0,0.0000,277.2100,,53.9900,5,0,0.0000,0.0000,n < 30 - not ranked
86bf77bdb52e615674772d5817c6212f,RS,health_beauty,4,0,0.0000,180.5300,,38.9200,4,0,0.0000,0.0000,n < 30 - not ranked
86ff3eaef0267069cc891a2ed9d10a17,SC,sports_leisure,7,0,0.0000,215.1300,,37.0500,7,0,0.0000,0.0000,n < 30 - not ranked
876182d1918783bbe15233febfbd4926,SP,computers_accessories,3,0,0.0000,222.7000,,162.5000,3,0,0.0000,0.0000,n < 30 - not ranked
87b4428a334b8f676fd9a7f3bf544fb5,SP,health_beauty,1,0,0.0000,166.2700,,40.3800,1,0,0.0000,0.0000,n < 30 - not ranked
87d73636a3acf123e842bb890a4db036,SP,furniture_bedroom,1,0,0.0000,312.0200,,41.1300,1,0,0.0000,0.0000,n < 30 - not ranked
87f3e35268860433e13d577825aada95,SP,furniture_decor,1,0,0.0000,1235.9300,,1118.0400,0,0,,0.0000,n < 30 - not ranked
880ce4951cf857ab1d9e0b75c1d856f4,MG,auto,1,0,0.0000,361.1100,,75.7800,1,0,0.0000,0.0000,n < 30 - not ranked
883dd81e82754ac2c65e9790a7db8c9a,PR,sports_leisure,5,0,0.0000,172.1300,,42.3900,5,1,20.0000,0.0000,n < 30 - not ranked
888faa8bfb0b159c37de6d898b961c31,SC,sports_leisure,18,0,0.0000,201.5200,,31.1500,18,2,11.1100,0.0000,n < 30 - not ranked
889009a0ed0bb52c87819941192931b8,SP,health_beauty,1,0,0.0000,292.9800,,28.2100,1,0,0.0000,0.0000,n < 30 - not ranked
88cd3681e0a2ba85e190f7d817629c4c,SC,auto,1,0,0.0000,168.3800,,41.4400,1,0,0.0000,0.0000,n < 30 - not ranked
88cf19ec1fc2c58f161aee259d57142c,SP,small_appliances_home_oven_and_coffee,14,0,0.0000,154.6600,,37.4300,14,0,0.0000,0.0000,n < 30 - not ranked
88ef59b51bdaa941d10a853429f2b6ce,PR,agro_industry_and_commerce,2,0,0.0000,148.7800,,42.9200,2,1,50.0000,0.0000,n < 30 - not ranked
8936ba0de1073ee888cb3185ae5dc661,SP,garden_tools,1,0,0.0000,316.5800,,147.0600,1,0,0.0000,0.0000,n < 30 - not ranked
89757206b887aed36f3e18d858460fea,SP,stationery,2,0,0.0000,230.5400,,10.3000,2,0,0.0000,0.0000,n < 30 - not ranked
89a51f50b8095ea78d5768f34c13a76f,DF,perfumery,10,0,0.0000,178.1800,,37.3900,10,0,0.0000,0.0000,n < 30 - not ranked
89ad3263c0931c47f976d7c5778e60f6,SP,baby,5,0,0.0000,155.7800,,41.7600,5,1,20.0000,0.0000,n < 30 - not ranked
89c127985a8b130cfa45c1d36764017a,SP,cool_stuff,6,0,0.0000,263.8100,,106.6200,5,2,40.0000,0.0000,n < 30 - not ranked
89d9a386b0b6e5fc8403071b03f7206a,SP,,2,0,0.0000,323.8800,,121.9100,2,0,0.0000,0.0000,n < 30 - not ranked
89dda63a3c907c468ec88c310ed91213,SP,computers_accessories,1,0,0.0000,610.5700,,58.4300,1,0,0.0000,0.0000,n < 30 - not ranked
89de2d6f23e9746ff309705b23581faa,PR,books_technical,8,0,0.0000,231.4800,,114.1100,7,4,57.1400,0.0000,n < 30 - not ranked
89f69225956f951295ca4c7fb1266553,RJ,toys,11,0,0.0000,233.3100,,58.3600,11,1,9.0900,0.0000,n < 30 - not ranked
8a1ff5c35f6595a73fef4c7b96e4908a,PR,baby,2,0,0.0000,248.1800,,99.4400,2,0,0.0000,0.0000,n < 30 - not ranked
8a2d12a90e92f012ce5226fc6592b653,PR,housewares,17,0,0.0000,231.5000,,61.9300,17,1,5.8800,0.0000,n < 30 - not ranked
8a43128d7f9a3db592b866e6861a6cce,SP,auto,3,0,0.0000,149.8800,,16.1200,3,2,66.6700,0.0000,n < 30 - not ranked
8a87611c08849ffeeccab52aa798b6c7,PR,garden_tools,6,0,0.0000,212.6000,,148.6200,6,0,0.0000,0.0000,n < 30 - not ranked
8a8835a43bda99fd37310ad76c457510,SP,auto,2,0,0.0000,179.1100,,93.6900,2,0,0.0000,0.0000,n < 30 - not ranked
8a9260f2b0340411d6d2a56bcf4f7378,MG,food,8,0,0.0000,240.0700,,63.9500,8,0,0.0000,0.0000,n < 30 - not ranked
8ab42aa58097fd4668d60cc648225d5f,GO,bed_bath_table,19,0,0.0000,255.5200,,85.7700,19,0,0.0000,0.0000,n < 30 - not ranked
8b11118053756a9a2932f447e11fc1b5,SP,fixed_telephony,1,0,0.0000,285.8300,,205.8400,1,0,0.0000,0.0000,n < 30 - not ranked
8b181ee5518df84f18f4e1a43fe07923,SP,health_beauty,1,0,0.0000,349.4600,,146.9600,1,0,0.0000,0.0000,n < 30 - not ranked
8b2d4ab22f42c5cfc338b846decfda60,PR,sports_leisure,6,0,0.0000,375.8800,,80.2300,6,0,0.0000,0.0000,n < 30 - not ranked
8b655f0855926bcb49f5835d38dfddf6,SP,stationery,5,0,0.0000,134.6300,,41.5900,5,0,0.0000,0.0000,n < 30 - not ranked
8b87cd0d43d49b9bdf40f56229364d59,SP,baby,2,0,0.0000,368.2100,,114.6000,2,0,0.0000,0.0000,n < 30 - not ranked
8c0de775f52fe41590b376a3b7c50f68,SP,sports_leisure,8,0,0.0000,149.1300,,44.0700,8,0,0.0000,0.0000,n < 30 - not ranked
8c351ed7c326c62123318f4f3246e906,SP,computers_accessories,2,0,0.0000,242.5200,,37.8700,2,0,0.0000,0.0000,n < 30 - not ranked
8c5e007d7bd5693fa1386ffefbc99f6c,SP,health_beauty,9,0,0.0000,245.8100,,55.3500,9,1,11.1100,0.0000,n < 30 - not ranked
8c91bfea4263b8fba54081460693e2a1,RS,health_beauty,2,0,0.0000,291.1000,,169.3400,1,0,0.0000,0.0000,n < 30 - not ranked
8c9348f33ae3dada25c99c99ade2af78,SP,garden_tools,2,0,0.0000,244.0900,,47.0600,2,0,0.0000,0.0000,n < 30 - not ranked
8ca5b19e0263150d2c57afdde2b3d011,SP,housewares,3,0,0.0000,116.6600,,26.1200,3,0,0.0000,0.0000,n < 30 - not ranked
8cb7c5ddf41f4d506eba76e9a4702a25,GO,sports_leisure,1,0,0.0000,384.3300,,183.6800,1,0,0.0000,0.0000,n < 30 - not ranked
8cf21434553b02cbd37c0bbd07e041b0,SC,auto,1,0,0.0000,269.1000,,76.3500,1,0,0.0000,0.0000,n < 30 - not ranked
8d46553a36e68f95350a200c12f8f2e2,SP,perfumery,9,0,0.0000,421.6400,,292.8200,9,0,0.0000,0.0000,n < 30 - not ranked
8daab2245ebdc277c51098d01c5ad8ef,SP,costruction_tools_tools,16,0,0.0000,240.8400,,48.5300,16,0,0.0000,0.0000,n < 30 - not ranked
8dd386be0767c330276ea6a3f96532d3,SC,sports_leisure,1,0,0.0000,247.0300,,64.6600,1,0,0.0000,0.0000,n < 30 - not ranked
8de8fe3af4449ed695d2434c933ed73e,SP,home_appliances,1,0,0.0000,241.3600,,93.9800,1,0,0.0000,0.0000,n < 30 - not ranked
8def3db7f272735afb2ecd03aeca09a7,RJ,fashion_bags_accessories,2,0,0.0000,63.8300,,9.1700,2,0,0.0000,0.0000,n < 30 - not ranked
8dfbc5ff27df12f6cef751d3b9554222,PR,garden_tools,4,0,0.0000,241.6000,,22.0200,4,0,0.0000,0.0000,n < 30 - not ranked
8ea394aed8138685abe1eb9f25e1021d,SP,signaling_and_security,2,0,0.0000,270.9700,,112.1700,2,0,0.0000,0.0000,n < 30 - not ranked
8eb88b0acb3f90a717ad659221471fa7,SC,fashion_bags_accessories,2,0,0.0000,294.0500,,38.9600,2,0,0.0000,0.0000,n < 30 - not ranked
8ec76bb0965af3f007692b26fa9d6623,SC,computers_accessories,1,0,0.0000,271.4200,,74.0200,1,0,0.0000,0.0000,n < 30 - not ranked
8ed8ea9a57c862f2c18c2fe41f601d56,SC,cool_stuff,19,0,0.0000,205.8800,,49.9600,19,1,5.2600,0.0000,n < 30 - not ranked
8f0fbe2cd4d472157dc1cdef6edecaa9,SP,computers_accessories,2,0,0.0000,183.9100,,62.6800,2,1,50.0000,0.0000,n < 30 - not ranked
8f2b51a30523cdecddc2f179f351c7d6,SP,auto,7,0,0.0000,315.0300,,106.3400,7,1,14.2900,0.0000,n < 30 - not ranked
8f78f0903005064036736c7173a5c2ed,MG,furniture_decor,13,0,0.0000,418.0200,,169.4200,13,3,23.0800,0.0000,n < 30 - not ranked
8fb67a334bacec338885b4e9e1708073,PR,furniture_decor,1,0,0.0000,197.1600,,49.2300,1,0,0.0000,0.0000,n < 30 - not ranked
8fb791022c1fc8909664f48ab7dc636d,SP,home_appliances_2,5,0,0.0000,137.5000,,17.2500,5,1,20.0000,0.0000,n < 30 - not ranked
8fbd63429be6d3e5e6d1a709b6464802,SP,auto,6,0,0.0000,201.7600,,47.7400,6,0,0.0000,0.0000,n < 30 - not ranked
8fd3b4468f6425810648177996c14cbd,SP,health_beauty,1,0,0.0000,239.3800,,142.9400,1,0,0.0000,0.0000,n < 30 - not ranked
8fe8786ee000001ab51d030dfd4a7bf1,SC,musical_instruments,5,0,0.0000,380.8000,,68.4800,5,0,0.0000,0.0000,n < 30 - not ranked
8ff1a9df749e454105c55cda13e79143,SP,housewares,13,0,0.0000,300.0500,,112.1600,11,3,27.2700,0.0000,n < 30 - not ranked
8ff38bc3969e67c36c48343a07090f66,SP,auto,2,0,0.0000,405.9800,,178.1300,2,1,50.0000,0.0000,n < 30 - not ranked
8fff28c4263ddec387f28d237fb42773,SP,bed_bath_table,2,0,0.0000,138.1600,,13.0600,2,0,0.0000,0.0000,n < 30 - not ranked
901b460cdce0c64e471230d7f2f9f3a3,RS,fashion_bags_accessories,5,0,0.0000,372.3300,,97.9300,5,1,20.0000,0.0000,n < 30 - not ranked
902c99f1ac505c0d18778b61bcd636f7,SP,housewares,3,0,0.0000,116.4300,,46.1900,3,0,0.0000,0.0000,n < 30 - not ranked
90b36c5aeb728d5504a39f435bef0c5f,SP,drinks,4,0,0.0000,281.8200,,97.5900,4,0,0.0000,0.0000,n < 30 - not ranked
90b57083da5d803237da74daec6dcb2b,PR,housewares,2,0,0.0000,189.7100,,69.8800,2,0,0.0000,0.0000,n < 30 - not ranked
910a922b426b7ff95eaee129ad6c0e1f,SP,sports_leisure,2,0,0.0000,351.1500,,73.3300,2,0,0.0000,0.0000,n < 30 - not ranked
913fd0ebba70bb919f7254a02239173c,SC,auto,1,0,0.0000,322.3400,,31.5100,1,1,100.0000,0.0000,n < 30 - not ranked
9140bd1d9de28b197dce077bdd687438,SP,sports_leisure,6,0,0.0000,149.8300,,46.3100,6,0,0.0000,0.0000,n < 30 - not ranked
9140ef75cc8211c4035935e80e567204,PR,pet_shop,1,0,0.0000,292.3000,,44.6700,1,0,0.0000,0.0000,n < 30 - not ranked
91543f9849d68d023e17194926598543,SC,furniture_decor,4,0,0.0000,308.8700,,91.9800,4,0,0.0000,0.0000,n < 30 - not ranked
916748bc99315c2d202898ae58b1617e,SP,sports_leisure,25,0,0.0000,251.3400,,101.9800,25,2,8.0000,0.0000,n < 30 - not ranked
916c9de0b5ad957346eeeb12f332687e,PR,health_beauty,22,0,0.0000,212.0400,,39.8700,22,1,4.5500,0.0000,n < 30 - not ranked
918717417d88a9f9ae9735567e6c7682,SP,health_beauty,4,0,0.0000,195.5200,,100.2200,4,0,0.0000,0.0000,n < 30 - not ranked
918f6fbcf3ab724d805867303e593a1b,SP,computers_accessories,2,0,0.0000,116.9500,,31.1400,2,0,0.0000,0.0000,n < 30 - not ranked
9198786624eaeb375793215cad26cfa6,SC,sports_leisure,8,0,0.0000,311.3100,,148.7800,8,2,25.0000,0.0000,n < 30 - not ranked
91f5779a8731baca4809fdeade81803f,RJ,sports_leisure,6,0,0.0000,392.9800,,124.7500,6,1,16.6700,0.0000,n < 30 - not ranked
9200e6ce317b67196b6b0bad4d4bd567,RJ,furniture_decor,1,0,0.0000,391.1100,,77.3400,1,0,0.0000,0.0000,n < 30 - not ranked
9261d76c62caaf0b24677c2ceb7f8f20,SC,housewares,6,0,0.0000,189.6400,,34.9300,6,0,0.0000,0.0000,n < 30 - not ranked
929f342384a6607afe143d789ade1316,PR,housewares,4,0,0.0000,107.9600,,24.2400,4,0,0.0000,0.0000,n < 30 - not ranked
92d14edfb62ee5ae7fdff70b0f4e7233,SP,health_beauty,7,0,0.0000,196.2300,,62.1400,7,1,14.2900,0.0000,n < 30 - not ranked
933446e9a59dece7ae9175103820ca8f,PR,housewares,1,0,0.0000,576.6500,,383.6900,1,0,0.0000,0.0000,n < 30 - not ranked
934ed5cd1b9c1c7382d0a94a94b9e639,PR,,1,0,0.0000,315.0600,,44.9700,1,0,0.0000,0.0000,n < 30 - not ranked
939e6227d6964a11a70aa91243e418f2,MG,health_beauty,4,0,0.0000,128.2000,,32.7700,4,0,0.0000,0.0000,n < 30 - not ranked
939f6e231201f26803cb5c3a3d2940b3,SP,furniture_decor,3,0,0.0000,260.6700,,188.6700,3,0,0.0000,0.0000,n < 30 - not ranked
93b9a99027bd8bd6af682aff18dd19bf,SP,furniture_decor,19,0,0.0000,277.4500,,98.7700,18,1,5.5600,0.0000,n < 30 - not ranked
93bef6edaa84956e8e575016449b6351,SP,sports_leisure,1,0,0.0000,238.2100,,63.2100,1,0,0.0000,0.0000,n < 30 - not ranked
941554c5757b73ba0e50aa7732310afc,SP,garden_tools,3,0,0.0000,194.7500,,44.8800,3,0,0.0000,0.0000,n < 30 - not ranked
94165aea8a35c3c21499cbcae239b16c,MG,auto,1,0,0.0000,147.7900,,38.5100,1,1,100.0000,0.0000,n < 30 - not ranked
94231344608e603693b0a8891143f65d,SP,housewares,3,0,0.0000,300.7600,,46.3100,3,0,0.0000,0.0000,n < 30 - not ranked
94c49f20a123aeb9360dbf80ff912bf6,SP,toys,3,0,0.0000,339.6600,,83.3800,3,1,33.3300,0.0000,n < 30 - not ranked
94ca168e8bcb407ab85c5da308863027,SP,health_beauty,5,0,0.0000,299.7000,,51.0700,5,0,0.0000,0.0000,n < 30 - not ranked
94d76e96eedd976258cd3278ce56d5f2,SP,sports_leisure,1,0,0.0000,168.7800,,26.7700,1,0,0.0000,0.0000,n < 30 - not ranked
94e93ce877be27a515118dbfd2c2be41,SP,housewares,29,0,0.0000,326.6000,,75.4100,28,4,14.2900,0.0000,n < 30 - not ranked
9523fb39dd240aa958e040f8183d64f3,SP,construction_tools_safety,1,0,0.0000,525.1900,,40.3700,1,1,100.0000,0.0000,n < 30 - not ranked
9535a841eecebed61a9fb1ac1cbb5597,SP,garden_tools,2,0,0.0000,228.0600,,46.4800,2,1,50.0000,0.0000,n < 30 - not ranked
954e95f20808d7e5d11f0de292d078e0,MG,,3,0,0.0000,219.3300,,52.2800,3,0,0.0000,0.0000,n < 30 - not ranked
9558aa23f77a9e0a0eca83540999f43b,PR,fashion_bags_accessories,1,0,0.0000,500.9100,,338.3700,1,0,0.0000,0.0000,n < 30 - not ranked
9599519be538b98748162a2b48248960,SP,sports_leisure,1,0,0.0000,542.8200,,38.3700,1,1,100.0000,0.0000,n < 30 - not ranked
95cca791657aabeff15a07eb152d7841,PR,sports_leisure,1,0,0.0000,89.2200,,37.3200,1,0,0.0000,0.0000,n < 30 - not ranked
960945e1a9535cbc0cd6ddd35fbe7ae8,SP,construction_tools_construction,28,0,0.0000,148.4800,,39.6300,28,0,0.0000,0.0000,n < 30 - not ranked
961dff0a659b4561334372337dd897d9,RJ,cool_stuff,3,0,0.0000,492.3800,,430.3700,3,0,0.0000,0.0000,n < 30 - not ranked
964ff64dc05b13811c6d0f41e0aa5f6b,SP,home_construction,1,0,0.0000,160.3400,,14.7800,1,0,0.0000,0.0000,n < 30 - not ranked
968268a686aa05d1f529fb07dff08130,SP,stationery,12,0,0.0000,225.6700,,51.3600,12,4,33.3300,0.0000,n < 30 - not ranked
968ee78631915a63fef426d6733d7422,RS,cool_stuff,2,0,0.0000,366.3600,,209.3000,2,1,50.0000,0.0000,n < 30 - not ranked
96e5dc09087bad639b4ee193104ec2e5,RJ,health_beauty,2,0,0.0000,187.4100,,25.2700,2,0,0.0000,0.0000,n < 30 - not ranked
96f7c797de9ca20efbe14545bed63eec,SP,perfumery,1,0,0.0000,46.7100,,22.2700,1,1,100.0000,0.0000,n < 30 - not ranked
979e9f8b5b39dd243a2550c8b05aecf0,SP,health_beauty,3,0,0.0000,224.1500,,68.3000,3,0,0.0000,0.0000,n < 30 - not ranked
97e4a63591ca439a2b8b7efd20e6e19e,RJ,furniture_living_room,5,0,0.0000,154.3500,,60.2100,5,0,0.0000,0.0000,n < 30 - not ranked
97e50a621f8e801f4baf69e08687c192,SP,toys,1,0,0.0000,226.9100,,152.1300,1,0,0.0000,0.0000,n < 30 - not ranked
97e995629983723d11830a829bc2b246,SP,books_technical,5,0,0.0000,408.1900,,110.1900,5,0,0.0000,0.0000,n < 30 - not ranked
9803a40e82e45418ab7fb84091af5231,GO,auto,11,0,0.0000,375.3500,,81.7600,11,3,27.2700,0.0000,n < 30 - not ranked
98115075dd26cb8835946fc6086f5d30,SP,furniture_decor,4,0,0.0000,102.2000,,37.8400,4,0,0.0000,0.0000,n < 30 - not ranked
985c92cc412091f8529c12d7f23d3fef,MG,health_beauty,12,0,0.0000,181.2000,,39.7000,12,0,0.0000,0.0000,n < 30 - not ranked
98dddbc4601dd4443ca174359b237166,PR,housewares,2,0,0.0000,197.5400,,71.1600,2,0,0.0000,0.0000,n < 30 - not ranked
98e164d549402270247f3c96a1a158ef,SP,cool_stuff,2,0,0.0000,212.0100,,107.2900,2,1,50.0000,0.0000,n < 30 - not ranked
98f52e1020fe788c10c0418de4393fec,RJ,sports_leisure,1,0,0.0000,222.4100,,51.1000,1,0,0.0000,0.0000,n < 30 - not ranked
9996ae921c50e8dff411ac69c0b4bb8b,SP,furniture_decor,1,0,0.0000,502.6200,,171.6400,1,0,0.0000,0.0000,n < 30 - not ranked
999f6d9a1c7c81f43be44c6b7d076210,SP,garden_tools,2,0,0.0000,112.5700,,54.4600,2,0,0.0000,0.0000,n < 30 - not ranked
99a25c39b28a74d1151c35c18d178292,SP,baby,1,0,0.0000,53.5400,,25.6500,1,0,0.0000,0.0000,n < 30 - not ranked
99cd94252748d2bdde08e17858233602,SP,pet_shop,2,0,0.0000,72.3100,,23.0000,2,0,0.0000,0.0000,n < 30 - not ranked
9a03a4e9eb0b947652fae4f6121a3f5e,SP,baby,7,0,0.0000,332.7100,,75.9300,7,1,14.2900,0.0000,n < 30 - not ranked
9a1aea68d3efa00862ec88c0768037d0,SP,home_appliances_2,7,0,0.0000,312.5100,,73.4400,7,0,0.0000,0.0000,n < 30 - not ranked
9a84ba99f5367fdbd4598363496f1ea2,GO,sports_leisure,15,0,0.0000,252.3100,,37.9000,15,2,13.3300,0.0000,n < 30 - not ranked
9aa388272ee334b6ae07bc73706e254a,MG,bed_bath_table,5,0,0.0000,229.3400,,42.2700,5,0,0.0000,0.0000,n < 30 - not ranked
9ac4f14370b1e24ddc58be041b7f99df,GO,sports_leisure,5,0,0.0000,216.5700,,46.2100,5,0,0.0000,0.0000,n < 30 - not ranked
9ac75591b69c3402684b6ce0310f22ee,SP,housewares,1,0,0.0000,71.6400,,39.0600,1,0,0.0000,0.0000,n < 30 - not ranked
9b00cad94ef3078faf6fba2e792c158f,MG,sports_leisure,1,0,0.0000,465.5800,,11.0800,1,0,0.0000,0.0000,n < 30 - not ranked
9b1585752613ec342d03bbab9997ec48,RJ,auto,3,0,0.0000,194.2000,,58.4500,3,1,33.3300,0.0000,n < 30 - not ranked
9b1ab052f5fca308ba743ac789ebb2e1,PR,garden_tools,2,0,0.0000,245.1300,,74.5800,2,0,0.0000,0.0000,n < 30 - not ranked
9b76ad3d04236f76bc71c59470305e13,SP,housewares,2,0,0.0000,137.9400,,31.0200,2,0,0.0000,0.0000,n < 30 - not ranked
9bade61a92bed55a25d2b67b9f4ed739,PR,baby,2,0,0.0000,231.7500,,117.3400,2,1,50.0000,0.0000,n < 30 - not ranked
9c1c0c36cd23c20897e473901a8fb149,SP,food_drink,6,0,0.0000,149.3000,,50.6000,6,0,0.0000,0.0000,n < 30 - not ranked
9c3a1c416c765687bc79a04113269929,MG,housewares,1,0,0.0000,146.0500,,94.7200,1,1,100.0000,0.0000,n < 30 - not ranked
9c3c24eca51c52b91c1de727d2a2ae06,RS,sports_leisure,5,0,0.0000,247.0900,,108.0700,5,0,0.0000,0.0000,n < 30 - not ranked
9c4d31c7e46ab03a43fc06e3142afd4e,RJ,toys,2,0,0.0000,165.4700,,61.2200,2,0,0.0000,0.0000,n < 30 - not ranked
9c54608f0996c32ae4743089d915f845,PR,housewares,3,0,0.0000,293.2800,,42.5800,3,0,0.0000,0.0000,n < 30 - not ranked
9c690ceacd5c66731bf443ea810195cb,MG,garden_tools,10,0,0.0000,182.2400,,39.2800,10,1,10.0000,0.0000,n < 30 - not ranked
9cea4682e16655f7da87f406902e989e,PR,stationery,4,0,0.0000,241.7100,,84.9000,4,1,25.0000,0.0000,n < 30 - not ranked
9cf787a239c1aa29dbd76f153dc13f9a,SP,stationery,4,0,0.0000,157.4500,,30.3400,4,0,0.0000,0.0000,n < 30 - not ranked
9d489893ff6af05029671b785f54b998,SP,construction_tools_lights,4,0,0.0000,156.6800,,39.4200,4,0,0.0000,0.0000,n < 30 - not ranked
9d5604a1f112324ad6b2aa552122e0fb,SP,home_construction,13,0,0.0000,299.8000,,44.5800,13,4,30.7700,0.0000,n < 30 - not ranked
9d681c7e12db302cb261e721040dde65,PR,sports_leisure,13,0,0.0000,223.3000,,60.7000,13,0,0.0000,0.0000,n < 30 - not ranked
9d69ba0a7a626a64dc5db08e529559cf,SP,food,1,0,0.0000,332.6600,,114.5000,1,0,0.0000,0.0000,n < 30 - not ranked
9dc79dd988ac42f4d56c340d7048420a,SP,health_beauty,4,0,0.0000,156.5200,,23.8800,4,0,0.0000,0.0000,n < 30 - not ranked
9e25199f6ef7e7c347120ff175652c3b,SP,housewares,1,0,0.0000,196.7900,,26.5800,1,0,0.0000,0.0000,n < 30 - not ranked
9e7c5f4d7770eab65738cca38f9efccf,SP,toys,2,0,0.0000,178.4900,,6.8300,2,0,0.0000,0.0000,n < 30 - not ranked
9e94fa26a70ede4d26226e918e8706a2,SP,housewares,1,0,0.0000,135.4600,,113.4700,1,0,0.0000,0.0000,n < 30 - not ranked
9ed65337433adfbedefd23dd76eaa494,SP,sports_leisure,6,0,0.0000,177.6200,,45.7300,6,0,0.0000,0.0000,n < 30 - not ranked
9fbd5666d8618fa571c4230fafa09bd6,SP,auto,1,0,0.0000,314.9500,,145.2200,1,0,0.0000,0.0000,n < 30 - not ranked
9fc70243fb26800cba56e8f014797004,MG,garden_tools,6,0,0.0000,232.7900,,61.8600,6,0,0.0000,0.0000,n < 30 - not ranked
9fe7c6641c79970ab48185498f547c09,SP,luggage_accessories,1,0,0.0000,430.0800,,157.4900,1,0,0.0000,0.0000,n < 30 - not ranked
a00824eb9093d40e589b940ec45c4eb0,SP,computers,3,0,0.0000,192.1700,,33.8300,3,0,0.0000,0.0000,n < 30 - not ranked
a0415d9b25ede3c4b1e477e9916ffc03,RJ,watches_gifts,9,0,0.0000,214.2600,,52.1800,9,1,11.1100,0.0000,n < 30 - not ranked
a06c8ff043abea0528ee44171e2140a2,MG,baby,8,0,0.0000,93.1100,,22.1100,8,0,0.0000,0.0000,n < 30 - not ranked
a080fc8a850289b27500f6b49cca2553,SP,auto,4,0,0.0000,130.1600,,29.1600,4,0,0.0000,0.0000,n < 30 - not ranked
a08692680c77d30a0b4280da5df01c5a,SP,computers_accessories,6,0,0.0000,224.1600,,82.6800,6,0,0.0000,0.0000,n < 30 - not ranked
a09a13f18ed27932d08438aa6f12756e,RS,garden_tools,1,0,0.0000,214.0200,,44.0100,1,0,0.0000,0.0000,n < 30 - not ranked
a0a14e50070f3225b3eabba5b85da517,PR,furniture_living_room,4,0,0.0000,145.2800,,26.6700,4,0,0.0000,0.0000,n < 30 - not ranked
a0d7fbb07bb5ebc3b05980e750db56f3,SP,furniture_decor,2,0,0.0000,406.3700,,77.1600,2,1,50.0000,0.0000,n < 30 - not ranked
a1040efe9ff4a6f93c28b0499eada8f5,SP,construction_tools_safety,1,0,0.0000,414.6900,,75.1700,1,0,0.0000,0.0000,n < 30 - not ranked
a11a0e0ca67423425691db355cff69b0,SP,auto,2,0,0.0000,132.6700,,53.5900,2,0,0.0000,0.0000,n < 30 - not ranked
a150c540f572d0fb53992264bc5c10b5,SP,consoles_games,1,0,0.0000,260.6000,,42.9900,1,0,0.0000,0.0000,n < 30 - not ranked
a1544b9ea0b2390e020537d4daa89049,SP,fashion_bags_accessories,8,0,0.0000,262.0100,,52.5400,8,1,12.5000,0.0000,n < 30 - not ranked
a1bea9970d8f65b240555f99c2214f7f,PR,construction_tools_lights,1,0,0.0000,223.3600,,23.0600,1,0,0.0000,0.0000,n < 30 - not ranked
a20d8058c866dbaeca014d2cd20ac62e,SP,small_appliances,2,0,0.0000,565.3500,,56.4700,2,0,0.0000,0.0000,n < 30 - not ranked
a213f1bd6458f4a158f3746cb2514559,PR,computers_accessories,1,0,0.0000,200.3000,,46.8600,1,0,0.0000,0.0000,n < 30 - not ranked
a218df5c097b0ca409cfaac1488cc7f6,SP,housewares,4,0,0.0000,277.4900,,117.5800,4,1,25.0000,0.0000,n < 30 - not ranked
a21c11ec5c3f03e7cc9f9203bff9e1c6,SP,perfumery,3,0,0.0000,229.0200,,65.5100,3,1,33.3300,0.0000,n < 30 - not ranked
a23266650e7c84bb93fbbba502137478,RS,home_construction,11,0,0.0000,271.0300,,47.7000,11,2,18.1800,0.0000,n < 30 - not ranked
a2a41aedb70551d4a85aa04dc2fced48,SP,home_appliances,2,0,0.0000,212.7600,,93.0200,2,0,0.0000,0.0000,n < 30 - not ranked
a2b911e9ad40dc7d61c142a4683e2d85,RJ,sports_leisure,1,0,0.0000,306.7900,,14.0900,1,0,0.0000,0.0000,n < 30 - not ranked
a2deecd5398f5df4987110c80a1972a3,SP,home_appliances,13,0,0.0000,199.3800,,37.7500,13,1,7.6900,0.0000,n < 30 - not ranked
a2fa0bdc798ee84cdb08281337cf4fb6,SC,books_general_interest,8,0,0.0000,436.9100,,218.3100,8,0,0.0000,0.0000,n < 30 - not ranked
a3082f442524a1be452e3189e003b361,SP,auto,3,0,0.0000,276.9000,,101.2900,3,0,0.0000,0.0000,n < 30 - not ranked
a35124e2d763d7ca3fbe3b97d143200f,SP,garden_tools,4,0,0.0000,256.9900,,148.3500,4,0,0.0000,0.0000,n < 30 - not ranked
a353b1083c9863d756d9404695016d64,ES,musical_instruments,1,0,0.0000,497.1200,,136.6900,1,0,0.0000,0.0000,n < 30 - not ranked
a35ef466c6fd6d052f5d241240d3c5e2,RS,sports_leisure,3,0,0.0000,283.9400,,29.3500,3,0,0.0000,0.0000,n < 30 - not ranked
a369d693961cb93b61ca2cc518872a85,SP,home_construction,11,0,0.0000,264.6300,,78.6600,11,2,18.1800,0.0000,n < 30 - not ranked
a36ac007a4d18f865c8d32c3b2402c2d,SP,garden_tools,8,0,0.0000,231.6700,,89.4300,8,4,50.0000,0.0000,n < 30 - not ranked
a37c340b91cb0169e8b029db6440fba2,SP,,5,0,0.0000,266.9500,,119.5500,5,0,0.0000,0.0000,n < 30 - not ranked
a3b0df0065e264a91b7bbf5f844af5cd,SP,auto,2,0,0.0000,326.8700,,99.9400,2,0,0.0000,0.0000,n < 30 - not ranked
a3b42d266fa8afc874b909422ce88582,SP,computers_accessories,1,0,0.0000,84.1700,,27.2400,1,0,0.0000,0.0000,n < 30 - not ranked
a3fa18b3f688ec0fca3eb8bfcbd2d5b3,SP,perfumery,1,0,0.0000,342.4500,,171.8900,1,0,0.0000,0.0000,n < 30 - not ranked
a414555ce331b8c8aea4a9cb8395194d,SP,garden_tools,7,0,0.0000,167.7300,,66.2800,6,2,33.3300,0.0000,n < 30 - not ranked
a425f92c199eb576938df686728acd20,PR,furniture_decor,16,0,0.0000,411.5800,,248.5600,16,2,12.5000,0.0000,n < 30 - not ranked
a45314082d50d578a4721c9787ce09ab,SP,sports_leisure,2,0,0.0000,125.7200,,36.7700,2,0,0.0000,0.0000,n < 30 - not ranked
a45765f8afb1e594b22bf9e974b46765,SP,auto,1,0,0.0000,119.4400,,21.8700,1,0,0.0000,0.0000,n < 30 - not ranked
a478c7961d6a992065b24e63b366f90b,SC,home_construction,8,0,0.0000,236.5500,,56.9000,8,0,0.0000,0.0000,n < 30 - not ranked
a4b8d97cd5d3674eeff96abc99d8ed67,SP,construction_tools_construction,1,0,0.0000,146.4900,,27.6500,1,1,100.0000,0.0000,n < 30 - not ranked
a4bd6e9adf39b63f43dc545d3ca1f53d,RJ,garden_tools,4,0,0.0000,252.0300,,78.9300,4,0,0.0000,0.0000,n < 30 - not ranked
a4fc6eadaff1576af888509a53420f6a,SP,computers_accessories,1,0,0.0000,695.6400,,334.0000,1,0,0.0000,0.0000,n < 30 - not ranked
a513150f33f99a06569e9cd5c4bb889b,SP,construction_tools_construction,2,0,0.0000,231.7500,,65.2500,2,0,0.0000,0.0000,n < 30 - not ranked
a5259c149128e82c9d6d46e0c1c812bb,RO,auto,8,0,0.0000,464.4000,,72.5900,8,2,25.0000,0.0000,n < 30 - not ranked
a53f60f05f822b5c621a50ff6a5cb362,MG,furniture_decor,4,0,0.0000,275.3600,,154.1600,3,1,33.3300,0.0000,n < 30 - not ranked
a56a8043ebf66e42119618fb8cf232c6,SC,computers_accessories,1,0,0.0000,259.8900,,63.2800,1,0,0.0000,0.0000,n < 30 - not ranked
a56e351445e5863fc8960640ba9190c7,SC,construction_tools_safety,3,0,0.0000,281.3600,,51.4900,3,0,0.0000,0.0000,n < 30 - not ranked
a5bff0f43eb51f0cad7c37fac7244c8a,SP,garden_tools,4,0,0.0000,380.9900,,56.1000,4,0,0.0000,0.0000,n < 30 - not ranked
a5dd1946fb63ada8bcaa0c9cd8f11e22,PE,health_beauty,6,0,0.0000,406.5600,,58.7000,6,1,16.6700,0.0000,n < 30 - not ranked
a5ff20ff766e7f50bd5066f33da14413,SP,home_appliances,1,0,0.0000,120.6000,,36.8600,1,0,0.0000,0.0000,n < 30 - not ranked
a61cc04793308395a840807104365121,SP,housewares,1,0,0.0000,200.8500,,27.9300,1,0,0.0000,0.0000,n < 30 - not ranked
a63bfbaa882c8f4542891b4e2246cc7f,RJ,health_beauty,6,0,0.0000,280.5600,,44.5400,6,0,0.0000,0.0000,n < 30 - not ranked
a64e44665225d19dfc0277eeeaaccc57,SP,health_beauty,5,0,0.0000,199.3600,,67.0800,5,0,0.0000,0.0000,n < 30 - not ranked
a663d9c3797e90eac99ff60939416a56,SP,computers_accessories,1,0,0.0000,128.6500,,48.0300,1,0,0.0000,0.0000,n < 30 - not ranked
a69aa24cec11168e7e39a3fbc727e925,SP,health_beauty,3,0,0.0000,207.6300,,91.5100,3,0,0.0000,0.0000,n < 30 - not ranked
a70e9066dbfd10b6b97a3f54a1356762,PR,furniture_decor,2,0,0.0000,438.9200,,239.0300,2,0,0.0000,0.0000,n < 30 - not ranked
a72c2f59332659e361d647515c698798,RS,pet_shop,5,0,0.0000,244.8800,,65.7900,5,0,0.0000,0.0000,n < 30 - not ranked
a72f15980dc3e9bfd1a49ac9b2f3af65,SP,furniture_decor,1,0,0.0000,123.4000,,22.2000,1,0,0.0000,0.0000,n < 30 - not ranked
a7a9b880c49781da66651ccf4ba9ac38,SP,bed_bath_table,3,0,0.0000,227.5700,,29.6800,3,0,0.0000,0.0000,n < 30 - not ranked
a7b7354cc588f7566a848bcbb1ce3d96,SP,home_appliances,2,0,0.0000,285.0300,,177.3100,2,0,0.0000,0.0000,n < 30 - not ranked
a7c53f6b3b61adbdaa99dda97e8cbd56,SP,baby,1,0,0.0000,164.1000,,40.2300,1,0,0.0000,0.0000,n < 30 - not ranked
a7c88262832dfc683781d6a421edefae,SP,perfumery,5,0,0.0000,268.2400,,46.3300,5,0,0.0000,0.0000,n < 30 - not ranked
a7d0f8dd44f57ef6de7f7f02e3d82630,SP,cool_stuff,2,0,0.0000,147.0700,,57.0000,2,0,0.0000,0.0000,n < 30 - not ranked
a7dc4098e4da6e41b426269d12ae7e91,SP,auto,2,0,0.0000,152.3500,,94.4700,2,1,50.0000,0.0000,n < 30 - not ranked
a7ecf689b40a44361e259b28939023e4,ES,sports_leisure,1,0,0.0000,262.1500,,60.7900,1,0,0.0000,0.0000,n < 30 - not ranked
a806a4bb063ea7ca6d374eafa50a6058,ES,perfumery,5,0,0.0000,304.9700,,80.5100,5,0,0.0000,0.0000,n < 30 - not ranked
a81466620e46a6970b22ef40379fdfc9,SC,computers_accessories,2,0,0.0000,172.5600,,8.7100,2,0,0.0000,0.0000,n < 30 - not ranked
a8739afb32aaa45e01815ca76f76f54b,SP,electronics,13,0,0.0000,229.6700,,50.3900,13,3,23.0800,0.0000,n < 30 - not ranked
a89e143d5211473ae18db9577ee34b64,SP,furniture_decor,1,0,0.0000,221.0600,,194.4100,1,0,0.0000,0.0000,n < 30 - not ranked
a90a5da8b09e44264a177c0374a5ac87,PR,telephony,3,0,0.0000,225.1400,,28.5100,3,0,0.0000,0.0000,n < 30 - not ranked
a9415cf907dfa12f9ed18693244f5329,MG,kitchen_dining_laundry_garden_furniture,1,0,0.0000,267.2300,,119.3500,1,0,0.0000,0.0000,n < 30 - not ranked
a99504ac23ed125aaf5302af6cc30af9,SP,home_construction,1,0,0.0000,390.1300,,76.7700,1,0,0.0000,0.0000,n < 30 - not ranked
a9ae440659f48b7849df83e82734150b,SP,auto,1,0,0.0000,320.2200,,81.6400,1,0,0.0000,0.0000,n < 30 - not ranked
a9b533a26e898b12e8b8d4c07279bf4d,RJ,books_general_interest,4,0,0.0000,363.9100,,154.7900,4,0,0.0000,0.0000,n < 30 - not ranked
aa17b35ce4de7b565be3249ba838944f,SP,sports_leisure,2,0,0.0000,392.8300,,133.6400,2,0,0.0000,0.0000,n < 30 - not ranked
aa1eb17b9fdf6dfd546e25c45c7b9235,SP,health_beauty,3,0,0.0000,186.0500,,33.9500,3,0,0.0000,0.0000,n < 30 - not ranked
aa2640d851ec322526f1295bbeb20092,SP,furniture_decor,1,0,0.0000,95.1500,,60.8000,1,0,0.0000,0.0000,n < 30 - not ranked
aa8af66c623d7d544dfe4bb85b5ebe3b,MG,art,1,0,0.0000,192.0900,,119.6100,1,0,0.0000,0.0000,n < 30 - not ranked
aac51c486b672a9850d59f3e84b1cf88,SP,food,10,0,0.0000,111.6300,,29.0000,10,0,0.0000,0.0000,n < 30 - not ranked
aadfe0417e61315688b6bd7043361e25,GO,perfumery,1,0,0.0000,155.6300,,11.6200,1,0,0.0000,0.0000,n < 30 - not ranked
aae5953b9edddf14749c0d65d60eb4b9,MG,furniture_decor,2,0,0.0000,307.8100,,116.4600,2,0,0.0000,0.0000,n < 30 - not ranked
aae5e7b457a3c72ee230a47d98fceda5,PR,bed_bath_table,5,0,0.0000,286.1900,,123.5800,5,0,0.0000,0.0000,n < 30 - not ranked
ab27bbbad5239bc31a34709275a70db4,SP,construction_tools_construction,3,0,0.0000,202.9300,,96.7100,3,0,0.0000,0.0000,n < 30 - not ranked
ab9db4cf53b08b828b64dccaafc2d9f0,RS,air_conditioning,4,0,0.0000,281.2800,,73.1000,4,0,0.0000,0.0000,n < 30 - not ranked
abbf6046bbdf1028606a5bc7f00c99e7,SC,auto,6,0,0.0000,282.8400,,51.0300,6,0,0.0000,0.0000,n < 30 - not ranked
abc015ebac1d283a323ca9db35ede4b9,SP,air_conditioning,12,0,0.0000,259.5100,,50.9900,12,1,8.3300,0.0000,n < 30 - not ranked
abe021b01ba992245271b9aa422032df,PR,,2,0,0.0000,430.3300,,273.6400,2,1,50.0000,0.0000,n < 30 - not ranked
ac51cac5e20d69ff485a54746488ef48,SP,drinks,3,0,0.0000,391.4900,,97.2900,3,1,33.3300,0.0000,n < 30 - not ranked
ac9b01377919cdbd2a1bbb8d5837c70b,SP,construction_tools_lights,1,0,0.0000,235.1400,,19.5900,1,0,0.0000,0.0000,n < 30 - not ranked
acb6c2ca5c82411c1fdb88d5fd5eb95e,SP,sports_leisure,10,0,0.0000,244.0400,,89.7100,10,2,20.0000,0.0000,n < 30 - not ranked
acf974e4d5950ad143a247471b831eb9,RS,housewares,5,0,0.0000,284.3100,,65.9800,4,0,0.0000,0.0000,n < 30 - not ranked
ad14615bdd492b01b0d97922e87cb87f,SC,auto,1,0,0.0000,326.0100,,15.8900,1,0,0.0000,0.0000,n < 30 - not ranked
ad273c9eb54ecb4532de4bf75bae9e4e,PR,housewares,9,0,0.0000,308.5300,,99.8000,9,1,11.1100,0.0000,n < 30 - not ranked
ad75519a07f039025e83795a4418470f,GO,drinks,3,0,0.0000,229.0200,,45.0900,3,1,33.3300,0.0000,n < 30 - not ranked
ad87df7699e83b8a91822a4a0b765c3a,SP,electronics,5,0,0.0000,261.4500,,62.7800,5,0,0.0000,0.0000,n < 30 - not ranked
ad8b531ae67582f096925cff5630d0d1,PR,furniture_decor,2,0,0.0000,491.6400,,202.0700,2,0,0.0000,0.0000,n < 30 - not ranked
adbe70ab2c97442046d393988c8d1d27,SP,garden_tools,5,0,0.0000,172.4500,,32.7200,4,0,0.0000,0.0000,n < 30 - not ranked
ade45994b717ccee333492330fbf037b,PR,telephony,10,0,0.0000,201.8400,,29.9900,10,0,0.0000,0.0000,n < 30 - not ranked
aded58c8142dedc5494a81f948431fab,RJ,health_beauty,4,0,0.0000,209.8000,,79.1000,4,1,25.0000,0.0000,n < 30 - not ranked
ae45ad30c2d2e5913094769690a239d2,SP,sports_leisure,1,0,0.0000,460.7900,,180.1700,1,0,0.0000,0.0000,n < 30 - not ranked
ae45df84722b1d15c5f32b23a095746c,SP,health_beauty,9,0,0.0000,178.0400,,32.1600,9,0,0.0000,0.0000,n < 30 - not ranked
ae7ab174effdead6c241e547e4ca13f0,PR,furniture_living_room,6,0,0.0000,229.5700,,87.9300,6,1,16.6700,0.0000,n < 30 - not ranked
ae8bfdbf1c2a2a2dee92d799db0a31c6,PR,housewares,8,0,0.0000,212.9900,,43.2800,8,0,0.0000,0.0000,n < 30 - not ranked
ae9690c6e8fee182c28c9ff8e11ca52c,SP,furniture_decor,1,0,0.0000,107.6300,,107.6300,1,0,0.0000,0.0000,n < 30 - not ranked
aec99834ab5d38ead22766ada8497e87,PR,construction_tools_safety,1,0,0.0000,174.2800,,68.9900,1,0,0.0000,0.0000,n < 30 - not ranked
b00af24704019bd2e1b335e70ad11f7c,BA,sports_leisure,1,0,0.0000,373.3100,,35.4000,1,0,0.0000,0.0000,n < 30 - not ranked
b01c2b7b8599b325103ebcddc67413e1,RS,health_beauty,4,0,0.0000,202.9200,,82.9400,4,0,0.0000,0.0000,n < 30 - not ranked
b026643914f651e8371425e5b8a1e780,RJ,health_beauty,1,0,0.0000,250.0600,,81.1300,1,0,0.0000,0.0000,n < 30 - not ranked
b0398568231ba5e6734af1881671a317,ES,cool_stuff,4,0,0.0000,317.0800,,36.6000,4,1,25.0000,0.0000,n < 30 - not ranked
b05b432bf68945d4d9783f9e3ca29ee8,SP,health_beauty,2,0,0.0000,129.9600,,36.6200,2,0,0.0000,0.0000,n < 30 - not ranked
b080809eaacb49e5ca07290981472431,MG,books_general_interest,11,0,0.0000,252.9100,,92.4800,11,0,0.0000,0.0000,n < 30 - not ranked
b0f2a6122a90a93eb03e68653dd960e3,PR,health_beauty,6,0,0.0000,188.8800,,79.3900,6,0,0.0000,0.0000,n < 30 - not ranked
b1204cfda1d4948679db3cfc0d3cb95c,SP,sports_leisure,6,0,0.0000,235.8100,,47.7900,6,1,16.6700,0.0000,n < 30 - not ranked
b12cfd255810394b60caef18ae163547,PR,office_furniture,2,0,0.0000,380.1400,,70.2200,2,0,0.0000,0.0000,n < 30 - not ranked
b16d3dadc47d4eb18be3d88bad0775ce,RS,sports_leisure,10,0,0.0000,154.3100,,52.3800,10,1,10.0000,0.0000,n < 30 - not ranked
b19c48688808720822399ffa9f2dbe2f,SP,watches_gifts,1,0,0.0000,151.2900,,,1,0,0.0000,0.0000,n < 30 - not ranked
b1aaae6b66ad3c40f54b389d7ea4bee0,SP,fashion_underwear_beach,15,0,0.0000,192.5900,,55.1200,15,1,6.6700,0.0000,n < 30 - not ranked
b1fecf4da1fa2689bccffa0121953643,MS,health_beauty,19,0,0.0000,244.8300,,90.2400,19,0,0.0000,0.0000,n < 30 - not ranked
b26741d31a563d769b4af0465ab20c56,SC,sports_leisure,2,0,0.0000,304.4100,,40.6500,2,0,0.0000,0.0000,n < 30 - not ranked
b274baf5bbd142410eb2958cf685d684,RS,toys,7,0,0.0000,152.5000,,19.2200,7,1,14.2900,0.0000,n < 30 - not ranked
b29d3380981c51df13fc6fbe87e1763d,SP,bed_bath_table,6,0,0.0000,192.6300,,55.6000,6,1,16.6700,0.0000,n < 30 - not ranked
b2a6d334e2833acea353624840e25a0e,SP,small_appliances,24,0,0.0000,259.6500,,52.6000,24,1,4.1700,0.0000,n < 30 - not ranked
b2eecf5ea250510da76590ca79d60e5d,SP,musical_instruments,9,0,0.0000,148.0100,,41.7200,9,0,0.0000,0.0000,n < 30 - not ranked
b2f4d63c7203f539a78252565ca32257,RJ,auto,1,0,0.0000,312.1800,,44.0300,1,0,0.0000,0.0000,n < 30 - not ranked
b347677812ea483b0f528eaf8cbc09b7,PR,housewares,21,0,0.0000,317.2600,,69.2200,21,1,4.7600,0.0000,n < 30 - not ranked
b37c4c02bda3161a7546a4e6d222d5b2,SP,fixed_telephony,4,0,0.0000,448.1600,,210.8700,4,3,75.0000,0.0000,n < 30 - not ranked
b3809b8d4394588a47c8470ea331e135,SP,electronics,1,0,0.0000,121.1900,,85.4800,1,0,0.0000,0.0000,n < 30 - not ranked
b3e2faf2c1004d674f16a3aa3197f0e1,SP,auto,3,0,0.0000,163.0100,,53.2600,3,0,0.0000,0.0000,n < 30 - not ranked
b3f19518fcec265b2e97af287725f981,SP,housewares,8,0,0.0000,255.9800,,55.4400,8,0,0.0000,0.0000,n < 30 - not ranked
b416191c9813d821a295cfabafff4161,SP,,2,0,0.0000,463.1700,,62.5800,2,1,50.0000,0.0000,n < 30 - not ranked
b44dbfbf62e52125f3c15d230569ea91,SP,home_construction,4,0,0.0000,119.8900,,14.8500,4,0,0.0000,0.0000,n < 30 - not ranked
b452cb0ae35044c4a53179c39f49fb06,SP,auto,2,0,0.0000,401.3500,,276.0700,2,0,0.0000,0.0000,n < 30 - not ranked
b45d7ebfb7378630f1bcd74b6ff86ff7,MG,bed_bath_table,3,0,0.0000,712.8100,,538.2800,3,0,0.0000,0.0000,n < 30 - not ranked
b494891378bd8f4560abe576c52deacd,SP,health_beauty,19,0,0.0000,131.3900,,22.2700,19,1,5.2600,0.0000,n < 30 - not ranked
b4b447d715f9ab302a188fb43d3e96b3,SP,sports_leisure,5,0,0.0000,86.9700,,37.8700,5,0,0.0000,0.0000,n < 30 - not ranked
b586cd24c010a13916af621b0325fbba,SC,construction_tools_construction,6,0,0.0000,126.5000,,23.0400,6,1,16.6700,0.0000,n < 30 - not ranked
b5b800c4065bebf4d3442311c9857344,SP,health_beauty,1,0,0.0000,154.9300,,73.1100,1,0,0.0000,0.0000,n < 30 - not ranked
b5bb2b985208834bd5bd86c7a402bbad,RS,auto,2,0,0.0000,272.0600,,36.7700,2,0,0.0000,0.0000,n < 30 - not ranked
b5d034ac251546e25afe9067f05c1539,SP,baby,1,0,0.0000,301.8500,,83.3800,1,0,0.0000,0.0000,n < 30 - not ranked
b5dd7151a92ccaaa282cbe9681a05f44,SP,sports_leisure,1,0,0.0000,322.4900,,173.0300,1,0,0.0000,0.0000,n < 30 - not ranked
b5f0712d22a873b6797ab6cc65c3fcba,SP,food_drink,1,0,0.0000,78.2600,,47.1200,1,0,0.0000,0.0000,n < 30 - not ranked
b5f49fe968dff6b112861e6cd8e192ef,PR,furniture_decor,1,0,0.0000,335.8900,,149.2300,1,0,0.0000,0.0000,n < 30 - not ranked
b67d6c666e8dce1d078c882825e12704,SP,sports_leisure,7,0,0.0000,184.4200,,71.3400,7,0,0.0000,0.0000,n < 30 - not ranked
b6f52e346160519c24a23af05410ad32,SP,health_beauty,1,0,0.0000,302.6400,,30.1100,1,0,0.0000,0.0000,n < 30 - not ranked
b76a1f8356322f12529c37b67d5c96c2,SP,auto,5,0,0.0000,179.2400,,48.1100,5,0,0.0000,0.0000,n < 30 - not ranked
b76f4d90e85657a240495c876313adc5,SP,toys,1,0,0.0000,63.8800,,39.9300,1,0,0.0000,0.0000,n < 30 - not ranked
b77a27b1864483e721dc831d5ba4afa0,RJ,auto,1,0,0.0000,203.3600,,97.9700,1,0,0.0000,0.0000,n < 30 - not ranked
b7ba853e9551f4558440881fd3e5c815,RS,cool_stuff,1,0,0.0000,838.9400,,696.2700,1,1,100.0000,0.0000,n < 30 - not ranked
b7cc6c5e001441ae8cdd5c69a480cbe4,SC,musical_instruments,5,0,0.0000,307.8700,,74.8700,5,0,0.0000,0.0000,n < 30 - not ranked
b7d5b4b87af9d42b601865d3f3810bff,SC,garden_tools,1,0,0.0000,207.0900,,84.1400,1,0,0.0000,0.0000,n < 30 - not ranked
b7e1750c1157341d2abd0251e07c186b,SP,sports_leisure,3,0,0.0000,248.2700,,73.6000,3,0,0.0000,0.0000,n < 30 - not ranked
b7ed9fb14c8eadb37adb9c45d67ab0fb,SP,stationery,7,0,0.0000,301.5200,,57.7300,7,3,42.8600,0.0000,n < 30 - not ranked
b8114f2f589a6804810f04f99b36b498,SP,housewares,8,0,0.0000,119.7000,,55.2400,8,0,0.0000,0.0000,n < 30 - not ranked
b81e3a6c866a764974fe849821abeebd,SP,housewares,8,0,0.0000,147.4100,,71.2000,8,0,0.0000,0.0000,n < 30 - not ranked
b8578d2d823bd8e251f6fdd02b40902d,SC,sports_leisure,8,0,0.0000,242.9600,,33.8000,8,0,0.0000,0.0000,n < 30 - not ranked
b86a47b3366e3b5424a7b225781f4908,MG,,1,0,0.0000,342.2300,,10.0300,1,0,0.0000,0.0000,n < 30 - not ranked
b88e7c57cb2d8b973b7dd4a2bfa14b36,PR,health_beauty,4,0,0.0000,224.7600,,26.7900,4,0,0.0000,0.0000,n < 30 - not ranked
b8a0adc91af209270c2c725168eb00fd,SP,bed_bath_table,6,0,0.0000,266.5400,,81.0800,6,1,16.6700,0.0000,n < 30 - not ranked
b8d890108a7a80e4f5d59eea9f362438,PR,computers_accessories,2,0,0.0000,334.3500,,238.5200,2,0,0.0000,0.0000,n < 30 - not ranked
b906dd0e57f282c7089171b6ed07982e,PR,sports_leisure,2,0,0.0000,167.6900,,18.3500,2,0,0.0000,0.0000,n < 30 - not ranked
b98b715fe9e276204e2a3464f48cd796,SP,bed_bath_table,4,0,0.0000,271.6200,,146.3000,4,1,25.0000,0.0000,n < 30 - not ranked
b9a03475e6447e631b6799ec8274800f,PR,christmas_supplies,10,0,0.0000,260.3700,,30.6800,10,1,10.0000,0.0000,n < 30 - not ranked
b9c0ffa92f3ff9a5a3d45ef7213c0842,SP,baby,3,0,0.0000,508.4000,,75.2400,3,0,0.0000,0.0000,n < 30 - not ranked
b9de031b671cd48b28fae9d828cbf2b4,SP,auto,1,0,0.0000,221.5800,,23.2200,1,0,0.0000,0.0000,n < 30 - not ranked
b9ec22de23f18567de0e09d776ca0309,DF,stationery,2,0,0.0000,156.8400,,42.8100,2,0,0.0000,0.0000,n < 30 - not ranked
ba5daa4041e1f15cdf34b76e3e18a450,SP,toys,15,0,0.0000,136.6100,,41.7100,15,2,13.3300,0.0000,n < 30 - not ranked
ba6b68b55fe8704377a7d43c8e5c0185,MG,sports_leisure,5,0,0.0000,254.1700,,73.2600,5,1,20.0000,0.0000,n < 30 - not ranked
ba6ce6de456f6c11d08c17701ba5c26f,SP,sports_leisure,6,0,0.0000,297.9100,,149.3800,6,1,16.6700,0.0000,n < 30 - not ranked
ba89796db68db180bd389de96b2ff3b6,SP,cine_photo,2,0,0.0000,206.4300,,50.5700,2,0,0.0000,0.0000,n < 30 - not ranked
ba8e85df286308fe68a2ce83a8f8b2d6,SC,perfumery,1,0,0.0000,236.2900,,39.1600,1,0,0.0000,0.0000,n < 30 - not ranked
baa49d93c8c8841e27400a300f5d74b2,SC,sports_leisure,6,0,0.0000,294.7900,,87.0200,6,0,0.0000,0.0000,n < 30 - not ranked
bab0a8cd684e41ba6e2637dca0979d3b,RJ,toys,1,0,0.0000,319.5700,,6.3000,1,0,0.0000,0.0000,n < 30 - not ranked
babcc0ab201e4c60188427cae51a5b8b,SP,construction_tools_lights,1,0,0.0000,196.7300,,76.1800,1,0,0.0000,0.0000,n < 30 - not ranked
bac44fa8e13424950488659b5f765c41,SP,furniture_decor,1,0,0.0000,209.0200,,137.0200,1,0,0.0000,0.0000,n < 30 - not ranked
bac692d6c0ed08467878018e6cc9c26c,SC,construction_tools_lights,1,0,0.0000,172.7400,,46.4500,1,0,0.0000,0.0000,n < 30 - not ranked
baeda7047354773262ba2405f97038ba,SP,pet_shop,1,0,0.0000,563.5000,,419.2400,1,0,0.0000,0.0000,n < 30 - not ranked
baf15155e37ef5492731459bdc05be8a,SP,bed_bath_table,1,0,0.0000,793.2800,,676.2700,1,0,0.0000,0.0000,n < 30 - not ranked
bb135baca94c82fcb731335ad5b04a03,SP,furniture_decor,16,0,0.0000,220.8500,,87.1600,16,6,37.5000,0.0000,n < 30 - not ranked
bb2afe2061d53c6968aa0cffa233a8ec,SP,sports_leisure,5,0,0.0000,106.3500,,15.9800,5,0,0.0000,0.0000,n < 30 - not ranked
bb3dca718920a4d7ec3cc9ffb025108b,SP,health_beauty,2,0,0.0000,286.6300,,103.1600,2,1,50.0000,0.0000,n < 30 - not ranked
bb5bd94c8f59cc050072d2930c869cac,SP,fashion_bags_accessories,16,0,0.0000,352.0700,,134.0700,16,1,6.2500,0.0000,n < 30 - not ranked
bb5d956dece964a06c12bceb66b923ae,RJ,auto,2,0,0.0000,249.2100,,45.9400,2,0,0.0000,0.0000,n < 30 - not ranked
bb7ad8a45c027be8ab075b8e465f8ca0,SC,food,2,0,0.0000,136.0700,,45.1600,2,0,0.0000,0.0000,n < 30 - not ranked
bba8d0c234a52b87b3957037a215d1a4,GO,furniture_decor,1,0,0.0000,572.1500,,259.1500,1,0,0.0000,0.0000,n < 30 - not ranked
bbd3acfe6de99892e73940d3fdceaf68,SP,bed_bath_table,2,0,0.0000,79.0900,,24.3900,2,1,50.0000,0.0000,n < 30 - not ranked
bbe87dce25ba8b38bb61cc7210a3f10b,SP,construction_tools_construction,2,0,0.0000,150.2000,,40.8400,2,0,0.0000,0.0000,n < 30 - not ranked
bbf4a892cac7b82422baa711dffb8997,PR,pet_shop,1,0,0.0000,72.1300,,4.3600,1,0,0.0000,0.0000,n < 30 - not ranked
bbf9ad41dca6603e614efcdad7aab8c4,CE,health_beauty,14,0,0.0000,334.3600,,36.8500,14,1,7.1400,0.0000,n < 30 - not ranked
bc2ac6b95e1accce9858528ee566c17e,SP,books_imported,18,0,0.0000,113.9700,,26.2400,18,2,11.1100,0.0000,n < 30 - not ranked
bc30de0d71bd6260b936a026b5cf7200,SP,housewares,3,0,0.0000,293.7000,,134.8400,3,0,0.0000,0.0000,n < 30 - not ranked
bc39d8938f90a3a2b98193723ed59774,SP,small_appliances,2,0,0.0000,109.2800,,55.4800,1,0,0.0000,0.0000,n < 30 - not ranked
bc503e244f187939d10c92a5c8e378ce,SP,computers_accessories,4,0,0.0000,271.6900,,55.7700,4,0,0.0000,0.0000,n < 30 - not ranked
bd0a1b0aadca9a83d9304f7e8ff5fbd5,SP,telephony,4,0,0.0000,141.5200,,32.9700,4,0,0.0000,0.0000,n < 30 - not ranked
bd149ed516d4c5d418d5781f8e18919f,SP,furniture_decor,8,0,0.0000,201.2900,,81.2800,8,0,0.0000,0.0000,n < 30 - not ranked
bd43e172d599bed47a85da877172ca8c,SC,bed_bath_table,1,0,0.0000,299.3700,,176.3000,1,0,0.0000,0.0000,n < 30 - not ranked
bd4431c1a8dfa744b59e1e2a8bc99b9e,RJ,health_beauty,7,0,0.0000,170.9300,,25.0900,7,0,0.0000,0.0000,n < 30 - not ranked
bd65d163ded559eb90a10cd09fec178f,SP,perfumery,1,0,0.0000,107.3100,,33.4000,1,0,0.0000,0.0000,n < 30 - not ranked
bd697db56ff8e7c9cd1abeb7f72029b2,SP,auto,20,0,0.0000,270.4200,,62.1900,20,1,5.0000,0.0000,n < 30 - not ranked
bdae679a9b282249bc23b9b69dae9a99,DF,construction_tools_construction,5,0,0.0000,289.0700,,155.1200,5,2,40.0000,0.0000,n < 30 - not ranked
bdf0d02d36a1d839d0c39c4a887cdd49,SP,home_appliances,5,0,0.0000,200.3300,,33.0400,5,0,0.0000,0.0000,n < 30 - not ranked
be3b4b0f050a6aa1b2d901c4b77e979f,PR,construction_tools_construction,3,0,0.0000,199.2200,,34.8800,3,1,33.3300,0.0000,n < 30 - not ranked
be67f78487e2cecb0d55bc769709e4f5,MG,health_beauty,1,0,0.0000,240.8300,,76.8700,1,0,0.0000,0.0000,n < 30 - not ranked
be7a093e5b4d147b36b72bb1f9e415e5,PR,health_beauty,1,0,0.0000,127.8900,,45.7200,1,0,0.0000,0.0000,n < 30 - not ranked
be9a160a9011f627c3e121d076c1ec7b,SC,garden_tools,5,0,0.0000,355.6300,,152.5100,5,0,0.0000,0.0000,n < 30 - not ranked
bec568278124768c474ee90971ca94d1,SP,watches_gifts,1,0,0.0000,48.2200,,16.8700,1,0,0.0000,0.0000,n < 30 - not ranked
bede56095ba33c42038fb85f707b8a42,SP,health_beauty,2,0,0.0000,301.8200,,63.6300,2,0,0.0000,0.0000,n < 30 - not ranked
bee36b4f9a2b9fdcaff6ec05df202ed0,SP,computers_accessories,1,0,0.0000,321.5300,,203.4600,1,0,0.0000,0.0000,n < 30 - not ranked
bf00385a5f7fc1ef39a13c2e9ee50a5f,SP,electronics,28,0,0.0000,138.5500,,50.6700,28,2,7.1400,0.0000,n < 30 - not ranked
bf0045791395e66460eb04749c68672a,SP,stationery,2,0,0.0000,341.9000,,85.7900,2,0,0.0000,0.0000,n < 30 - not ranked
bf100ecb7997df312b285358fb32f92c,PR,cool_stuff,20,0,0.0000,231.7600,,76.2300,18,0,0.0000,0.0000,n < 30 - not ranked
bf961104a38e01b9062ee026bb657dee,SP,cool_stuff,4,0,0.0000,217.3700,,47.9300,4,0,0.0000,0.0000,n < 30 - not ranked
bfd938b22bc99bce1ae60dc602889f52,RJ,health_beauty,4,0,0.0000,277.5000,,121.2400,4,0,0.0000,0.0000,n < 30 - not ranked
bff9deb0ec77d437f3305a79cf25529e,SP,telephony,5,0,0.0000,167.3300,,34.1600,5,1,20.0000,0.0000,n < 30 - not ranked
c00396cbdd2e088fe4281baa5920aef1,PR,construction_tools_construction,1,0,0.0000,290.5100,,147.9100,1,0,0.0000,0.0000,n < 30 - not ranked
c0098efcf800861dcae589affca31408,SP,auto,9,0,0.0000,274.0100,,52.1700,9,0,0.0000,0.0000,n < 30 - not ranked
c026ef0d72e9132d9fa112308090c8dc,RJ,home_construction,1,0,0.0000,268.3500,,48.1300,1,0,0.0000,0.0000,n < 30 - not ranked
c03121937e54a93fcc1825c3098bbb6e,PR,books_general_interest,7,0,0.0000,267.8200,,56.4800,7,0,0.0000,0.0000,n < 30 - not ranked
c04d70d515d15a7e3db3a73320598566,RJ,food_drink,3,0,0.0000,151.0800,,36.7600,3,0,0.0000,0.0000,n < 30 - not ranked
c092292535a57dacd95a8765f5518f87,RJ,toys,1,0,0.0000,194.3500,,18.3200,1,0,0.0000,0.0000,n < 30 - not ranked
c0aff2da32c17759d30b22fb0af6649d,SC,stationery,4,0,0.0000,186.3000,,11.8100,4,0,0.0000,0.0000,n < 30 - not ranked
c0e0b73d039eb9a99b6ce4cb7a429cd3,SC,computers_accessories,1,0,0.0000,119.6700,,69.1000,1,0,0.0000,0.0000,n < 30 - not ranked
c0e6839516f5398edc34adf5f1d53d1a,SP,sports_leisure,1,0,0.0000,122.4500,,93.7700,1,0,0.0000,0.0000,n < 30 - not ranked
c0f3eea2e14555b6faeea3dd58c1b1c3,SP,sports_leisure,1,0,0.0000,136.0100,,12.6000,1,0,0.0000,0.0000,n < 30 - not ranked
c0f783394e37cd9c9d7f5f81141450fa,SP,,6,0,0.0000,316.0800,,60.3500,5,1,20.0000,0.0000,n < 30 - not ranked
c113b8df1fc375bc3d73d29c1b1144d1,SP,,3,0,0.0000,162.1200,,27.4500,3,0,0.0000,0.0000,n < 30 - not ranked
c12d7463a579237ffb9248bd7cff378b,SP,fashion_bags_accessories,1,0,0.0000,269.8600,,196.8600,1,0,0.0000,0.0000,n < 30 - not ranked
c13fb473e7cb8b83ccd543c094df0608,SP,fixed_telephony,2,0,0.0000,306.2900,,67.2900,2,0,0.0000,0.0000,n < 30 - not ranked
c1552b1dab6e6f760950368ae61fb600,SP,health_beauty,2,0,0.0000,121.5900,,38.8800,2,1,50.0000,0.0000,n < 30 - not ranked
c157bdeedcbc9a8e3c8bf0d87ff24428,SP,housewares,7,0,0.0000,291.2800,,71.7800,7,0,0.0000,0.0000,n < 30 - not ranked
c161d1327ebc3a156c09582ab2f59f6c,SP,perfumery,2,0,0.0000,84.3000,,62.1100,2,0,0.0000,0.0000,n < 30 - not ranked
c18309219e789960add0b2255ca4b091,RJ,telephony,1,0,0.0000,340.5000,,27.7400,1,0,0.0000,0.0000,n < 30 - not ranked
c1849d4d32d7a6cecd5aa471809d3135,SP,auto,3,0,0.0000,130.0600,,59.4400,3,0,0.0000,0.0000,n < 30 - not ranked
c1dde11f12d05c478f5de2d7319ad3b2,SP,computers_accessories,1,0,0.0000,77.6300,,47.6700,1,1,100.0000,0.0000,n < 30 - not ranked
c26a2be5b53b7db6b276280da212a779,RJ,office_furniture,13,0,0.0000,337.9800,,112.3400,13,5,38.4600,0.0000,n < 30 - not ranked
c26ba52cf8d2f34915f2f6b7ffa0a3f3,RJ,,3,0,0.0000,185.2100,,69.6500,3,0,0.0000,0.0000,n < 30 - not ranked
c286ec035ee04ba81c97508f0b5df544,PR,computers_accessories,1,0,0.0000,341.8100,,84.2800,1,0,0.0000,0.0000,n < 30 - not ranked
c2bda99904207edd1834f03e0022b007,SP,books_general_interest,1,0,0.0000,298.1200,,151.0500,1,0,0.0000,0.0000,n < 30 - not ranked
c2d70ce2c5d0a2eb75e78668236e6dc8,SP,housewares,13,0,0.0000,199.7900,,47.3400,13,0,0.0000,0.0000,n < 30 - not ranked
c3251e13f1bbda6c74e37c160f991e19,SP,auto,2,0,0.0000,318.2700,,81.0800,2,0,0.0000,0.0000,n < 30 - not ranked
c32fc744b9160ac853450488e3cfea93,SP,sports_leisure,1,0,0.0000,328.8800,,207.2000,1,0,0.0000,0.0000,n < 30 - not ranked
c33a5c3c983090c8b78a28e65052a20d,SC,perfumery,8,0,0.0000,277.6900,,30.8500,8,2,25.0000,0.0000,n < 30 - not ranked
c353f8fc0ce8344999f17d578eb69a5e,RS,health_beauty,2,0,0.0000,239.0700,,33.7000,2,0,0.0000,0.0000,n < 30 - not ranked
c360e4787614ed31ac7a2f95d3b22dc6,SP,office_furniture,1,0,0.0000,303.8800,,196.5000,1,1,100.0000,0.0000,n < 30 - not ranked
c394e193cda3b4225ff2094d32184849,SP,drinks,2,0,0.0000,274.8600,,153.3900,2,0,0.0000,0.0000,n < 30 - not ranked
c398bc00a606d33758afd91f4e64fd15,RJ,sports_leisure,2,0,0.0000,88.8700,,31.1900,2,0,0.0000,0.0000,n < 30 - not ranked
c3aad7dc65449ae90a5e9c3c6c1e78e0,SP,party_supplies,6,0,0.0000,179.6700,,76.3300,6,0,0.0000,0.0000,n < 30 - not ranked
c3e1abd72a42fe690fcd89cf5720fe29,SP,pet_shop,13,0,0.0000,103.4200,,29.9900,13,1,7.6900,0.0000,n < 30 - not ranked
c3e2398fcc7e581cda2e546557bf6968,SP,furniture_decor,1,0,0.0000,284.0500,,131.7900,1,0,0.0000,0.0000,n < 30 - not ranked
c3ee2331a724e6fc02c4b698b57a73f3,SP,kitchen_dining_laundry_garden_furniture,2,0,0.0000,150.2900,,44.7700,2,0,0.0000,0.0000,n < 30 - not ranked
c3f5668699a1b04c0fa61ecea1e2bff6,PR,perfumery,3,0,0.0000,291.0900,,33.9500,3,0,0.0000,0.0000,n < 30 - not ranked
c3fe93ba3085f92855c97e57f38c8c05,PR,books_general_interest,6,0,0.0000,317.3400,,97.4400,6,0,0.0000,0.0000,n < 30 - not ranked
c43d924a0f1688ee9fae0efcd6f539d4,RJ,bed_bath_table,1,0,0.0000,516.0700,,374.0800,1,0,0.0000,0.0000,n < 30 - not ranked
c447f8dd3ed213f291d65ef074a268eb,SP,sports_leisure,7,0,0.0000,264.7700,,108.8200,7,2,28.5700,0.0000,n < 30 - not ranked
c458e2045a8aa8964f8879af03fdcce6,SP,fixed_telephony,4,0,0.0000,384.9400,,113.8100,4,2,50.0000,0.0000,n < 30 - not ranked
c4af86330efa7a2620772227d2d670c9,SP,construction_tools_construction,4,0,0.0000,363.6100,,67.4900,3,0,0.0000,0.0000,n < 30 - not ranked
c4f7fee5b0db50e87766f5a4d1b1b758,SP,cool_stuff,5,0,0.0000,276.6800,,70.3100,5,1,20.0000,0.0000,n < 30 - not ranked
c510bc1718f0f2961eaa42a23330681a,SP,baby,12,0,0.0000,166.9800,,39.1300,12,2,16.6700,0.0000,n < 30 - not ranked
c52c644cc0dc85121207a27013efc6af,MG,furniture_decor,1,0,0.0000,171.5200,,92.8000,1,0,0.0000,0.0000,n < 30 - not ranked
c53bcd3be457a342a97e39e5a9f0be22,SE,bed_bath_table,5,0,0.0000,297.2000,,70.9700,5,2,40.0000,0.0000,n < 30 - not ranked
c54679b132454625907c773d273d4126,SP,perfumery,7,0,0.0000,147.9500,,45.5300,7,0,0.0000,0.0000,n < 30 - not ranked
c5e60e39c0f42b8e827daa13cff74afa,SP,bed_bath_table,6,0,0.0000,90.4100,,41.1800,6,0,0.0000,0.0000,n < 30 - not ranked
c5ebe6598748b0aeaa61cfb820478b92,RS,auto,3,0,0.0000,117.6900,,46.2800,3,0,0.0000,0.0000,n < 30 - not ranked
c5f7e746b7e6d07def6c0dae9903279b,PR,pet_shop,9,0,0.0000,135.9200,,36.6100,9,0,0.0000,0.0000,n < 30 - not ranked
c6218512d16fcac0af02fe92691cf274,MG,furniture_decor,8,0,0.0000,356.8000,,124.7100,8,1,12.5000,0.0000,n < 30 - not ranked
c6381b1321d7d97717a5bb4ed5b77882,SP,health_beauty,2,0,0.0000,115.4200,,52.9000,2,1,50.0000,0.0000,n < 30 - not ranked
c6381d2d013342748761e906d45aff76,RS,housewares,15,0,0.0000,384.4300,,144.9700,15,4,26.6700,0.0000,n < 30 - not ranked
c64a2aec32cc408a8a4c6d7c46017f91,RS,home_construction,9,0,0.0000,516.2400,,157.8400,9,1,11.1100,0.0000,n < 30 - not ranked
c70a353f02429c00775a46a75fb787da,SP,health_beauty,6,0,0.0000,162.2000,,38.2500,6,0,0.0000,0.0000,n < 30 - not ranked
c714262700f93defc16bf17a51a4cb23,SP,cool_stuff,4,0,0.0000,245.0000,,71.2600,4,1,25.0000,0.0000,n < 30 - not ranked
c716e0b86ed568878475b60fbb6323ad,SP,books_general_interest,1,0,0.0000,179.4000,,50.0200,1,0,0.0000,0.0000,n < 30 - not ranked
c7246702dc991a06d788120dc7544391,CE,cool_stuff,1,0,0.0000,503.6800,,65.8500,1,0,0.0000,0.0000,n < 30 - not ranked
c72de06d72748d1a0dfb2125be43ba63,BA,computers_accessories,21,0,0.0000,232.7100,,30.9800,21,1,4.7600,0.0000,n < 30 - not ranked
c731d18cea9bf687ffee82a241c25b11,SC,la_cuisine,23,0,0.0000,194.9000,,34.5200,22,3,13.6400,0.0000,n < 30 - not ranked
c747d5b92c7648417faea95d36d763e8,CE,furniture_living_room,1,0,0.0000,310.7900,,91.9000,1,0,0.0000,0.0000,n < 30 - not ranked
c74f14c1e26cf1bd5bd34b6a1e274426,SC,books_general_interest,1,0,0.0000,581.5400,,234.9800,1,0,0.0000,0.0000,n < 30 - not ranked
c76d418370990614e89e956c7a7567d9,SP,sports_leisure,2,0,0.0000,253.3100,,63.5900,2,0,0.0000,0.0000,n < 30 - not ranked
c79151301b9d90985d1fa52879213105,PR,computers_accessories,3,0,0.0000,217.5000,,50.2800,3,0,0.0000,0.0000,n < 30 - not ranked
c7a0a13cbcf29d5ce51c8f80afdc0b89,SC,fashion_bags_accessories,8,0,0.0000,260.7900,,90.9300,8,1,12.5000,0.0000,n < 30 - not ranked
c7bb64409aa480bb7d0335faaaf3d242,SC,auto,4,0,0.0000,141.1000,,48.9500,4,2,50.0000,0.0000,n < 30 - not ranked
c7c7b2682c648339a0e9846bb1023a39,SP,,2,0,0.0000,246.6200,,116.1800,2,0,0.0000,0.0000,n < 30 - not ranked
c7dcd301ecfe5ab7f778ac172cf74be7,MG,health_beauty,3,0,0.0000,608.3500,,577.7300,3,1,33.3300,0.0000,n < 30 - not ranked
c8025364abeecb115431bf95c11a747f,RS,sports_leisure,2,0,0.0000,191.1000,,77.1300,2,0,0.0000,0.0000,n < 30 - not ranked
c8143b3069f6746a77421b5ce30a450c,GO,health_beauty,1,0,0.0000,585.7100,,124.4800,1,0,0.0000,0.0000,n < 30 - not ranked
c840d3fdbba0790404fdae73d253b253,PR,furniture_decor,9,0,0.0000,291.7600,,63.0100,9,2,22.2200,0.0000,n < 30 - not ranked
c84592044b180dec206770c38603814b,SP,electronics,14,0,0.0000,310.0500,,57.7500,14,1,7.1400,0.0000,n < 30 - not ranked
c8665a4dd081a2c436b1cd921079d0d9,SP,health_beauty,1,0,0.0000,101.8400,,18.1600,1,0,0.0000,0.0000,n < 30 - not ranked
c8771b1a10bb99bb34d3c459c5cffb53,SP,toys,1,0,0.0000,163.5800,,68.9000,1,0,0.0000,0.0000,n < 30 - not ranked
c87abc38c8ed3240861729e1aeadf221,SP,fashion_bags_accessories,1,0,0.0000,257.9500,,57.8900,1,1,100.0000,0.0000,n < 30 - not ranked
c8c1bea22194a4eefa2dc9a9fa89f536,SC,pet_shop,7,0,0.0000,203.9700,,22.4800,7,0,0.0000,0.0000,n < 30 - not ranked
c8cc60ffd415254af5d9b9f34f32c369,SP,pet_shop,8,0,0.0000,131.4900,,26.8000,8,0,0.0000,0.0000,n < 30 - not ranked
c8e135e7b21ecbc36c1153a29d2f5a06,SP,health_beauty,7,0,0.0000,195.5600,,62.4800,7,0,0.0000,0.0000,n < 30 - not ranked
c963a25b8671419c6ce9eebe8fd03218,RJ,furniture_decor,1,0,0.0000,164.5000,,36.2400,1,0,0.0000,0.0000,n < 30 - not ranked
c97aa4ee7420f937da13b7f9e2228b99,RS,pet_shop,1,0,0.0000,259.3800,,130.4000,1,1,100.0000,0.0000,n < 30 - not ranked
c9a06ece156bb057372c68718ec8909b,DF,garden_tools,11,0,0.0000,275.7000,,72.8600,11,3,27.2700,0.0000,n < 30 - not ranked
c9d2ba8dde44a275ae06475ed1d2fafc,MG,auto,1,0,0.0000,202.0200,,35.0300,1,0,0.0000,0.0000,n < 30 - not ranked
c9e5ad1f6647f5dbd1172adf6ae3cada,RS,agro_industry_and_commerce,4,0,0.0000,221.8900,,74.4100,4,0,0.0000,0.0000,n < 30 - not ranked
ca77545ca4d2dfd1431bf61334e2fa3c,PR,sports_leisure,6,0,0.0000,317.7400,,52.9700,6,0,0.0000,0.0000,n < 30 - not ranked
ca7c6bd577e559472af1c699de9e764e,SP,health_beauty,6,0,0.0000,112.3400,,30.2100,6,1,16.6700,0.0000,n < 30 - not ranked
caa9bc43a9fe8cf9c564ddd8a03cc4a6,SP,toys,13,0,0.0000,229.1800,,63.5900,12,0,0.0000,0.0000,n < 30 - not ranked
cac4e0bc1a3269fa2b6ea5e763f6115b,SC,housewares,2,0,0.0000,271.9400,,114.1100,2,0,0.0000,0.0000,n < 30 - not ranked
cac63f48c38cd7d002a7e846dcd99a23,SP,toys,10,0,0.0000,173.4400,,46.2700,10,0,0.0000,0.0000,n < 30 - not ranked
cac876b37d3abcd6bd76caca30277996,PR,housewares,26,0,0.0000,239.4600,,40.3400,25,1,4.0000,0.0000,n < 30 - not ranked
cad10cc982ab6a391570c211b995c17c,SP,costruction_tools_garden,1,0,0.0000,103.1500,,30.4800,1,0,0.0000,0.0000,n < 30 - not ranked
cad9969167c09b48ae6f1d123f7fa68d,MG,furniture_decor,1,0,0.0000,81.3400,,20.1100,1,0,0.0000,0.0000,n < 30 - not ranked
cb0b3bcf14e0a709df412a99424a59d7,SP,auto,2,0,0.0000,533.2700,,133.3600,2,0,0.0000,0.0000,n < 30 - not ranked
cb162c8eef257253782d245c08d9097c,SP,cool_stuff,1,0,0.0000,255.4300,,69.8100,1,0,0.0000,0.0000,n < 30 - not ranked
cb32766839f443db85c82a43c4a6c19e,SP,fashio_female_clothing,2,0,0.0000,467.3700,,94.5000,2,1,50.0000,0.0000,n < 30 - not ranked
cb4a705d00e100b9732d0ca34817d441,SC,furniture_decor,1,0,0.0000,579.0400,,93.1900,1,1,100.0000,0.0000,n < 30 - not ranked
cb5ff1b9715e99589f3e0c7a6afab9e3,PR,sports_leisure,4,0,0.0000,146.0100,,40.7900,4,0,0.0000,0.0000,n < 30 - not ranked
cb6c9f5888a7a090c75beaf615925792,ES,garden_tools,11,0,0.0000,243.8500,,25.0800,11,2,18.1800,0.0000,n < 30 - not ranked
cb810bd318f51b3dc3c753944d61a1fa,RJ,health_beauty,1,0,0.0000,295.1000,,94.3200,1,0,0.0000,0.0000,n < 30 - not ranked
cb9fb4ca75d7ba8437480e8dde64fe98,SP,,9,0,0.0000,226.0100,,38.1900,9,1,11.1100,0.0000,n < 30 - not ranked
cbbd5ae8f53de5f5097cd8217b529e24,SP,baby,1,0,0.0000,498.4500,,88.3000,1,0,0.0000,0.0000,n < 30 - not ranked
cbf09e831b0c11f6f23ffb51004db972,SP,housewares,10,0,0.0000,126.7600,,42.8300,10,0,0.0000,0.0000,n < 30 - not ranked
cc1f04647be106ba74e62b21f358af25,SP,health_beauty,1,0,0.0000,319.1000,,126.0400,1,1,100.0000,0.0000,n < 30 - not ranked
cc3d14116804f7209f3884f6367f1152,PR,small_appliances,26,0,0.0000,312.0900,,73.7400,26,1,3.8500,0.0000,n < 30 - not ranked
cc80e2f693fa6e2408f47ccf62413fc1,PR,auto,2,0,0.0000,339.6700,,77.1400,2,0,0.0000,0.0000,n < 30 - not ranked
ccada0ef508e698917a6eab263375905,PR,kitchen_dining_laundry_garden_furniture,3,0,0.0000,237.9100,,33.2800,3,1,33.3300,0.0000,n < 30 - not ranked
ccbd753e6863fe7314dc6c0ca5a074e7,SC,auto,1,0,0.0000,284.6600,,18.4300,1,0,0.0000,0.0000,n < 30 - not ranked
cd2169d9f31ff6fbb9ca3373b0c9e354,RJ,baby,1,0,0.0000,363.9600,,19.6100,1,0,0.0000,0.0000,n < 30 - not ranked
cd233f8bfa30ebfd651f47ee7d054951,SP,sports_leisure,1,0,0.0000,224.0700,,69.0900,1,0,0.0000,0.0000,n < 30 - not ranked
cd52a8efd71af3336b14b5039b951cc1,SP,fashion_bags_accessories,2,0,0.0000,268.7700,,28.8600,2,0,0.0000,0.0000,n < 30 - not ranked
cd843d4cf8ef32827de0396605163ba3,MG,kitchen_dining_laundry_garden_furniture,5,0,0.0000,385.8000,,129.1500,5,0,0.0000,0.0000,n < 30 - not ranked
cda598c48d7c614bc1cad7d8ff6f0010,SP,auto,16,0,0.0000,195.0300,,29.9200,16,1,6.2500,0.0000,n < 30 - not ranked
ce20a2ec1514c25e16f2b5b39bc818f0,SP,pet_shop,4,0,0.0000,341.7000,,65.6100,4,0,0.0000,0.0000,n < 30 - not ranked
ce33c6211beaa8fef4cae8b52db39862,SP,sports_leisure,1,0,0.0000,449.5800,,67.2600,1,0,0.0000,0.0000,n < 30 - not ranked
ce3ad9de960102d0677a81f5d0bb7b2d,RJ,baby,1,0,0.0000,97.0200,,20.0300,1,0,0.0000,0.0000,n < 30 - not ranked
ce4755084bc097113867e6454f8f5e52,SP,health_beauty,1,0,0.0000,153.3500,,45.1600,1,0,0.0000,0.0000,n < 30 - not ranked
cecd97bc34ed8330bd4cd15713eda670,SC,toys,1,0,0.0000,171.3200,,43.9200,1,1,100.0000,0.0000,n < 30 - not ranked
cf1313c6e2c01c2f4b014f97db4bcd2b,RJ,toys,5,0,0.0000,197.7700,,48.6500,5,0,0.0000,0.0000,n < 30 - not ranked
cf2384dd2f1dddea3f838efed0945e65,SP,furniture_living_room,16,0,0.0000,342.0300,,82.0800,16,2,12.5000,0.0000,n < 30 - not ranked
cf654707ed6a99f112c7ec3d6f314b8b,SP,fashion_bags_accessories,3,0,0.0000,126.0100,,96.8500,3,0,0.0000,0.0000,n < 30 - not ranked
cfa5ab0e4d3fc212fd0b3410e7081c62,MG,furniture_living_room,15,0,0.0000,287.4000,,87.3800,15,3,20.0000,0.0000,n < 30 - not ranked
cfd7ddab722b902f7ac5b5f3ba6d723d,MG,housewares,12,0,0.0000,130.6800,,20.9100,12,1,8.3300,0.0000,n < 30 - not ranked
d06d019f72a04e5497a0b64190af170c,SP,health_beauty,17,0,0.0000,204.0700,,53.3500,17,1,5.8800,0.0000,n < 30 - not ranked
d0d70d21e2234dd7cd3cf63fe414148a,PB,bed_bath_table,7,0,0.0000,223.3300,,49.3500,7,0,0.0000,0.0000,n < 30 - not ranked
d149de2f383552baea37a7198c2296ce,SP,toys,3,0,0.0000,117.3600,,47.4300,3,0,0.0000,0.0000,n < 30 - not ranked
d180e07dc1e58c31c3f0cd599dc4d945,MG,,1,0,0.0000,191.9400,,8.6700,1,0,0.0000,0.0000,n < 30 - not ranked
d197aa8fbc64087f61984deef05f6227,SP,stationery,6,0,0.0000,177.8800,,87.3500,6,0,0.0000,0.0000,n < 30 - not ranked
d1b9d4be4b6f9ebd85f8acd6745ba612,MG,furniture_decor,10,0,0.0000,270.3600,,106.9700,10,0,0.0000,0.0000,n < 30 - not ranked
d1c7fa84e48cfa21a0e595167c1c500e,RS,garden_tools,11,0,0.0000,295.1200,,49.4000,11,1,9.0900,0.0000,n < 30 - not ranked
d2572f31e9023e9850ef986a636ff9bf,MG,auto,1,0,0.0000,243.1400,,51.2800,1,0,0.0000,0.0000,n < 30 - not ranked
d263fa444c1504a75cbca5cc465f592a,SP,furniture_decor,1,0,0.0000,229.0200,,5.4600,1,0,0.0000,0.0000,n < 30 - not ranked
d26aa40b90272d4843d63be7c1462c8d,SP,baby,2,0,0.0000,110.1600,,31.6200,2,0,0.0000,0.0000,n < 30 - not ranked
d297f1055de2956aedfd3b04113dce3e,SP,agro_industry_and_commerce,1,0,0.0000,91.3600,,61.6800,1,0,0.0000,0.0000,n < 30 - not ranked
d29ba1220fb8634fa3a107e54497b8a4,SP,furniture_decor,9,0,0.0000,155.7300,,33.2800,9,3,33.3300,0.0000,n < 30 - not ranked
d2df77822373f19934e87694d8640767,PR,baby,2,0,0.0000,531.7100,,322.7800,2,1,50.0000,0.0000,n < 30 - not ranked
d2f3e277560ed4c6361284429b00f037,SP,pet_shop,6,0,0.0000,202.5900,,44.2100,6,0,0.0000,0.0000,n < 30 - not ranked
d36b07fd3c5088e477a72d1fccfe29d4,SP,garden_tools,1,0,0.0000,317.6600,,52.1500,1,0,0.0000,0.0000,n < 30 - not ranked
d3891911c2feae53c52fea2bd14054e5,SP,telephony,2,0,0.0000,97.5100,,18.7900,2,0,0.0000,0.0000,n < 30 - not ranked
d3e7d37c0df9aef383f3f2a15b0dddfb,PR,kitchen_dining_laundry_garden_furniture,1,0,0.0000,313.8600,,75.2400,1,0,0.0000,0.0000,n < 30 - not ranked
d4828feed4cda2cd9d6b37899a95a71e,CE,fashion_bags_accessories,1,0,0.0000,324.1700,,7.6900,1,1,100.0000,0.0000,n < 30 - not ranked
d4910f1cdcfdabd48d6b316e395d4a23,SP,pet_shop,11,0,0.0000,147.0100,,59.8900,11,0,0.0000,0.0000,n < 30 - not ranked
d4a5e99e0dd915df64ba55a7fbd583fd,SP,health_beauty,2,0,0.0000,302.0400,,119.8000,2,1,50.0000,0.0000,n < 30 - not ranked
d4d99b60c4c94cd35acd502cec65dc8d,SP,furniture_decor,1,0,0.0000,457.9600,,385.6800,1,0,0.0000,0.0000,n < 30 - not ranked
d4e4b5192cba4e0e66eb12a9d347239d,PR,telephony,11,0,0.0000,321.0200,,76.2900,11,1,9.0900,0.0000,n < 30 - not ranked
d4f117125b59ce73c3302f88ee40c458,SP,health_beauty,17,0,0.0000,185.4900,,47.3100,17,0,0.0000,0.0000,n < 30 - not ranked
d4f91e8be86b38da2ee35bc489645a9d,SP,sports_leisure,1,0,0.0000,413.4800,,389.4800,1,0,0.0000,0.0000,n < 30 - not ranked
d4ffeb15b67e81ff9af2b4252d99fb7e,SP,luggage_accessories,11,0,0.0000,224.4800,,43.0300,10,0,0.0000,0.0000,n < 30 - not ranked
d52cbce9845184537284a23c3bc3da0e,SC,stationery,2,0,0.0000,253.5900,,86.7500,2,0,0.0000,0.0000,n < 30 - not ranked
d558ebe531605a1285ab2b1bc3256dfb,MG,musical_instruments,3,0,0.0000,226.0400,,56.3000,3,0,0.0000,0.0000,n < 30 - not ranked
d58d521f3789def2e7a22715e0badd93,SP,computers_accessories,2,0,0.0000,116.5100,,58.6500,2,0,0.0000,0.0000,n < 30 - not ranked
d594982fd877af63ace38ea1fca27c76,SP,cool_stuff,7,0,0.0000,194.1500,,77.5000,7,1,14.2900,0.0000,n < 30 - not ranked
d598f929fc44e1e38678e7f47250ec04,GO,auto,1,0,0.0000,269.6600,,116.1100,1,0,0.0000,0.0000,n < 30 - not ranked
d63c73efd41eb002280e7ec831424edb,SP,health_beauty,2,0,0.0000,150.9700,,16.2000,2,0,0.0000,0.0000,n < 30 - not ranked
d63f306de130e0391d38a792541723b8,SP,auto,1,0,0.0000,80.6000,,59.9600,1,0,0.0000,0.0000,n < 30 - not ranked
d66c11a9572221d92fbb8c4897db5f9b,RJ,electronics,16,0,0.0000,205.1700,,45.5100,16,0,0.0000,0.0000,n < 30 - not ranked
d6ab728cf30867cf3f1a2e216ae2f9b7,SP,sports_leisure,12,0,0.0000,260.2800,,47.4300,12,1,8.3300,0.0000,n < 30 - not ranked
d6b664fa0667064c6d76394e7848d790,SP,garden_tools,6,0,0.0000,421.0900,,107.3200,6,0,0.0000,0.0000,n < 30 - not ranked
d6cd01c59123df02fc226eadbadb5f89,SP,computers_accessories,1,0,0.0000,444.0700,,262.4100,1,0,0.0000,0.0000,n < 30 - not ranked
d73cbd89533ce8b041a9190241453ac8,MG,fashion_bags_accessories,3,0,0.0000,293.2700,,34.2000,3,0,0.0000,0.0000,n < 30 - not ranked
d7827b2af99326a03b0ed9c7a24db0d3,SP,garden_tools,1,0,0.0000,332.3800,,124.1000,1,0,0.0000,0.0000,n < 30 - not ranked
d7ab82074b5f1dfba46db123df101bff,SP,,2,0,0.0000,142.5900,,34.0100,2,0,0.0000,0.0000,n < 30 - not ranked
d7d517afce974cd491b8d52bb5b5b1fc,SP,housewares,1,0,0.0000,325.0700,,130.8300,1,0,0.0000,0.0000,n < 30 - not ranked
d7f1cfc638473be93baedbfd02208016,RJ,flowers,1,0,0.0000,304.2300,,125.8800,1,0,0.0000,0.0000,n < 30 - not ranked
d85efbc8eff2b7adf524e2820569adc8,SP,stationery,1,0,0.0000,70.7200,,44.5900,1,0,0.0000,0.0000,n < 30 - not ranked
d8b8f2cf9ff6ba0389072541cb42498c,GO,health_beauty,1,0,0.0000,291.8200,,24.8700,1,0,0.0000,0.0000,n < 30 - not ranked
d8bf0fc082fd4a77fc2e5679b6c00133,SP,construction_tools_construction,1,0,0.0000,170.2300,,2.3700,1,0,0.0000,0.0000,n < 30 - not ranked
d8c7ba53e7e38711eaef8c2849d6d2e1,PR,baby,22,0,0.0000,194.6300,,45.6400,22,0,0.0000,0.0000,n < 30 - not ranked
d8cf3b6a2151949f930d0252b180ec42,PR,drinks,5,0,0.0000,155.0700,,42.4800,5,2,40.0000,0.0000,n < 30 - not ranked
d90fe2229fee1a5da999ccd0c06c1667,SP,auto,3,0,0.0000,235.5900,,18.6600,3,0,0.0000,0.0000,n < 30 - not ranked
d93844a9c55ba7ce353388bcf849ea56,PR,furniture_decor,12,0,0.0000,403.1100,,147.8600,12,1,8.3300,0.0000,n < 30 - not ranked
d93b8458c6fe139d85cfa5eadbf55bd2,SP,sports_leisure,1,0,0.0000,143.4600,,42.4700,1,0,0.0000,0.0000,n < 30 - not ranked
d94ba08b99bedd6a5f6c875ecc4a6fac,PR,housewares,8,0,0.0000,300.0900,,65.1800,8,0,0.0000,0.0000,n < 30 - not ranked
d9b00a97818674c7f8d8b1ef0e689679,PR,health_beauty,1,0,0.0000,52.8800,,24.3600,1,0,0.0000,0.0000,n < 30 - not ranked
d9c349beabc06aa6ff1c6d68b5e9e22e,SP,construction_tools_construction,1,0,0.0000,504.6000,,212.7900,1,0,0.0000,0.0000,n < 30 - not ranked
d9cb0052a666de5308b32f32ad5f1b1c,SP,health_beauty,3,0,0.0000,312.3100,,68.9600,3,1,33.3300,0.0000,n < 30 - not ranked
d9cd369bffa979d1634f8e1318bf2f1b,SP,home_construction,3,0,0.0000,269.9800,,31.8800,3,0,0.0000,0.0000,n < 30 - not ranked
d9d43faf741ceaa8da52fdbb81d9e0e3,SP,books_general_interest,4,0,0.0000,219.4400,,71.7100,4,1,25.0000,0.0000,n < 30 - not ranked
d9e8c084b68fe958861d8f2c21202e6b,SP,agro_industry_and_commerce,9,0,0.0000,247.9200,,82.8900,9,1,11.1100,0.0000,n < 30 - not ranked
da03c298e3999e9d828591fc2179d109,SP,food,4,0,0.0000,230.1900,,89.9400,4,0,0.0000,0.0000,n < 30 - not ranked
da20530872245d6cd9d2f5725613c430,RS,sports_leisure,2,0,0.0000,246.4800,,66.2900,2,0,0.0000,0.0000,n < 30 - not ranked
da3fede3469bf49b7293ce3fc45b294d,SP,books_general_interest,1,0,0.0000,269.8300,,127.2200,1,0,0.0000,0.0000,n < 30 - not ranked
da6a60cc8cc724fe51be021ff8be779c,RJ,books_general_interest,12,0,0.0000,188.0400,,50.0900,12,0,0.0000,0.0000,n < 30 - not ranked
dace965ca58120f92f8d742a9fa1864b,SP,health_beauty,8,0,0.0000,193.2300,,61.7400,8,1,12.5000,0.0000,n < 30 - not ranked
daf565f087a52def0fd5c5825b3661bc,SC,bed_bath_table,8,0,0.0000,231.7700,,49.9600,7,2,28.5700,0.0000,n < 30 - not ranked
db1f0f7c7e5e87f40b62226f020bb297,PR,signaling_and_security,3,0,0.0000,230.5300,,41.7300,3,0,0.0000,0.0000,n < 30 - not ranked
db46ca7bce82b11f7e247539271fc390,RJ,pet_shop,16,0,0.0000,195.6000,,57.3600,16,1,6.2500,0.0000,n < 30 - not ranked
db6a4d4b5f1f5f98820ce6ce2619e2de,SP,luggage_accessories,1,0,0.0000,74.7200,,28.7800,1,0,0.0000,0.0000,n < 30 - not ranked
db7ed69a53aa9fb1c01930ba54a88bbe,SP,sports_leisure,1,0,0.0000,94.9200,,67.9500,1,0,0.0000,0.0000,n < 30 - not ranked
dbbcfe2c8d026742134ac3e28ccde274,PR,sports_leisure,4,0,0.0000,198.8900,,90.1600,4,1,25.0000,0.0000,n < 30 - not ranked
dbc51f5e45d654ecc16cb68e6817ecea,SP,health_beauty,1,0,0.0000,425.8200,,181.5000,1,0,0.0000,0.0000,n < 30 - not ranked
dbec9a0a7efeff029d4d9dce7dc4cc95,MG,furniture_decor,3,0,0.0000,286.2700,,61.2500,3,1,33.3300,0.0000,n < 30 - not ranked
dc120d932ddf9d4dfb6fd68beefda622,PR,computers_accessories,1,0,0.0000,351.4200,,28.0800,1,1,100.0000,0.0000,n < 30 - not ranked
dc50afafdfa325eadc890c7fa42a8f4e,PR,home_appliances,4,0,0.0000,148.9400,,30.3700,4,0,0.0000,0.0000,n < 30 - not ranked
dc64d75cc406bb0697be983831430e60,MG,computers_accessories,4,0,0.0000,245.1000,,14.5700,4,0,0.0000,0.0000,n < 30 - not ranked
dc7192adf8ba09569261f4a8d576afe0,SP,small_appliances_home_oven_and_coffee,6,0,0.0000,150.9800,,32.3000,6,1,16.6700,0.0000,n < 30 - not ranked
dcb7367a92f5ffb89f1e2152ed260285,SP,signaling_and_security,1,0,0.0000,241.8500,,54.6200,1,0,0.0000,0.0000,n < 30 - not ranked
dcf3755cefcdc158ad0b7bdde51e871b,RS,furniture_decor,3,0,0.0000,318.0600,,70.7100,2,0,0.0000,0.0000,n < 30 - not ranked
dd264199fc8b687ad029de7de6d760e6,PR,auto,1,0,0.0000,433.9300,,192.6100,1,0,0.0000,0.0000,n < 30 - not ranked
dd39ad39b5d3df33037e141c72497ba6,SP,fashio_female_clothing,2,0,0.0000,208.1600,,35.1300,2,0,0.0000,0.0000,n < 30 - not ranked
dd5450b022b2d00a2145a66331e1aef6,SC,housewares,1,0,0.0000,172.3700,,2.6900,1,0,0.0000,0.0000,n < 30 - not ranked
dd58ee93286b0821565574c570e9e1dc,PR,health_beauty,2,0,0.0000,288.8900,,189.3600,2,0,0.0000,0.0000,n < 30 - not ranked
dd88d13bea9e4c2bf47daf224f8141e5,RS,furniture_decor,1,0,0.0000,136.2100,,42.0500,1,0,0.0000,0.0000,n < 30 - not ranked
dd8a29ce82d5c705ba932d81494600a5,SP,market_place,2,0,0.0000,214.3300,,128.6800,2,0,0.0000,0.0000,n < 30 - not ranked
dd9661d3cda1e6feb237f0c4d8b26f2e,SC,housewares,1,0,0.0000,436.7500,,129.4600,1,0,0.0000,0.0000,n < 30 - not ranked
dda37071807e404c5bb2a1590c66326f,SP,luggage_accessories,1,0,0.0000,397.9900,,27.7800,1,0,0.0000,0.0000,n < 30 - not ranked
ddd51ae8cda92f3995a51fc0f0f3eec7,RJ,housewares,8,0,0.0000,195.3400,,37.5100,8,0,0.0000,0.0000,n < 30 - not ranked
dde698c6d0bd24834c586e5111c2bba7,RJ,fashion_bags_accessories,1,0,0.0000,184.6100,,33.4000,1,0,0.0000,0.0000,n < 30 - not ranked
de09d00cfc265b8804c7df34075a68fa,SP,fashion_bags_accessories,3,0,0.0000,147.6600,,32.3700,3,1,33.3300,0.0000,n < 30 - not ranked
de0c78824586e9a5f5f04fd84e25df39,SP,pet_shop,13,0,0.0000,167.8500,,30.4300,13,0,0.0000,0.0000,n < 30 - not ranked
de66a66f2dd06bb9ec37aa96987466a3,RJ,furniture_decor,7,0,0.0000,366.5200,,163.4400,7,1,14.2900,0.0000,n < 30 - not ranked
debe6615cd90cc0c2eac2b8988e1f628,SP,electronics,5,0,0.0000,278.5000,,31.8600,5,0,0.0000,0.0000,n < 30 - not ranked
dedcab67899479e4ea5dcc4eba47f587,SC,auto,2,0,0.0000,133.3200,,65.3300,2,0,0.0000,0.0000,n < 30 - not ranked
df0f42bc4c2142eacf0eaf2cffd0cfbb,SC,health_beauty,14,0,0.0000,336.5500,,109.1400,14,2,14.2900,0.0000,n < 30 - not ranked
df47da4ae86fa4db890d05aaf24e21d8,SP,housewares,5,0,0.0000,169.0800,,43.0000,5,1,20.0000,0.0000,n < 30 - not ranked
df91910b6a03bb2e3358fa6a35e32f6f,SP,housewares,13,0,0.0000,220.6700,,62.6200,13,0,0.0000,0.0000,n < 30 - not ranked
dfc475d54e1b6dbeeb7d7d9bdaa63827,PR,housewares,17,0,0.0000,322.4700,,145.2500,17,1,5.8800,0.0000,n < 30 - not ranked
e00d85ce20ea50c1224c66ca5050527d,SP,audio,1,0,0.0000,49.1800,,29.3500,1,0,0.0000,0.0000,n < 30 - not ranked
e0482f2c769468c3bbcd8a01e09d98c5,SP,construction_tools_safety,1,0,0.0000,141.7500,,58.0800,1,0,0.0000,0.0000,n < 30 - not ranked
e0487761face83d64fcada2408959a36,SP,food,2,0,0.0000,84.9400,,43.8600,2,0,0.0000,0.0000,n < 30 - not ranked
e0a3c37054ade6478d923a6efc10f308,SC,baby,2,0,0.0000,188.0500,,28.4600,2,0,0.0000,0.0000,n < 30 - not ranked
e0eabded302882513ced4ea3eb0c7059,SP,consoles_games,8,0,0.0000,274.7800,,70.1300,8,0,0.0000,0.0000,n < 30 - not ranked
e1643dff33666ca629e3644c02738179,SP,housewares,3,0,0.0000,109.3400,,50.1000,3,0,0.0000,0.0000,n < 30 - not ranked
e1bed63d68ac36fe1f3061befe196af5,SP,cool_stuff,1,0,0.0000,206.5500,,11.1600,1,0,0.0000,0.0000,n < 30 - not ranked
e1c76f339ebd5460999f25a2aa8c92c5,SP,small_appliances,1,0,0.0000,716.2000,,141.4200,1,0,0.0000,0.0000,n < 30 - not ranked
e1dc0754bada9ee4cfe9713f22f61292,RJ,baby,12,0,0.0000,198.7600,,28.7500,12,3,25.0000,0.0000,n < 30 - not ranked
e21a1e8be4715b0fcfd5385643bc49c4,SC,auto,19,0,0.0000,407.3700,,155.0600,19,4,21.0500,0.0000,n < 30 - not ranked
e250d617a0ad591ba9bd663e584a895d,SP,furniture_decor,7,0,0.0000,234.7400,,41.4700,7,2,28.5700,0.0000,n < 30 - not ranked
e256a62e0ac58c0edfba09966142d561,PR,housewares,12,0,0.0000,189.4700,,49.0900,12,1,8.3300,0.0000,n < 30 - not ranked
e2a1ac9bf33e5549a2a4f834e70df2f8,SP,computers_accessories,5,0,0.0000,296.0500,,113.4100,5,0,0.0000,0.0000,n < 30 - not ranked
e2c92f9c1c7746d899d18f2e158bbff7,SP,auto,12,0,0.0000,219.6400,,23.8500,12,0,0.0000,0.0000,n < 30 - not ranked
e3b4998c7a498169dc7bce44e6bb6277,SP,cool_stuff,1,0,0.0000,449.7600,,84.7600,1,0,0.0000,0.0000,n < 30 - not ranked
e3d3b3efac954a60d61be70b7e05b49b,SP,home_construction,3,0,0.0000,266.7600,,91.1700,3,0,0.0000,0.0000,n < 30 - not ranked
e3e290b38963293022cdcd6db8328103,SP,sports_leisure,2,0,0.0000,233.5500,,92.9700,2,1,50.0000,0.0000,n < 30 - not ranked
e433f5fd4050e3352b5d83522b7fe24b,PR,home_construction,1,0,0.0000,178.7600,,97.9300,1,0,0.0000,0.0000,n < 30 - not ranked
e439f7176d763f92de325271111b2fd5,SC,electronics,6,0,0.0000,238.2400,,42.1000,6,0,0.0000,0.0000,n < 30 - not ranked
e45edf75f568ed2f93f78d060e246e25,RJ,housewares,6,0,0.0000,296.3300,,99.9800,6,0,0.0000,0.0000,n < 30 - not ranked
e48b04bf1aa1ef711caebeb7aede6180,PR,toys,25,0,0.0000,253.0600,,49.2400,25,2,8.0000,0.0000,n < 30 - not ranked
e48cc16ab70bfa09e1401740dce0b3d7,SP,computers_accessories,14,0,0.0000,352.4900,,98.1600,14,4,28.5700,0.0000,n < 30 - not ranked
e4ebd3f87bf70440014f07ddda7fbe03,SP,health_beauty,7,0,0.0000,429.3600,,53.7900,7,0,0.0000,0.0000,n < 30 - not ranked
e4fc40017a6d22c46a14ac2e17f87c3e,PR,furniture_bedroom,1,0,0.0000,247.0100,,137.9500,1,0,0.0000,0.0000,n < 30 - not ranked
e503f22be6a4f456d9851920a5d9c670,SP,drinks,2,0,0.0000,136.0800,,59.4800,2,0,0.0000,0.0000,n < 30 - not ranked
e51f22821f0c12a16ad5c020cdcd55e9,SP,computers_accessories,4,0,0.0000,247.7800,,66.5500,4,0,0.0000,0.0000,n < 30 - not ranked
e53d5b9b29d1218281f4a907ada18626,PR,toys,2,0,0.0000,172.7800,,50.6400,2,0,0.0000,0.0000,n < 30 - not ranked
e546117ed9cafbc40239c0c78635c584,SP,perfumery,2,0,0.0000,152.8600,,72.3100,2,0,0.0000,0.0000,n < 30 - not ranked
e5545d4d4473876ea78c5bcebca365c3,SP,toys,1,0,0.0000,124.7600,,26.5600,1,0,0.0000,0.0000,n < 30 - not ranked
e560e4022d8f7aebf155db95946c5c0f,MG,cool_stuff,2,0,0.0000,243.2200,,47.1900,2,0,0.0000,0.0000,n < 30 - not ranked
e5899683388855d3dabe8913bbe365de,SP,furniture_decor,3,0,0.0000,185.3100,,31.4500,3,0,0.0000,0.0000,n < 30 - not ranked
e58a5b390e28abc0b216cfb0e07d27d7,RJ,sports_leisure,7,0,0.0000,182.3600,,36.4600,7,0,0.0000,0.0000,n < 30 - not ranked
e595809a6c31ec4314fd06ef198c244d,SC,telephony,1,0,0.0000,380.4900,,42.1500,1,0,0.0000,0.0000,n < 30 - not ranked
e59e489e2ea74bd409b798b5daf49de3,PR,furniture_decor,3,0,0.0000,368.7300,,128.3200,3,2,66.6700,0.0000,n < 30 - not ranked
e59e575a175fadcadf8479e191770425,RJ,air_conditioning,1,0,0.0000,128.4100,,74.4400,1,0,0.0000,0.0000,n < 30 - not ranked
e5c84227854980f1db19a58958c551d9,PR,housewares,4,0,0.0000,244.5100,,136.6200,4,0,0.0000,0.0000,n < 30 - not ranked
e5cbe890e679490127e9a390b46bbd20,SP,health_beauty,2,0,0.0000,142.1700,,25.3200,2,0,0.0000,0.0000,n < 30 - not ranked
e5d4b2b0c3bca22085f7a19a28de0c42,SC,housewares,4,0,0.0000,304.4300,,37.3000,4,0,0.0000,0.0000,n < 30 - not ranked
e5def42655b7490edac5a56fe8e9e603,SP,watches_gifts,1,0,0.0000,140.0300,,14.3100,1,0,0.0000,0.0000,n < 30 - not ranked
e601b04acf48b4576e73ddca9481f0dc,SP,garden_tools,14,0,0.0000,165.2000,,44.4500,14,2,14.2900,0.0000,n < 30 - not ranked
e603cf3fec55f8697c9059638d6c8eb5,RS,,7,0,0.0000,151.6800,,41.9000,7,0,0.0000,0.0000,n < 30 - not ranked
e627629ba868740e287800f1a9be81c2,SP,food_drink,10,0,0.0000,155.6600,,50.6500,10,0,0.0000,0.0000,n < 30 - not ranked
e644cbadf7eeb30d0d29f335ce7d52ec,SP,sports_leisure,7,0,0.0000,165.1400,,46.3000,7,0,0.0000,0.0000,n < 30 - not ranked
e64882b4ef12aee8d0faca4db5b681f4,GO,construction_tools_safety,1,0,0.0000,600.2100,,98.8400,1,0,0.0000,0.0000,n < 30 - not ranked
e64ddbe1cbcf4f2fc3092b7c481f3f9d,SP,health_beauty,1,0,0.0000,132.3000,,80.9400,1,0,0.0000,0.0000,n < 30 - not ranked
e6a69c4a27dfdd98ffe5aa757ad744bc,SP,housewares,20,0,0.0000,263.6800,,117.7800,20,1,5.0000,0.0000,n < 30 - not ranked
e70053bf73d1b5863932e53a9fa47496,SP,telephony,7,0,0.0000,322.9300,,91.2800,7,0,0.0000,0.0000,n < 30 - not ranked
e72b4feb7abe210c52aa667abc25a3a2,SP,bed_bath_table,1,0,0.0000,99.5800,,53.7300,1,0,0.0000,0.0000,n < 30 - not ranked
e732329483fd5f27367dd997b47f598a,SC,fashion_bags_accessories,1,0,0.0000,291.6600,,25.9200,1,0,0.0000,0.0000,n < 30 - not ranked
e73bf2cea7fe4b0b4d287a7568ed1099,SC,construction_tools_construction,4,0,0.0000,131.9400,,27.4200,4,0,0.0000,0.0000,n < 30 - not ranked
e76ecc7e9a1a1e3c6df9d2a8261c423d,MG,books_general_interest,1,0,0.0000,298.9700,,99.9900,1,0,0.0000,0.0000,n < 30 - not ranked
e7f3bf1ecd8526eb7f3b18059e6716e5,SP,toys,17,0,0.0000,215.4000,,34.6800,17,1,5.8800,0.0000,n < 30 - not ranked
e83e93b71371817b11d78a63ff156aee,SP,furniture_decor,2,0,0.0000,379.4000,,194.2500,2,0,0.0000,0.0000,n < 30 - not ranked
e88c9b79e592e370d6bd852eeefbf057,PR,toys,8,0,0.0000,202.4400,,50.7700,8,0,0.0000,0.0000,n < 30 - not ranked
e88f7a2995ba184710d339c5c4bf2e30,SP,pet_shop,2,0,0.0000,260.0000,,19.2000,2,0,0.0000,0.0000,n < 30 - not ranked
e8ff5a6ceb895583033fc2a0f314e3c2,SC,diapers_and_hygiene,1,0,0.0000,76.5300,,17.4600,1,0,0.0000,0.0000,n < 30 - not ranked
e908c0f3646e8b60375734a350d95d71,SP,computers_accessories,1,0,0.0000,650.6100,,190.3900,1,0,0.0000,0.0000,n < 30 - not ranked
e94b64dc6979b302a5a5be1662c83bb6,SP,construction_tools_lights,2,0,0.0000,216.2300,,65.3800,2,0,0.0000,0.0000,n < 30 - not ranked
e9511df20ccd82658a30c37b7fb343af,SP,construction_tools_construction,22,0,0.0000,234.1700,,45.4800,22,2,9.0900,0.0000,n < 30 - not ranked
e9874ae10b2d60d43917b6bbfa13a599,PR,bed_bath_table,1,0,0.0000,160.2200,,26.1000,1,0,0.0000,0.0000,n < 30 - not ranked
e9b6c33b71b67737693b4cfa68341c8d,SP,housewares,1,0,0.0000,282.5200,,214.5800,1,0,0.0000,0.0000,n < 30 - not ranked
e9c2dc0dd4ac38448289be644ac94f42,SC,toys,3,0,0.0000,129.4100,,12.3500,3,0,0.0000,0.0000,n < 30 - not ranked
e9c6969d40e6a3d2d0f90013165c2b98,SP,pet_shop,10,0,0.0000,218.0900,,48.8800,10,1,10.0000,0.0000,n < 30 - not ranked
e9e446d01bd10a97a8ffcfc4a3a20cb2,SP,perfumery,3,0,0.0000,127.3100,,59.6900,3,0,0.0000,0.0000,n < 30 - not ranked
ea1776927851da2532aa70d6a32c095a,SP,housewares,2,0,0.0000,207.7200,,65.1700,2,1,50.0000,0.0000,n < 30 - not ranked
ea3ebea5317b0efbc663ecc8ce5e9bc2,SC,auto,3,0,0.0000,225.3800,,27.1000,3,0,0.0000,0.0000,n < 30 - not ranked
ea4e9ce63a2134743b4a92777437fcdd,SC,air_conditioning,3,0,0.0000,242.7200,,97.4600,3,0,0.0000,0.0000,n < 30 - not ranked
ea65d8b58316a6f2362f2a9e4b3e86ad,SP,computers_accessories,9,0,0.0000,201.9200,,47.2300,9,2,22.2200,0.0000,n < 30 - not ranked
ea6b12bf9ffe2bac34602ec631d97a47,SP,housewares,9,0,0.0000,397.5300,,264.9000,9,1,11.1100,0.0000,n < 30 - not ranked
ea846a0e7ad98a741783e886d89dfa44,SP,perfumery,2,0,0.0000,246.7200,,61.6900,2,0,0.0000,0.0000,n < 30 - not ranked
eaaa46e98c9e61f6764dd1d7a2ab8b3e,RN,small_appliances,1,0,0.0000,266.3300,,66.5200,1,0,0.0000,0.0000,n < 30 - not ranked
ead2bab70821ea148476ae9bc08548ac,MG,fashion_bags_accessories,7,0,0.0000,187.2900,,33.5200,7,0,0.0000,0.0000,n < 30 - not ranked
eae9af4811c294c56795d70e715b7337,SP,,1,0,0.0000,68.2500,,19.0700,1,0,0.0000,0.0000,n < 30 - not ranked
eaf6d55068dea77334e8477d3878d89e,SP,auto,3,0,0.0000,147.1000,,70.5100,3,0,0.0000,0.0000,n < 30 - not ranked
eb1bf309f4f6af9a97e9ddac3fdbeabe,SP,sports_leisure,1,0,0.0000,203.7500,,145.8700,1,0,0.0000,0.0000,n < 30 - not ranked
eb4a59a06b3948e851a7d7a830bcbc42,BA,health_beauty,1,0,0.0000,265.8700,,125.9900,1,0,0.0000,0.0000,n < 30 - not ranked
eb72802c83dc7547529c9546d1a9b8ef,SP,garden_tools,8,0,0.0000,149.0700,,21.0600,8,1,12.5000,0.0000,n < 30 - not ranked
eb9267cccc90f1b49c8d2f9887c7dd97,PE,sports_leisure,1,0,0.0000,187.4600,,12.9300,1,0,0.0000,0.0000,n < 30 - not ranked
eb9cd5b35d95206585e2185318cb5c61,SP,furniture_decor,2,0,0.0000,390.5000,,130.7200,2,1,50.0000,0.0000,n < 30 - not ranked
ebd1417732defaf66c50b5a800eb293e,PR,cool_stuff,1,0,0.0000,146.9200,,6.2300,1,0,0.0000,0.0000,n < 30 - not ranked
ec21206b7894c503788a684a7bc822a6,RJ,baby,1,0,0.0000,194.6900,,45.4900,1,0,0.0000,0.0000,n < 30 - not ranked
ec5c1d94df153d473b37f880977ae58e,SP,health_beauty,2,0,0.0000,247.6900,,21.8600,2,1,50.0000,0.0000,n < 30 - not ranked
ec933281fb017b5020d06df29c3f77e8,SP,baby,8,0,0.0000,227.4400,,54.2100,8,0,0.0000,0.0000,n < 30 - not ranked
ed46f1eb4a638113deb2a1137b5f22e9,SC,health_beauty,4,0,0.0000,176.6000,,54.6900,4,1,25.0000,0.0000,n < 30 - not ranked
ed49da7cadefc454d6a67de249eab240,SP,sports_leisure,1,0,0.0000,172.6100,,100.6100,1,0,0.0000,0.0000,n < 30 - not ranked
ed859002ad59dbf8cf3602696a6c3000,PR,air_conditioning,6,0,0.0000,444.2200,,344.5000,6,1,16.6700,0.0000,n < 30 - not ranked
ed9eef5be0992d413d251fadba1a410d,SP,furniture_decor,3,0,0.0000,252.7000,,44.3400,3,0,0.0000,0.0000,n < 30 - not ranked
edb58a1390adf273840030a3d6253829,SP,home_appliances,1,0,0.0000,132.0800,,52.1200,1,0,0.0000,0.0000,n < 30 - not ranked
edb65fe661681b1c0de8bd47c8655855,SP,small_appliances,1,0,0.0000,338.7400,,148.0900,1,0,0.0000,0.0000,n < 30 - not ranked
edc518ba25576a0188a0e8f2c3af186f,SP,housewares,6,0,0.0000,159.7200,,63.9900,6,2,33.3300,0.0000,n < 30 - not ranked
eddd1991bd6d9309995a480c39b95137,PR,,2,0,0.0000,354.1000,,73.3300,2,0,0.0000,0.0000,n < 30 - not ranked
ede2977fbaf3738583170735ca403f6c,PR,health_beauty,1,0,0.0000,359.5200,,75.1000,1,0,0.0000,0.0000,n < 30 - not ranked
ee27a8f15b1dded4d213a468ba4eb391,GO,art,1,0,0.0000,286.9200,,41.1000,1,0,0.0000,0.0000,n < 30 - not ranked
ee2fbacc2fc3794e656cc4d933d59ce7,SP,sports_leisure,2,0,0.0000,169.7400,,15.1900,2,0,0.0000,0.0000,n < 30 - not ranked
eec3469d83e142f9a104886655338c37,SP,furniture_decor,4,0,0.0000,239.4600,,116.2400,4,0,0.0000,0.0000,n < 30 - not ranked
eed78ac17f7f795a19a709745f00cd4e,SP,furniture_decor,22,0,0.0000,240.8900,,79.5400,22,5,22.7300,0.0000,n < 30 - not ranked
ef30892870c278497523264be1be2241,SP,stationery,9,0,0.0000,193.9200,,39.4100,9,1,11.1100,0.0000,n < 30 - not ranked
ef728fa1f17436c91ed1ccd03dcf9631,SP,arts_and_craftmanship,3,0,0.0000,114.9700,,30.5700,3,0,0.0000,0.0000,n < 30 - not ranked
ef9952469137ff190bacafe117f51537,MG,furniture_decor,5,0,0.0000,246.0200,,77.6000,5,0,0.0000,0.0000,n < 30 - not ranked
efff9341f3f8f5237b44ff67ed36a7bf,ES,garden_tools,5,0,0.0000,286.3700,,34.9900,5,0,0.0000,0.0000,n < 30 - not ranked
f00f5b35d0abcacbdd863672f4bb2c1a,SP,furniture_decor,1,0,0.0000,291.7400,,142.6500,1,0,0.0000,0.0000,n < 30 - not ranked
f021c962aaba8ef6eb527a9c2c8394d1,SC,musical_instruments,5,0,0.0000,196.1100,,28.2200,5,1,20.0000,0.0000,n < 30 - not ranked
f049a72cf58fd31b11f8919cade515e7,SP,bed_bath_table,2,0,0.0000,82.9100,,19.5500,2,0,0.0000,0.0000,n < 30 - not ranked
f08a5b9dd6767129688d001acafc21e5,RS,computers_accessories,11,0,0.0000,452.8900,,185.0700,11,1,9.0900,0.0000,n < 30 - not ranked
f09b760d23495ac9a7e00d29b769007c,SP,sports_leisure,1,0,0.0000,577.3800,,431.6200,1,0,0.0000,0.0000,n < 30 - not ranked
f0e103c63864d5405b958d984b6e94c9,SP,health_beauty,11,0,0.0000,211.6600,,38.7400,11,0,0.0000,0.0000,n < 30 - not ranked
f0ec78809fe0bc3edb11c9fe5b97b059,SP,housewares,2,0,0.0000,224.3200,,132.5000,2,0,0.0000,0.0000,n < 30 - not ranked
f114dca2828bf718548db175ebe2cfcd,PR,sports_leisure,1,0,0.0000,251.6000,,66.7800,1,1,100.0000,0.0000,n < 30 - not ranked
f1198c871e0171278b63f40d112caeec,SP,kitchen_dining_laundry_garden_furniture,2,0,0.0000,273.6300,,167.6800,2,0,0.0000,0.0000,n < 30 - not ranked
f12d3c2a14729ae461b920c11fe20fdc,SP,furniture_decor,9,0,0.0000,127.4600,,43.7300,9,0,0.0000,0.0000,n < 30 - not ranked
f18112da765e0971ca5d510dec322bdd,SC,,2,0,0.0000,429.5600,,31.1900,2,0,0.0000,0.0000,n < 30 - not ranked
f19516b9ff26bfeb091b30108db4ddbd,SP,costruction_tools_garden,3,0,0.0000,255.5500,,102.7500,3,1,33.3300,0.0000,n < 30 - not ranked
f1b854361f4e15d5851b494df66f22b2,RJ,pet_shop,3,0,0.0000,177.7000,,22.8500,3,1,33.3300,0.0000,n < 30 - not ranked
f1c1ac3f3efc07e659c035008e615e66,SP,auto,3,0,0.0000,263.2500,,79.2700,3,1,33.3300,0.0000,n < 30 - not ranked
f1ce5fdecd64935c28b9ff932751d0dc,SP,furniture_decor,2,0,0.0000,245.6700,,109.8600,2,0,0.0000,0.0000,n < 30 - not ranked
f1fd5ab1181f827ffad998c1a5de7d74,PR,luggage_accessories,15,0,0.0000,226.9800,,48.3900,15,0,0.0000,0.0000,n < 30 - not ranked
f1fdf2d13186575751aa25876536d85c,SP,sports_leisure,1,0,0.0000,147.3900,,95.9800,1,0,0.0000,0.0000,n < 30 - not ranked
f205b1a3ca9a34e0f8a228bae6e4c7b3,RS,furniture_decor,8,0,0.0000,206.3100,,20.6600,8,0,0.0000,0.0000,n < 30 - not ranked
f2336e113377dd21c744d9c4fc8293a9,SP,garden_tools,4,0,0.0000,485.9300,,158.9400,4,0,0.0000,0.0000,n < 30 - not ranked
f235413f677777a0738ff215d0184901,SP,auto,2,0,0.0000,150.6800,,29.9200,2,0,0.0000,0.0000,n < 30 - not ranked
f25e239052084705e17a982bc600ab2a,SP,pet_shop,7,0,0.0000,332.9400,,95.7000,7,1,14.2900,0.0000,n < 30 - not ranked
f266295f49a28eee21f413e0cbb0521d,PR,construction_tools_construction,2,0,0.0000,290.1300,,135.3400,2,0,0.0000,0.0000,n < 30 - not ranked
f26d70155c2b6326fcfa1780c8c684e4,SC,garden_tools,1,0,0.0000,213.6400,,17.9600,1,0,0.0000,0.0000,n < 30 - not ranked
f3041c2e75ec683697a6a5ea82192210,MG,furniture_decor,1,0,0.0000,108.6800,,62.6600,1,0,0.0000,0.0000,n < 30 - not ranked
f307937c1bb287c3efc2a514b94b0d1d,MG,auto,1,0,0.0000,301.8600,,62.3700,1,0,0.0000,0.0000,n < 30 - not ranked
f326006815956455b2859abd58fe7e39,SP,furniture_decor,9,0,0.0000,309.6400,,47.6000,9,0,0.0000,0.0000,n < 30 - not ranked
f3511c85f59f8dec53d140501ee8e7a8,PR,health_beauty,1,0,0.0000,46.0000,,24.0200,1,0,0.0000,0.0000,n < 30 - not ranked
f356c348fbc8df6a882823e21f5ce8b7,RS,housewares,2,0,0.0000,173.5100,,59.1700,2,1,50.0000,0.0000,n < 30 - not ranked
f35becee938e982bd615edf8ef12bcfb,SP,home_confort,6,0,0.0000,190.0900,,28.6800,6,1,16.6700,0.0000,n < 30 - not ranked
f3862c2188522d89860c38a3ea8b550d,SP,perfumery,1,0,0.0000,140.8400,,23.6500,1,0,0.0000,0.0000,n < 30 - not ranked
f3975e8a41157005d4bcbb358678cd9b,SC,baby,2,0,0.0000,207.7800,,50.5300,2,0,0.0000,0.0000,n < 30 - not ranked
f3c38ab652836d21de61fb8314b69182,SP,computers_accessories,15,0,0.0000,197.0100,,57.2600,15,1,6.6700,0.0000,n < 30 - not ranked
f410c8873029fcc3809b9df6d0b28914,SP,auto,2,0,0.0000,184.7500,,23.7600,2,0,0.0000,0.0000,n < 30 - not ranked
f41ce2e25237f9092cd8e6e7516c7a2f,SP,consoles_games,26,0,0.0000,210.4600,,78.7300,26,1,3.8500,0.0000,n < 30 - not ranked
f435898e493ba0356019a0b1cb8b55b1,PR,auto,10,0,0.0000,260.9100,,28.7500,10,1,10.0000,0.0000,n < 30 - not ranked
f43827dd686be3a4a80e00aa299990fb,SP,housewares,1,0,0.0000,513.3900,,266.3800,1,1,100.0000,0.0000,n < 30 - not ranked
f44b6f775a2b390380e0e30b5c9d3eee,SP,cool_stuff,10,0,0.0000,208.6600,,61.8300,10,0,0.0000,0.0000,n < 30 - not ranked
f4a04f7be452aa3bb31760bf00055dd0,SP,perfumery,18,0,0.0000,219.4000,,82.7900,18,0,0.0000,0.0000,n < 30 - not ranked
f4ce8ca9fa7157e3b33f536ac9a4487d,SP,bed_bath_table,4,0,0.0000,167.4200,,37.2500,4,0,0.0000,0.0000,n < 30 - not ranked
f52c2422904463fdd7741f99045fecb6,SP,housewares,12,0,0.0000,136.1700,,35.2300,12,1,8.3300,0.0000,n < 30 - not ranked
f5b44895715ddfe3087dc414f30268f3,SP,auto,19,0,0.0000,299.9400,,71.4500,19,3,15.7900,0.0000,n < 30 - not ranked
f5b84683a9bf9e1df748cf40f601b39c,SP,baby,1,0,0.0000,160.9500,,139.8000,1,0,0.0000,0.0000,n < 30 - not ranked
f626e15b7314c267e4429010866f70e9,SP,food_drink,5,0,0.0000,238.7200,,49.8200,5,1,20.0000,0.0000,n < 30 - not ranked
f650a9708fa1bab22bdd8d3a818cc415,SC,furniture_decor,4,0,0.0000,367.7600,,111.3800,4,1,25.0000,0.0000,n < 30 - not ranked
f664f98bfda2eaf266a23ff144e7a872,SP,pet_shop,2,0,0.0000,64.4500,,51.2200,2,1,50.0000,0.0000,n < 30 - not ranked
f7315bb81aea4ddca2d39e249a801c98,SP,luggage_accessories,2,0,0.0000,245.1400,,22.8000,2,0,0.0000,0.0000,n < 30 - not ranked
f7c31656c19db6275a8acadca289f426,SP,,1,0,0.0000,321.1500,,36.8600,1,0,0.0000,0.0000,n < 30 - not ranked
f805b96fa705ba7995a221f1749dc141,PR,musical_instruments,7,0,0.0000,311.6300,,28.8100,7,0,0.0000,0.0000,n < 30 - not ranked
f88adb15807168d3c43d71021090ce4a,SP,party_supplies,3,0,0.0000,152.7800,,30.0500,3,1,33.3300,0.0000,n < 30 - not ranked
f8d5c7085db9a4ad2b8c1ffbeb2798c8,SP,fashion_bags_accessories,6,0,0.0000,300.6300,,86.4600,6,0,0.0000,0.0000,n < 30 - not ranked
f8e2c1b59cd4225a3e4fd0d013a76b93,SP,furniture_decor,2,0,0.0000,240.2600,,96.1600,2,0,0.0000,0.0000,n < 30 - not ranked
f8f35af4634605e6693c17cc3ffff5a8,MG,housewares,1,0,0.0000,243.3700,,49.1600,1,0,0.0000,0.0000,n < 30 - not ranked
f90f77ef2799a27f80d90c425ca944f7,PR,books_technical,1,0,0.0000,177.3500,,5.8800,1,0,0.0000,0.0000,n < 30 - not ranked
f9244d45189d3a3605499abddeade7d5,SP,small_appliances,20,0,0.0000,364.2500,,148.6100,20,1,5.0000,0.0000,n < 30 - not ranked
f92d8c817434bd2d84d4e9c61322b7fa,SP,sports_leisure,5,0,0.0000,199.8100,,126.5300,5,0,0.0000,0.0000,n < 30 - not ranked
f9903dd0f812c7e771fcad47b6fff231,SC,construction_tools_lights,9,0,0.0000,350.2400,,157.1900,9,2,22.2200,0.0000,n < 30 - not ranked
f9bbdd976532d50b7816d285a22bd01e,SP,sports_leisure,1,0,0.0000,357.3700,,164.0100,1,0,0.0000,0.0000,n < 30 - not ranked
f9ec7093df3a7b346b7bcf7864069ca3,SP,housewares,9,0,0.0000,151.6200,,35.1700,9,0,0.0000,0.0000,n < 30 - not ranked
f9eedec3129e8cc6b6429c42d0808c5b,RJ,watches_gifts,2,0,0.0000,162.1900,,16.6700,2,0,0.0000,0.0000,n < 30 - not ranked
f9f68daa2af419d38f745478bcb3da1a,SP,sports_leisure,1,0,0.0000,282.1700,,110.1600,1,0,0.0000,0.0000,n < 30 - not ranked
fa14641f57b655e933124a9ea49cd7a5,SP,computers_accessories,7,0,0.0000,167.5200,,64.0000,7,0,0.0000,0.0000,n < 30 - not ranked
fa5fdc4e4bb6bd1009ad0e4ac4096562,SP,auto,1,0,0.0000,169.3700,,96.3700,1,0,0.0000,0.0000,n < 30 - not ranked
fa8d335d68129e464e60c1826a683e96,RS,auto,1,0,0.0000,533.2600,,77.5800,1,0,0.0000,0.0000,n < 30 - not ranked
fac1a9017ade7bdc94058fc1c969f355,SP,computers_accessories,9,0,0.0000,185.1600,,38.5500,9,0,0.0000,0.0000,n < 30 - not ranked
fac35d150712afb921ec59ac5f39bb11,MG,construction_tools_construction,5,0,0.0000,243.3700,,89.5400,5,0,0.0000,0.0000,n < 30 - not ranked
fadb07c842a2aef5d5a676b85f220e71,SP,sports_leisure,7,0,0.0000,154.3200,,15.8300,7,0,0.0000,0.0000,n < 30 - not ranked
fb3cfbc8a86f5d7fbb4d36b8df63f60d,RJ,bed_bath_table,9,0,0.0000,186.2600,,44.4400,9,1,11.1100,0.0000,n < 30 - not ranked
fb503a924a0b9db19d83dd0ac6dbef8c,RS,health_beauty,1,0,0.0000,157.1500,,64.6200,1,0,0.0000,0.0000,n < 30 - not ranked
fb8904a8ea99f8831b64ce27db2c1765,SP,sports_leisure,2,0,0.0000,267.8200,,56.5700,2,0,0.0000,0.0000,n < 30 - not ranked
fc0b214b59a83615fea981c6424a02ae,SP,baby,1,0,0.0000,105.2300,,75.2700,1,0,0.0000,0.0000,n < 30 - not ranked
fc38b5dceee1a730fad8853453437fbd,SP,perfumery,5,0,0.0000,191.2300,,84.8500,5,0,0.0000,0.0000,n < 30 - not ranked
fc4751cfe3b279c419615b9b00c1abb4,PR,housewares,1,0,0.0000,192.2400,,95.4100,1,0,0.0000,0.0000,n < 30 - not ranked
fc59392d66ef99377e50356ee4f3b4e1,BA,computers_accessories,5,0,0.0000,190.8200,,31.1600,5,2,40.0000,0.0000,n < 30 - not ranked
fc5a0d7a310a7a41abf86a458585ff2b,SP,books_general_interest,1,0,0.0000,334.3100,,281.4000,1,0,0.0000,0.0000,n < 30 - not ranked
fc6295add6f51a0936407ead70c1001d,SP,furniture_decor,1,0,0.0000,331.2100,,20.6100,1,1,100.0000,0.0000,n < 30 - not ranked
fc908879b9ca1bd65419e54e50432d38,SP,books_general_interest,4,0,0.0000,208.2000,,91.7500,4,0,0.0000,0.0000,n < 30 - not ranked
fcba71d4d5db057f43249145e4eb1e27,SP,watches_gifts,3,0,0.0000,446.9600,,35.6500,3,0,0.0000,0.0000,n < 30 - not ranked
fd312b6bf05efac6c3772d5b52205d8a,SP,health_beauty,2,0,0.0000,153.0800,,51.2100,2,0,0.0000,0.0000,n < 30 - not ranked
fd435faa3c0422b60440ea3480d0e77c,PB,electronics,1,0,0.0000,227.2400,,46.3200,1,0,0.0000,0.0000,n < 30 - not ranked
fdf736c18c589ed030e058312203e1b2,MG,computers_accessories,1,0,0.0000,131.7800,,25.6800,1,0,0.0000,0.0000,n < 30 - not ranked
fe19dce63ae80346207c6c55713d1023,MG,health_beauty,1,0,0.0000,168.0300,,18.0500,1,0,0.0000,0.0000,n < 30 - not ranked
fe1b067411b8c5066e962aa146ccee03,SP,perfumery,8,0,0.0000,210.8300,,65.3500,8,0,0.0000,0.0000,n < 30 - not ranked
fe4cd9461203cee790d36792420b310f,MG,telephony,3,0,0.0000,344.3400,,46.7600,3,0,0.0000,0.0000,n < 30 - not ranked
fe8055980a4ff7f64ed889c2b5926929,PR,electronics,3,0,0.0000,155.6700,,23.9900,3,0,0.0000,0.0000,n < 30 - not ranked
fe9d9cf8631285d5982c6e2cf27fb114,MG,sports_leisure,1,0,0.0000,117.6700,,16.2000,1,0,0.0000,0.0000,n < 30 - not ranked
feb793c88d836c3a75efa4b5a3465d70,SP,garden_tools,1,0,0.0000,143.6700,,118.4100,1,0,0.0000,0.0000,n < 30 - not ranked
fec6275253471ace26d209bbaa64cd0f,RJ,health_beauty,9,0,0.0000,339.7700,,67.7900,9,1,11.1100,0.0000,n < 30 - not ranked
fec8cd45395b3cb0c2b173d7739706a1,SP,toys,4,0,0.0000,250.7600,,57.3800,4,0,0.0000,0.0000,n < 30 - not ranked
fedaedd3ca31d56ab33e92035e4b361c,RJ,baby,1,0,0.0000,206.9000,,134.9000,1,0,0.0000,0.0000,n < 30 - not ranked
fedf2c1386e137f296b3bbf3b635e69d,SP,construction_tools_lights,2,0,0.0000,247.9800,,165.4800,2,1,50.0000,0.0000,n < 30 - not ranked
ff1e15b778c700abdd4d239b81ac466d,PR,sports_leisure,7,0,0.0000,181.2400,,57.6600,7,0,0.0000,0.0000,n < 30 - not ranked
ff314fa6033cc68ec451c47aee2d6ba4,SP,,2,0,0.0000,256.5000,,155.5500,2,0,0.0000,0.0000,n < 30 - not ranked
ff4e2d38692ce827b1a4f4b8196e680d,SP,books_technical,11,0,0.0000,221.0600,,77.6300,11,1,9.0900,0.0000,n < 30 - not ranked
ff4ea69c2a729e83e63c7579e4ef8170,SP,small_appliances,8,0,0.0000,275.1300,,44.9400,7,0,0.0000,0.0000,n < 30 - not ranked
ff82e8873fba613f2261a9acc896fd84,MG,baby,4,0,0.0000,228.9800,,31.2900,4,1,25.0000,0.0000,n < 30 - not ranked
ffa6adafb71b807dc13159e26431354c,PR,cine_photo,17,0,0.0000,236.4600,,43.6100,17,2,11.7600,0.0000,n < 30 - not ranked
ffad1e7127fb622cb64a900751590acd,SP,furniture_decor,10,0,0.0000,184.1800,,67.3400,10,0,0.0000,0.0000,n < 30 - not ranked
ffdd9f82b9a447f6f8d4b91554cc7dd3,PR,housewares,18,0,0.0000,252.9200,,102.9200,18,2,11.1100,0.0000,n < 30 - not ranked
ffff564a4f9085cd26170f4732393726,SP,auto,8,0,0.0000,299.9100,,178.1100,8,3,37.5000,0.0000,n < 30 - not ranked
