Order_ID,Delivery_Partner,Promised_Delivery_Hours,Actual_Delivery_Hours,Delivery_Status,Refund_Amount,Refund_Flag
ORD-00001,LocalCare Couriers,24,39.68,Delivered,0.00,0
ORD-00002,QuickMeds Logistics,48,17.62,Delivered,0.00,0
ORD-00003,QuickMeds Logistics,24,26.23,Delivered,138.99,1
ORD-00004,MedExpress,72,28.52,Delivered,0.00,0
ORD-00005,MedExpress,24,23.20,Delivered,0.00,0
ORD-00006,LocalCare Couriers,48,20.93,Delivered,0.00,0
ORD-00007,MedExpress,24,12.08,Delivered,0.00,0
ORD-00009,MedExpress,48,15.18,Delivered,0.00,0
ORD-00010,MedExpress,24,16.31,Delivered,0.00,0
ORD-00011,QuickMeds Logistics,24,11.02,Delivered,0.00,0
ORD-00012,PharmaFleet,48,16.95,Delivered,0.00,0
ORD-00013,MedExpress,48,17.78,Delivered,0.00,0
ORD-00014,QuickMeds Logistics,48,31.67,Delivered,0.00,0
ORD-00016,HealthDash,72,29.27,Delivered,0.00,0
ORD-00017,QuickMeds Logistics,48,31.80,Delivered,0.00,0
ORD-00018,MedExpress,48,13.11,Delivered,0.00,0
ORD-00019,PharmaFleet,24,16.03,Delivered,0.00,0
ORD-00020,MedExpress,24,6.51,Delivered,0.00,0
ORD-00021,MedExpress,24,8.87,Delivered,0.00,0
ORD-00022,PharmaFleet,24,33.91,Delivered,433.98,1
ORD-00023,MedExpress,48,21.66,Delivered,0.00,0
ORD-00024,MedExpress,72,35.95,Delivered,0.00,0
ORD-00025,MedExpress,72,19.59,Delivered,0.00,0
ORD-00026,PharmaFleet,48,14.69,Delivered,0.00,0
ORD-00028,HealthDash,24,11.34,Delivered,0.00,0
ORD-00029,QuickMeds Logistics,24,18.44,Delivered,0.00,0
ORD-00030,PharmaFleet,48,20.03,Delivered,0.00,0
ORD-00031,HealthDash,48,10.24,Delivered,0.00,0
ORD-00032,QuickMeds Logistics,24,21.38,Delivered,0.00,0
ORD-00033,QuickMeds Logistics,24,20.29,Delivered,0.00,0
ORD-00034,MedExpress,24,16.98,Delivered,0.00,0
ORD-00035,QuickMeds Logistics,48,39.65,Delivered,0.00,0
ORD-00036,MedExpress,24,9.67,Delivered,0.00,0
ORD-00037,MedExpress,48,24.94,Delivered,0.00,0
ORD-00038,MedExpress,24,13.75,Delivered,0.00,0
ORD-00039,MedExpress,48,30.96,Delivered,0.00,1
ORD-00040,HealthDash,72,40.19,Delivered,0.00,0
ORD-00041,LocalCare Couriers,48,14.16,Delivered,0.00,0
ORD-00042,PharmaFleet,24,60.18,Delivered,0.00,0
ORD-00043,MedExpress,48,15.83,Delivered,0.00,0
ORD-00044,MedExpress,24,13.67,Delivered,0.00,0
ORD-00045,HealthDash,24,15.26,Delivered,0.00,0
ORD-00046,QuickMeds Logistics,24,25.59,Delivered,0.00,0
ORD-00047,LocalCare Couriers,48,89.70,Delivered,0.00,0
ORD-00048,PharmaFleet,24,22.56,Delivered,0.00,0
ORD-00049,LocalCare Couriers,24,12.47,Delivered,0.00,0
ORD-00051,QuickMeds Logistics,72,31.41,Delivered,0.00,0
ORD-00052,HealthDash,72,34.40,Delivered,0.00,0
ORD-00053,QuickMeds Logistics,48,14.37,Delivered,0.00,0
ORD-00054,MedExpress,24,9.46,Delivered,0.00,0
ORD-00055,MedExpress,48,16.87,Delivered,0.00,0
ORD-00056,PharmaFleet,24,45.24,Delivered,0.00,0
ORD-00057,QuickMeds Logistics,48,22.95,Delivered,0.00,0
ORD-00058,QuickMeds Logistics,48,17.51,Delivered,0.00,0
ORD-00059,HealthDash,24,12.45,Delivered,0.00,0
ORD-00060,LocalCare Couriers,48,55.42,Delivered,219.66,1
ORD-00061,QuickMeds Logistics,48,19.54,Delivered,0.00,0
ORD-00062,MedExpress,24,14.30,Delivered,1324.35,1
ORD-00063,HealthDash,48,22.93,Delivered,0.00,0
ORD-00064,MedExpress,48,17.46,Delivered,0.00,0
ORD-00065,MedExpress,48,19.62,Delivered,0.00,0
ORD-00066,MedExpress,72,23.47,Delivered,0.00,0
ORD-00067,QuickMeds Logistics,48,40.64,Delivered,827.71,1
ORD-00068,LocalCare Couriers,48,88.36,Delivered,0.00,0
ORD-00070,QuickMeds Logistics,24,19.92,Delivered,0.00,0
ORD-00071,MedExpress,24,33.33,Delivered,0.00,0
ORD-00072,PharmaFleet,48,21.64,Delivered,0.00,0
ORD-00073,HealthDash,48,14.28,Delivered,0.00,0
ORD-00074,LocalCare Couriers,48,15.20,Delivered,0.00,0
ORD-00075,LocalCare Couriers,24,15.87,Delivered,0.00,0
ORD-00076,MedExpress,48,18.09,Delivered,0.00,0
ORD-00077,QuickMeds Logistics,72,49.14,Delivered,0.00,0
ORD-00078,PharmaFleet,72,45.40,Delivered,0.00,0
ORD-00079,LocalCare Couriers,48,29.19,Delivered,0.00,0
ORD-00080,MedExpress,48,32.51,Delivered,0.00,0
ORD-00081,QuickMeds Logistics,48,12.26,Delivered,0.00,0
ORD-00082,MedExpress,72,27.64,Delivered,0.00,0
ORD-00083,QuickMeds Logistics,72,27.23,Delivered,0.00,0
ORD-00084,MedExpress,48,15.14,Delivered,0.00,0
ORD-00085,PharmaFleet,24,6.76,Delivered,0.00,0
ORD-00086,HealthDash,48,61.57,Delivered,0.00,0
ORD-00087,LocalCare Couriers,72,28.40,Delivered,0.00,0
ORD-00088,LocalCare Couriers,48,38.51,Delivered,0.00,0
ORD-00089,MedExpress,24,17.43,Delivered,0.00,0
ORD-00090,PharmaFleet,48,22.36,Delivered,0.00,0
ORD-00091,QuickMeds Logistics,48,24.64,Delivered,0.00,0
ORD-00092,HealthDash,72,35.82,Delivered,0.00,0
ORD-00093,HealthDash,24,14.03,Delivered,0.00,0
ORD-00095,LocalCare Couriers,72,20.23,Delivered,0.00,0
ORD-00096,PharmaFleet,24,31.25,Delivered,935.07,1
ORD-00097,QuickMeds Logistics,24,16.37,Delivered,0.00,0
ORD-00098,PharmaFleet,48,23.28,Delivered,0.00,0
ORD-00099,PharmaFleet,48,44.11,Delivered,0.00,0
ORD-00100,QuickMeds Logistics,48,23.75,Delivered,0.00,0
ORD-00101,MedExpress,48,16.33,Delivered,0.00,0
ORD-00102,MedExpress,72,23.43,Delivered,0.00,0
ORD-00103,QuickMeds Logistics,24,25.17,Delivered,341.19,1
ORD-00104,HealthDash,48,15.07,Delivered,0.00,0
ORD-00105,LocalCare Couriers,72,29.58,Delivered,0.00,0
ORD-00106,MedExpress,48,10.58,Delivered,0.00,0
ORD-00107,PharmaFleet,48,7.17,Delivered,0.00,0
ORD-00108,MedExpress,24,12.06,Delivered,0.00,0
ORD-00109,HealthDash,24,21.87,Delivered,0.00,0
ORD-00111,MedExpress,24,7.81,Delivered,0.00,0
ORD-00112,QuickMeds Logistics,48,33.04,Delivered,0.00,0
ORD-00113,QuickMeds Logistics,24,5.64,Delivered,0.00,0
ORD-00114,QuickMeds Logistics,48,20.00,Delivered,0.00,0
ORD-00115,MedExpress,24,8.71,Delivered,0.00,0
ORD-00116,LocalCare Couriers,72,76.75,Delivered,0.00,0
ORD-00117,QuickMeds Logistics,24,20.99,Delivered,0.00,0
ORD-00118,QuickMeds Logistics,48,29.94,Delivered,0.00,0
ORD-00119,MedExpress,48,9.51,Delivered,0.00,0
ORD-00120,MedExpress,24,8.95,Delivered,1369.50,0
ORD-00121,MedExpress,48,18.27,Delivered,0.00,0
ORD-00122,PharmaFleet,48,27.40,Delivered,0.00,0
ORD-00123,PharmaFleet,24,14.88,Delivered,245.44,1
ORD-00124,LocalCare Couriers,48,41.70,Delivered,0.00,0
ORD-00126,MedExpress,24,12.77,Delivered,0.00,0
ORD-00127,QuickMeds Logistics,48,15.58,Delivered,0.00,0
ORD-00128,QuickMeds Logistics,24,9.79,Delivered,0.00,0
ORD-00129,MedExpress,48,9.79,Delivered,0.00,0
ORD-00130,HealthDash,24,11.91,Delivered,0.00,0
ORD-00131,QuickMeds Logistics,48,21.41,Delivered,0.00,0
ORD-00132,MedExpress,24,13.46,Delivered,0.00,0
ORD-00133,LocalCare Couriers,24,47.90,Delivered,0.00,0
ORD-00134,LocalCare Couriers,72,22.29,Delivered,0.00,0
ORD-00135,MedExpress,48,32.04,Delivered,0.00,0
ORD-00136,LocalCare Couriers,48,15.91,Delivered,0.00,0
ORD-00137,MedExpress,24,29.79,Delivered,0.00,0
ORD-00138,QuickMeds Logistics,72,32.54,Delivered,0.00,0
ORD-00139,HealthDash,24,13.39,Delivered,0.00,0
ORD-00140,PharmaFleet,48,25.85,Delivered,0.00,0
ORD-00141,LocalCare Couriers,24,25.60,Delivered,0.00,0
ORD-00142,MedExpress,24,11.45,Delivered,0.00,0
ORD-00143,PharmaFleet,24,28.15,Delivered,0.00,0
ORD-00144,QuickMeds Logistics,24,30.17,Delivered,0.00,0
ORD-00145,LocalCare Couriers,48,75.17,Delivered,0.00,0
ORD-00146,HealthDash,48,17.10,Delivered,0.00,0
ORD-00147,LocalCare Couriers,72,128.82,Delivered,0.00,0
ORD-00148,QuickMeds Logistics,24,18.60,Delivered,0.00,0
ORD-00149,LocalCare Couriers,24,26.66,Delivered,0.00,0
ORD-00150,HealthDash,48,12.03,Delivered,0.00,0
ORD-00151,PharmaFleet,48,22.06,Delivered,0.00,0
ORD-00152,MedExpress,48,18.91,Delivered,0.00,0
ORD-00153,MedExpress,48,16.89,Delivered,0.00,0
ORD-00154,HealthDash,24,20.85,Delivered,0.00,0
ORD-00155,MedExpress,48,15.05,Delivered,0.00,0
ORD-00156,QuickMeds Logistics,24,30.12,Delivered,0.00,0
ORD-00157,QuickMeds Logistics,24,19.60,Delivered,0.00,0
ORD-00158,PharmaFleet,48,9.98,Delivered,0.00,0
ORD-00159,HealthDash,48,27.55,Delivered,0.00,0
ORD-00160,LocalCare Couriers,48,57.67,Delivered,0.00,0
ORD-00161,PharmaFleet,48,89.67,Delivered,0.00,0
ORD-00162,PharmaFleet,48,52.31,Delivered,0.00,0
ORD-00163,MedExpress,24,29.57,Delivered,0.00,0
ORD-00164,MedExpress,48,15.52,Delivered,0.00,0
ORD-00165,PharmaFleet,48,29.41,Delivered,0.00,0
ORD-00166,QuickMeds Logistics,48,14.14,Delivered,1601.76,1
ORD-00168,HealthDash,24,30.96,Delivered,477.02,1
ORD-00169,LocalCare Couriers,48,12.73,Delivered,0.00,0
ORD-00170,MedExpress,24,8.14,Delivered,0.00,0
ORD-00171,HealthDash,24,15.00,Delivered,0.00,0
ORD-00172,MedExpress,24,13.86,Delivered,0.00,0
ORD-00173,HealthDash,48,34.04,Delivered,0.00,0
ORD-00175,PharmaFleet,48,42.93,Delivered,0.00,0
ORD-00177,MedExpress,24,10.12,Delivered,0.00,0
ORD-00178,MedExpress,48,9.37,Delivered,0.00,0
ORD-00179,QuickMeds Logistics,48,16.00,Delivered,0.00,0
ORD-00180,MedExpress,24,10.99,Delivered,0.00,0
ORD-00181,LocalCare Couriers,24,32.72,Delivered,0.00,0
ORD-00182,QuickMeds Logistics,24,30.33,Delivered,351.71,1
ORD-00183,QuickMeds Logistics,48,34.22,Delivered,0.00,0
ORD-00184,MedExpress,48,21.97,Delivered,0.00,0
ORD-00185,QuickMeds Logistics,48,12.03,Delivered,1740.95,1
ORD-00187,LocalCare Couriers,72,42.08,Delivered,0.00,0
ORD-00188,MedExpress,24,17.44,Delivered,0.00,0
ORD-00189,HealthDash,24,13.11,Delivered,0.00,0
ORD-00190,LocalCare Couriers,48,15.55,Delivered,0.00,0
ORD-00191,QuickMeds Logistics,24,18.78,Delivered,0.00,0
ORD-00192,PharmaFleet,24,12.34,Delivered,0.00,0
ORD-00193,LocalCare Couriers,48,50.46,Delivered,0.00,0
ORD-00194,LocalCare Couriers,24,18.48,Delivered,0.00,0
ORD-00195,HealthDash,24,23.27,Delivered,0.00,0
ORD-00196,PharmaFleet,72,44.39,Delivered,0.00,0
ORD-00197,PharmaFleet,72,82.70,Delivered,0.00,0
ORD-00199,PharmaFleet,48,10.49,Delivered,0.00,0
ORD-00200,QuickMeds Logistics,48,28.11,Delivered,0.00,0
ORD-00201,HealthDash,24,33.70,Delivered,0.00,0
ORD-00202,HealthDash,48,20.68,Delivered,0.00,0
ORD-00203,MedExpress,24,18.26,Delivered,0.00,0
ORD-00204,QuickMeds Logistics,48,20.32,Delivered,0.00,0
ORD-00205,HealthDash,72,23.01,Delivered,0.00,0
ORD-00206,QuickMeds Logistics,24,17.73,Delivered,0.00,0
ORD-00207,MedExpress,48,20.66,Delivered,0.00,0
ORD-00208,QuickMeds Logistics,24,,Returned,1624.08,1
ORD-00210,PharmaFleet,48,27.73,Delivered,0.00,0
ORD-00211,HealthDash,24,18.46,Delivered,0.00,0
ORD-00212,HealthDash,48,26.88,Delivered,0.00,0
ORD-00214,HealthDash,24,9.88,Delivered,0.00,0
ORD-00215,MedExpress,48,12.46,Delivered,0.00,0
ORD-00216,MedExpress,48,8.48,Delivered,0.00,0
ORD-00217,MedExpress,24,9.57,Delivered,0.00,0
ORD-00218,PharmaFleet,24,32.47,Delivered,0.00,0
ORD-00219,PharmaFleet,48,19.54,Delivered,0.00,0
ORD-00220,HealthDash,24,13.24,Delivered,0.00,0
ORD-00221,QuickMeds Logistics,48,27.68,Delivered,0.00,0
ORD-00222,LocalCare Couriers,48,18.61,Delivered,0.00,0
ORD-00223,MedExpress,24,19.98,Delivered,0.00,0
ORD-00224,MedExpress,24,9.51,Delivered,0.00,0
ORD-00225,HealthDash,48,16.59,Delivered,0.00,0
ORD-00226,QuickMeds Logistics,24,10.19,Delivered,0.00,0
ORD-00227,HealthDash,72,43.34,Delivered,0.00,0
ORD-00228,LocalCare Couriers,24,20.34,Delivered,0.00,0
ORD-00229,PharmaFleet,48,31.71,Delivered,0.00,0
ORD-00230,LocalCare Couriers,24,25.25,Delivered,0.00,0
ORD-00231,HealthDash,24,7.58,Delivered,0.00,0
ORD-00232,LocalCare Couriers,48,20.00,Delivered,0.00,0
ORD-00233,HealthDash,24,9.68,Delivered,0.00,0
ORD-00234,QuickMeds Logistics,24,18.91,Delivered,0.00,0
ORD-00235,MedExpress,48,36.38,Delivered,0.00,0
ORD-00236,MedExpress,48,36.78,Delivered,0.00,0
ORD-00237,HealthDash,48,18.52,Delivered,0.00,0
ORD-00238,LocalCare Couriers,72,18.22,Delivered,0.00,0
ORD-00239,PharmaFleet,24,23.57,Delivered,0.00,0
ORD-00240,MedExpress,24,16.31,Delivered,0.00,0
ORD-00241,HealthDash,48,16.44,Delivered,0.00,0
ORD-00242,PharmaFleet,72,42.34,Delivered,0.00,0
ORD-00243,QuickMeds Logistics,24,6.95,Delivered,0.00,0
ORD-00244,HealthDash,24,18.33,Delivered,0.00,0
ORD-00245,HealthDash,48,18.30,Delivered,0.00,0
ORD-00246,QuickMeds Logistics,48,9.58,Delivered,0.00,0
ORD-00248,HealthDash,48,42.91,Delivered,0.00,0
ORD-00249,QuickMeds Logistics,72,27.89,Delivered,0.00,0
ORD-00250,PharmaFleet,48,48.18,Delivered,0.00,0
ORD-00251,HealthDash,48,23.77,Delivered,0.00,0
ORD-00252,QuickMeds Logistics,24,16.88,Delivered,0.00,0
ORD-00254,MedExpress,48,9.21,Delivered,0.00,0
ORD-00255,HealthDash,48,29.83,Delivered,0.00,0
ORD-00256,HealthDash,24,51.40,Delivered,0.00,0
ORD-00257,MedExpress,24,25.10,Delivered,0.00,0
ORD-00258,LocalCare Couriers,72,77.18,Delivered,0.00,0
ORD-00260,PharmaFleet,48,26.82,Delivered,0.00,0
ORD-00261,PharmaFleet,24,12.51,Delivered,0.00,0
ORD-00262,MedExpress,48,14.62,Delivered,0.00,0
ORD-00263,MedExpress,48,25.39,Delivered,0.00,0
ORD-00264,MedExpress,24,14.55,Delivered,0.00,0
ORD-00265,MedExpress,48,8.11,Delivered,0.00,0
ORD-00266,PharmaFleet,48,35.19,Delivered,0.00,0
ORD-00267,MedExpress,24,5.07,Delivered,0.00,0
ORD-00268,QuickMeds Logistics,48,,Delivered,0.00,0
ORD-00269,QuickMeds Logistics,24,22.75,Delivered,0.00,0
ORD-00270,HealthDash,24,54.71,Delivered,1070.02,1
ORD-00271,QuickMeds Logistics,48,30.65,Delivered,0.00,0
ORD-00272,HealthDash,48,13.64,Delivered,0.00,0
ORD-00273,QuickMeds Logistics,24,17.34,Delivered,263.18,0
ORD-00274,QuickMeds Logistics,48,42.62,Delivered,0.00,0
ORD-00275,QuickMeds Logistics,24,14.31,Delivered,0.00,0
ORD-00276,PharmaFleet,24,10.76,Delivered,0.00,0
ORD-00277,MedExpress,48,34.66,Delivered,0.00,0
ORD-00278,QuickMeds Logistics,48,15.71,Delivered,0.00,0
ORD-00279,PharmaFleet,48,22.38,Delivered,0.00,0
ORD-00280,PharmaFleet,48,15.90,Delivered,0.00,0
ORD-00281,QuickMeds Logistics,48,45.30,Delivered,0.00,0
ORD-00282,MedExpress,48,21.39,Delivered,0.00,0
ORD-00283,MedExpress,24,17.80,Delivered,0.00,0
ORD-00284,QuickMeds Logistics,24,15.75,Delivered,0.00,0
ORD-00285,HealthDash,72,45.80,Delivered,0.00,0
ORD-00286,LocalCare Couriers,48,22.65,Delivered,0.00,0
ORD-00287,LocalCare Couriers,48,47.98,Delivered,0.00,0
ORD-00288,HealthDash,24,20.69,Delivered,0.00,0
ORD-00289,HealthDash,24,14.40,Delivered,0.00,0
ORD-00290,LocalCare Couriers,24,20.80,Delivered,0.00,0
ORD-00291,MedExpress,24,11.58,Delivered,0.00,0
ORD-00292,PharmaFleet,72,27.65,Delivered,0.00,0
ORD-00293,QuickMeds Logistics,24,11.99,Delivered,0.00,0
ORD-00294,PharmaFleet,48,15.75,Delivered,0.00,0
ORD-00295,HealthDash,48,29.31,Delivered,0.00,0
ORD-00296,QuickMeds Logistics,24,30.62,Delivered,0.00,0
ORD-00297,QuickMeds Logistics,48,12.08,Delivered,0.00,0
ORD-00298,QuickMeds Logistics,24,26.49,Delivered,0.00,0
ORD-00299,QuickMeds Logistics,24,14.78,Delivered,0.00,0
ORD-00300,MedExpress,48,17.30,Delivered,0.00,0
ORD-00301,MedExpress,24,8.52,Delivered,0.00,0
ORD-00302,MedExpress,48,11.51,Delivered,0.00,0
ORD-00303,PharmaFleet,24,28.02,Delivered,0.00,0
ORD-00304,HealthDash,48,19.16,Delivered,0.00,0
ORD-00305,MedExpress,48,12.17,Delivered,0.00,0
ORD-00306,MedExpress,24,11.64,Delivered,0.00,0
ORD-00307,HealthDash,24,4.12,Delivered,0.00,0
ORD-00309,HealthDash,72,39.05,Delivered,0.00,0
ORD-00310,LocalCare Couriers,48,33.35,Delivered,0.00,0
ORD-00311,MedExpress,48,29.62,Delivered,0.00,0
ORD-00312,HealthDash,24,27.22,Delivered,0.00,0
ORD-00313,MedExpress,24,11.97,Delivered,0.00,0
ORD-00314,MedExpress,24,27.70,Delivered,0.00,0
ORD-00315,LocalCare Couriers,48,14.51,Delivered,0.00,0
ORD-00316,HealthDash,24,16.94,Delivered,0.00,0
ORD-00317,QuickMeds Logistics,48,14.90,Delivered,0.00,0
ORD-00318,MedExpress,24,15.49,Delivered,0.00,0
ORD-00319,QuickMeds Logistics,24,13.63,Delivered,0.00,0
ORD-00321,QuickMeds Logistics,48,30.69,Delivered,0.00,0
ORD-00322,MedExpress,48,10.82,Delivered,0.00,0
ORD-00323,QuickMeds Logistics,72,27.49,Delivered,0.00,0
ORD-00324,QuickMeds Logistics,24,6.42,Delivered,0.00,0
ORD-00325,HealthDash,48,26.75,Delivered,0.00,0
ORD-00327,HealthDash,24,11.88,Delivered,0.00,0
ORD-00328,MedExpress,72,24.57,Delivered,0.00,0
ORD-00329,HealthDash,24,10.58,Delivered,0.00,0
ORD-00330,MedExpress,24,16.43,Delivered,0.00,0
ORD-00331,HealthDash,24,13.32,Delivered,0.00,0
ORD-00332,LocalCare Couriers,48,5.34,Delivered,0.00,0
ORD-00333,PharmaFleet,24,23.59,Delivered,0.00,0
ORD-00334,HealthDash,48,21.95,Delivered,0.00,0
ORD-00335,QuickMeds Logistics,72,34.49,Delivered,0.00,0
ORD-00336,HealthDash,48,48.82,Delivered,0.00,0
ORD-00337,MedExpress,24,11.26,Delivered,0.00,0
ORD-00338,MedExpress,48,18.67,Delivered,0.00,0
ORD-00339,LocalCare Couriers,48,26.38,Delivered,0.00,0
ORD-00340,QuickMeds Logistics,24,25.86,Delivered,0.00,0
ORD-00341,QuickMeds Logistics,24,15.47,Delivered,0.00,0
ORD-00342,PharmaFleet,24,24.25,Delivered,0.00,0
ORD-00343,QuickMeds Logistics,24,9.46,Delivered,0.00,0
ORD-00344,QuickMeds Logistics,24,19.95,Delivered,0.00,0
ORD-00345,MedExpress,24,20.70,Delivered,0.00,0
ORD-00346,QuickMeds Logistics,48,23.17,Delivered,0.00,0
ORD-00347,QuickMeds Logistics,48,35.71,Delivered,0.00,0
ORD-00348,LocalCare Couriers,24,33.72,Delivered,0.00,0
ORD-00349,HealthDash,72,99.05,Delivered,0.00,0
ORD-00350,HealthDash,72,39.88,Delivered,0.00,0
ORD-00351,QuickMeds Logistics,48,35.12,Delivered,0.00,0
ORD-00352,MedExpress,24,12.42,Delivered,0.00,0
ORD-00353,PharmaFleet,72,39.21,Delivered,0.00,0
ORD-00354,PharmaFleet,24,31.44,Delivered,0.00,0
ORD-00355,MedExpress,48,19.79,Delivered,0.00,0
ORD-00356,PharmaFleet,24,33.47,Delivered,0.00,0
ORD-00357,MedExpress,24,8.01,Delivered,0.00,0
ORD-00358,PharmaFleet,24,31.64,Delivered,0.00,0
ORD-00359,QuickMeds Logistics,48,22.32,Delivered,0.00,0
ORD-00360,MedExpress,48,18.98,Delivered,0.00,0
ORD-00361,HealthDash,72,38.74,Delivered,0.00,0
ORD-00362,QuickMeds Logistics,48,19.90,Delivered,0.00,0
ORD-00363,LocalCare Couriers,48,18.06,Delivered,0.00,0
ORD-00364,QuickMeds Logistics,24,11.41,Delivered,0.00,0
ORD-00365,MedExpress,48,17.17,Delivered,0.00,0
ORD-00366,PharmaFleet,48,41.73,Delivered,1454.97,1
ORD-00367,QuickMeds Logistics,24,24.41,Delivered,0.00,0
ORD-00368,QuickMeds Logistics,24,15.81,Delivered,0.00,0
ORD-00369,MedExpress,24,13.75,Delivered,0.00,0
ORD-00370,HealthDash,48,35.85,Delivered,0.00,0
ORD-00371,LocalCare Couriers,48,61.25,Delivered,0.00,0
ORD-00373,MedExpress,48,19.24,Delivered,0.00,0
ORD-00374,MedExpress,48,12.11,Delivered,0.00,0
ORD-00375,QuickMeds Logistics,48,20.23,Delivered,0.00,0
ORD-00376,HealthDash,24,16.03,Delivered,0.00,0
ORD-00377,MedExpress,72,35.44,Delivered,0.00,0
ORD-00378,HealthDash,24,36.16,Delivered,0.00,0
ORD-00379,MedExpress,24,9.42,Delivered,0.00,0
ORD-00380,PharmaFleet,48,39.09,Delivered,0.00,0
ORD-00381,QuickMeds Logistics,48,21.09,Delivered,0.00,0
ORD-00382,HealthDash,48,22.96,Delivered,0.00,0
ORD-00383,MedExpress,48,11.96,Delivered,0.00,0
ORD-00384,LocalCare Couriers,48,12.10,Delivered,0.00,0
ORD-00385,HealthDash,48,22.58,Delivered,0.00,0
ORD-00386,HealthDash,24,15.55,Delivered,0.00,0
ORD-00387,MedExpress,48,22.77,Delivered,0.00,0
ORD-00388,QuickMeds Logistics,48,44.47,Delivered,0.00,0
ORD-00389,MedExpress,24,14.52,Delivered,0.00,0
ORD-00390,HealthDash,48,10.19,Delivered,0.00,0
ORD-00391,PharmaFleet,48,12.36,Delivered,0.00,0
ORD-00392,LocalCare Couriers,72,41.95,Delivered,0.00,0
ORD-00394,HealthDash,24,18.93,Delivered,0.00,0
ORD-00395,MedExpress,48,21.59,Delivered,0.00,0
ORD-00396,HealthDash,24,5.72,Delivered,0.00,0
ORD-00397,QuickMeds Logistics,48,13.80,Delivered,0.00,0
ORD-00398,MedExpress,48,19.85,Delivered,0.00,0
ORD-00399,PharmaFleet,48,17.65,Delivered,0.00,0
ORD-00400,HealthDash,48,14.48,Delivered,0.00,0
ORD-00401,HealthDash,48,11.36,Delivered,0.00,0
ORD-00402,MedExpress,48,45.55,Delivered,0.00,0
ORD-00403,MedExpress,24,12.79,Delivered,0.00,0
ORD-00405,MedExpress,24,21.48,Delivered,0.00,0
ORD-00406,QuickMeds Logistics,48,28.49,Delivered,0.00,0
ORD-00407,HealthDash,72,61.80,Delivered,0.00,0
ORD-00408,HealthDash,72,34.27,Delivered,0.00,0
ORD-00409,LocalCare Couriers,48,31.51,Delivered,0.00,0
ORD-00410,QuickMeds Logistics,24,,Delivered,0.00,0
ORD-00411,HealthDash,48,45.18,Delivered,0.00,0
ORD-00412,HealthDash,48,16.14,Delivered,0.00,0
ORD-00413,HealthDash,48,34.72,Delivered,0.00,0
ORD-00414,HealthDash,48,42.46,Delivered,0.00,0
ORD-00415,HealthDash,24,14.95,Delivered,0.00,0
ORD-00416,HealthDash,72,29.52,Delivered,0.00,0
ORD-00417,MedExpress,24,21.01,Delivered,0.00,0
ORD-00418,QuickMeds Logistics,24,14.83,Delivered,0.00,0
ORD-00419,HealthDash,24,16.04,Delivered,0.00,0
ORD-00420,QuickMeds Logistics,24,10.42,Delivered,0.00,0
ORD-00421,QuickMeds Logistics,24,20.91,Delivered,0.00,0
ORD-00422,LocalCare Couriers,24,17.64,Delivered,0.00,0
ORD-00423,MedExpress,24,17.56,Delivered,0.00,0
ORD-00424,LocalCare Couriers,24,121.60,Delivered,0.00,0
ORD-00425,PharmaFleet,48,30.34,Delivered,0.00,0
ORD-00427,HealthDash,48,42.15,Delivered,0.00,0
ORD-00428,HealthDash,72,22.87,Delivered,0.00,0
ORD-00429,MedExpress,24,17.49,Delivered,0.00,0
ORD-00430,HealthDash,48,33.44,Delivered,0.00,0
ORD-00431,PharmaFleet,48,83.72,Delivered,161.17,1
ORD-00432,MedExpress,24,22.30,Delivered,0.00,0
ORD-00433,LocalCare Couriers,24,23.03,Delivered,0.00,0
ORD-00434,MedExpress,48,40.33,Delivered,0.00,0
ORD-00435,MedExpress,48,15.08,Delivered,0.00,0
ORD-00436,QuickMeds Logistics,24,30.31,Delivered,0.00,0
ORD-00437,HealthDash,24,12.20,Delivered,0.00,0
ORD-00438,QuickMeds Logistics,72,59.67,Delivered,0.00,0
ORD-00439,QuickMeds Logistics,72,53.98,Delivered,0.00,0
ORD-00440,HealthDash,48,52.92,Delivered,0.00,0
ORD-00441,HealthDash,72,92.19,Delivered,2341.26,1
ORD-00442,MedExpress,48,21.80,Delivered,0.00,0
ORD-00443,QuickMeds Logistics,24,8.75,Delivered,0.00,0
ORD-00444,HealthDash,24,22.33,Delivered,0.00,0
ORD-00447,MedExpress,24,6.49,Delivered,0.00,0
ORD-00448,MedExpress,24,12.64,Delivered,0.00,0
ORD-00449,LocalCare Couriers,48,32.73,Delivered,0.00,0
ORD-00450,QuickMeds Logistics,48,21.93,Delivered,0.00,0
ORD-00451,QuickMeds Logistics,24,10.61,Delivered,0.00,0
ORD-00452,QuickMeds Logistics,24,11.45,Delivered,0.00,0
ORD-00453,MedExpress,48,18.18,Delivered,0.00,0
ORD-00454,QuickMeds Logistics,24,25.38,Delivered,417.70,1
ORD-00455,QuickMeds Logistics,24,18.81,Delivered,0.00,0
ORD-00456,MedExpress,24,35.25,Delivered,0.00,0
ORD-00457,QuickMeds Logistics,24,13.01,Delivered,0.00,0
ORD-00458,HealthDash,48,45.69,Delivered,0.00,0
ORD-00459,MedExpress,48,32.59,Delivered,0.00,0
ORD-00460,HealthDash,72,31.59,Delivered,0.00,0
ORD-00461,QuickMeds Logistics,24,26.41,Delivered,0.00,0
ORD-00462,QuickMeds Logistics,48,12.20,Delivered,0.00,0
ORD-00463,HealthDash,48,11.54,Delivered,0.00,0
ORD-00464,MedExpress,48,14.46,Delivered,0.00,0
ORD-00465,PharmaFleet,48,33.90,Delivered,0.00,0
ORD-00466,HealthDash,48,28.91,Delivered,0.00,0
ORD-00467,PharmaFleet,72,22.41,Delivered,0.00,0
ORD-00468,MedExpress,24,16.77,Delivered,0.00,0
ORD-00469,MedExpress,24,15.20,Delivered,0.00,0
ORD-00470,PharmaFleet,24,25.34,Delivered,201.13,1
ORD-00471,LocalCare Couriers,24,42.26,Delivered,0.00,0
ORD-00472,LocalCare Couriers,24,22.03,Delivered,0.00,0
ORD-00473,PharmaFleet,72,40.19,Delivered,0.00,0
ORD-00474,HealthDash,24,23.33,Delivered,0.00,0
ORD-00475,MedExpress,24,12.89,Delivered,0.00,0
ORD-00476,PharmaFleet,48,11.07,Delivered,0.00,0
ORD-00477,HealthDash,24,14.97,Delivered,0.00,0
ORD-00478,LocalCare Couriers,24,20.20,Delivered,0.00,0
ORD-00479,QuickMeds Logistics,24,12.87,Delivered,0.00,0
ORD-00480,QuickMeds Logistics,48,,Returned,936.57,1
ORD-00481,MedExpress,24,14.49,Delivered,0.00,0
ORD-00482,MedExpress,48,14.08,Delivered,0.00,0
ORD-00483,HealthDash,24,26.30,Delivered,0.00,0
ORD-00484,LocalCare Couriers,72,73.07,Delivered,0.00,0
ORD-00485,LocalCare Couriers,24,4.98,Delivered,0.00,0
ORD-00486,QuickMeds Logistics,48,13.15,Delivered,0.00,0
ORD-00487,MedExpress,48,6.44,Delivered,0.00,0
ORD-00488,QuickMeds Logistics,24,15.59,Delivered,0.00,0
ORD-00489,MedExpress,24,12.71,Delivered,0.00,0
ORD-00490,LocalCare Couriers,48,25.39,Delivered,0.00,0
ORD-00491,MedExpress,24,19.32,Delivered,0.00,0
ORD-00492,MedExpress,48,26.80,Delivered,0.00,0
ORD-00493,MedExpress,24,-6.50,Delivered,0.00,0
ORD-00494,QuickMeds Logistics,48,15.87,Delivered,0.00,0
ORD-00495,QuickMeds Logistics,48,15.49,Delivered,0.00,0
ORD-00496,PharmaFleet,48,17.79,Delivered,0.00,0
ORD-00497,HealthDash,24,28.56,Delivered,0.00,0
ORD-00498,QuickMeds Logistics,48,22.90,Delivered,0.00,0
ORD-00499,LocalCare Couriers,48,102.11,Delivered,0.00,0
ORD-00500,PharmaFleet,48,12.57,Delivered,0.00,0
ORD-00501,HealthDash,48,8.10,Delivered,0.00,0
ORD-00502,QuickMeds Logistics,72,23.60,Delivered,0.00,0
ORD-00504,MedExpress,48,16.83,Delivered,0.00,0
ORD-00505,MedExpress,48,,Returned,1398.54,1
ORD-00506,PharmaFleet,72,48.53,Delivered,0.00,0
ORD-00507,QuickMeds Logistics,24,15.98,Delivered,0.00,0
ORD-00508,MedExpress,72,39.96,Delivered,0.00,0
ORD-00509,QuickMeds Logistics,48,12.73,Delivered,0.00,0
ORD-00510,QuickMeds Logistics,48,24.80,Delivered,0.00,0
ORD-00511,MedExpress,24,32.29,Delivered,315.11,1
ORD-00513,MedExpress,24,8.46,Delivered,0.00,0
ORD-00514,MedExpress,48,12.73,Delivered,0.00,0
ORD-00515,HealthDash,72,16.15,Delivered,0.00,0
ORD-00516,QuickMeds Logistics,48,21.91,Delivered,208.21,1
ORD-00517,HealthDash,48,23.86,Delivered,0.00,0
ORD-00518,QuickMeds Logistics,48,15.29,Delivered,0.00,0
ORD-00519,HealthDash,48,13.46,Delivered,0.00,0
ORD-00520,MedExpress,24,20.63,Delivered,0.00,0
ORD-00521,QuickMeds Logistics,24,16.25,Delivered,0.00,0
ORD-00522,PharmaFleet,48,59.93,Delivered,0.00,0
ORD-00523,HealthDash,48,16.69,Delivered,0.00,0
ORD-00525,LocalCare Couriers,24,22.41,Delivered,0.00,0
ORD-00526,MedExpress,48,30.34,Delivered,0.00,0
ORD-00527,MedExpress,24,12.35,Delivered,0.00,0
ORD-00528,MedExpress,72,24.36,Delivered,0.00,0
ORD-00529,QuickMeds Logistics,24,21.03,Delivered,0.00,0
ORD-00530,MedExpress,48,10.87,Delivered,0.00,0
ORD-00531,PharmaFleet,48,57.89,Delivered,217.72,1
ORD-00532,HealthDash,48,13.26,Delivered,0.00,0
ORD-00533,MedExpress,48,11.01,Delivered,0.00,0
ORD-00534,MedExpress,48,17.25,Delivered,0.00,0
ORD-00535,LocalCare Couriers,72,23.82,Delivered,0.00,0
ORD-00536,LocalCare Couriers,48,20.50,Delivered,0.00,0
ORD-00537,LocalCare Couriers,48,73.89,Delivered,817.52,1
ORD-00539,PharmaFleet,48,28.47,Delivered,0.00,0
ORD-00540,HealthDash,48,14.30,Delivered,0.00,0
ORD-00541,LocalCare Couriers,48,32.83,Delivered,0.00,0
ORD-00542,QuickMeds Logistics,48,28.69,Delivered,0.00,0
ORD-00543,MedExpress,24,16.85,Delivered,0.00,0
ORD-00544,PharmaFleet,48,23.22,Delivered,0.00,0
ORD-00545,LocalCare Couriers,48,9.23,Delivered,0.00,0
ORD-00546,LocalCare Couriers,48,29.47,Delivered,0.00,0
ORD-00547,HealthDash,48,7.22,Delivered,0.00,0
ORD-00548,PharmaFleet,24,24.08,Delivered,0.00,0
ORD-00549,PharmaFleet,48,29.08,Delivered,0.00,0
ORD-00550,QuickMeds Logistics,24,10.94,Delivered,0.00,0
ORD-00551,LocalCare Couriers,72,42.61,Delivered,0.00,0
ORD-00552,QuickMeds Logistics,48,11.27,Delivered,0.00,0
ORD-00553,HealthDash,48,33.13,Delivered,689.15,1
ORD-00554,QuickMeds Logistics,24,9.67,Delivered,0.00,0
ORD-00555,QuickMeds Logistics,24,16.14,Delivered,0.00,0
ORD-00556,MedExpress,24,8.40,Delivered,0.00,0
ORD-00557,MedExpress,24,14.70,Delivered,0.00,0
ORD-00558,HealthDash,48,57.22,Delivered,0.00,0
ORD-00559,MedExpress,48,9.53,Delivered,0.00,0
ORD-00560,LocalCare Couriers,48,64.08,Delivered,0.00,0
ORD-00561,PharmaFleet,72,99.90,Delivered,0.00,0
ORD-00562,QuickMeds Logistics,48,16.30,Delivered,0.00,0
ORD-00563,MedExpress,48,12.04,Delivered,0.00,0
ORD-00564,LocalCare Couriers,72,49.04,Delivered,0.00,0
ORD-00565,MedExpress,24,10.77,Delivered,0.00,0
ORD-00566,LocalCare Couriers,48,79.93,Delivered,0.00,0
ORD-00567,QuickMeds Logistics,24,24.10,Delivered,0.00,0
ORD-00568,LocalCare Couriers,24,40.15,Delivered,0.00,0
ORD-00569,MedExpress,72,66.64,Delivered,0.00,0
ORD-00570,MedExpress,24,24.19,Delivered,0.00,0
ORD-00571,QuickMeds Logistics,48,14.08,Delivered,0.00,0
ORD-00572,HealthDash,48,21.33,Delivered,0.00,0
ORD-00574,LocalCare Couriers,48,105.11,Delivered,0.00,0
ORD-00575,PharmaFleet,48,30.47,Delivered,0.00,0
ORD-00576,HealthDash,24,16.07,Delivered,0.00,0
ORD-00577,QuickMeds Logistics,48,23.92,Delivered,0.00,0
ORD-00578,PharmaFleet,24,11.32,Delivered,0.00,0
ORD-00579,PharmaFleet,48,24.95,Delivered,0.00,0
ORD-00580,QuickMeds Logistics,72,23.30,Delivered,0.00,0
ORD-00581,PharmaFleet,72,29.20,Delivered,0.00,0
ORD-00582,MedExpress,48,22.62,Delivered,0.00,0
ORD-00583,QuickMeds Logistics,24,15.59,Delivered,0.00,0
ORD-00584,PharmaFleet,48,38.01,Delivered,0.00,0
ORD-00585,LocalCare Couriers,48,47.50,Delivered,358.27,1
ORD-00586,QuickMeds Logistics,24,17.19,Delivered,0.00,0
ORD-00587,HealthDash,72,29.87,Delivered,0.00,0
ORD-00588,HealthDash,48,,Returned,416.01,1
ORD-00589,MedExpress,48,27.14,Delivered,0.00,0
ORD-00590,QuickMeds Logistics,48,50.11,Delivered,0.00,0
ORD-00591,LocalCare Couriers,48,22.96,Delivered,0.00,0
ORD-00592,MedExpress,24,11.99,Delivered,0.00,0
ORD-00593,MedExpress,24,31.31,Delivered,0.00,0
ORD-00594,HealthDash,48,26.66,Delivered,0.00,0
ORD-00595,PharmaFleet,48,19.57,Delivered,0.00,0
ORD-00596,MedExpress,48,12.79,Delivered,0.00,0
ORD-00597,QuickMeds Logistics,24,30.24,Delivered,205.24,1
ORD-00598,PharmaFleet,72,43.85,Delivered,0.00,0
ORD-00599,MedExpress,24,11.74,Delivered,344.32,0
ORD-00600,MedExpress,24,10.65,Delivered,0.00,0
ORD-00601,QuickMeds Logistics,24,13.03,Delivered,0.00,0
ORD-00602,MedExpress,24,24.08,Delivered,0.00,0
ORD-00604,LocalCare Couriers,72,36.58,Delivered,0.00,0
ORD-00605,HealthDash,24,16.47,Delivered,0.00,0
ORD-00606,MedExpress,24,16.77,Delivered,0.00,0
ORD-00607,HealthDash,72,21.68,Delivered,0.00,0
ORD-00608,HealthDash,72,24.13,Delivered,0.00,0
ORD-00610,HealthDash,24,19.07,Delivered,0.00,0
ORD-00611,QuickMeds Logistics,24,17.59,Delivered,0.00,0
ORD-00612,QuickMeds Logistics,72,24.10,Delivered,0.00,0
ORD-00613,QuickMeds Logistics,48,19.14,Delivered,0.00,0
ORD-00614,HealthDash,24,19.81,Delivered,0.00,0
ORD-00615,QuickMeds Logistics,24,7.95,Delivered,0.00,0
ORD-00616,MedExpress,48,39.75,Delivered,0.00,0
ORD-00617,MedExpress,48,11.87,Delivered,0.00,0
ORD-00618,LocalCare Couriers,48,70.23,Delivered,0.00,0
ORD-00619,LocalCare Couriers,72,154.34,Delivered,0.00,0
ORD-00620,QuickMeds Logistics,48,17.83,Delivered,0.00,0
ORD-00621,QuickMeds Logistics,24,12.65,Delivered,291.96,1
ORD-00622,QuickMeds Logistics,72,64.24,Delivered,811.12,1
ORD-00623,MedExpress,24,11.48,Delivered,0.00,0
ORD-00626,HealthDash,48,52.42,Delivered,1090.45,1
ORD-00627,QuickMeds Logistics,24,13.23,Delivered,0.00,0
ORD-00628,MedExpress,48,14.44,Delivered,0.00,0
ORD-00629,HealthDash,72,-2.00,Delivered,0.00,0
ORD-00630,MedExpress,24,15.83,Delivered,0.00,0
ORD-00631,MedExpress,48,26.94,Delivered,0.00,0
ORD-00632,HealthDash,48,32.24,Delivered,0.00,0
ORD-00633,PharmaFleet,72,44.92,Delivered,0.00,0
ORD-00635,MedExpress,24,4.44,Delivered,0.00,0
ORD-00636,PharmaFleet,72,70.30,Delivered,0.00,0
ORD-00637,QuickMeds Logistics,24,20.86,Delivered,0.00,0
ORD-00638,MedExpress,48,14.83,Delivered,0.00,0
ORD-00639,QuickMeds Logistics,48,24.40,Delivered,0.00,0
ORD-00640,MedExpress,48,15.32,Delivered,0.00,0
ORD-00641,MedExpress,72,28.11,Delivered,0.00,0
ORD-00643,PharmaFleet,48,48.53,Delivered,0.00,0
ORD-00644,LocalCare Couriers,48,26.57,Delivered,0.00,0
ORD-00645,PharmaFleet,48,59.94,Delivered,0.00,0
ORD-00646,HealthDash,48,16.43,Delivered,0.00,0
ORD-00647,PharmaFleet,24,16.81,Delivered,0.00,0
ORD-00648,QuickMeds Logistics,48,12.55,Delivered,0.00,0
ORD-00649,MedExpress,24,11.01,Delivered,0.00,0
ORD-00650,MedExpress,72,25.49,Delivered,0.00,0
ORD-00651,QuickMeds Logistics,24,20.84,Delivered,0.00,0
ORD-00652,QuickMeds Logistics,48,12.92,Delivered,0.00,0
ORD-00653,HealthDash,48,12.31,Delivered,0.00,0
ORD-00654,PharmaFleet,48,34.80,Delivered,0.00,0
ORD-00655,PharmaFleet,48,37.65,Delivered,0.00,0
ORD-00656,MedExpress,24,18.74,Delivered,0.00,0
ORD-00657,MedExpress,24,12.39,Delivered,184.90,1
ORD-00659,HealthDash,24,12.68,Delivered,0.00,0
ORD-00660,MedExpress,48,10.27,Delivered,0.00,0
ORD-00661,PharmaFleet,48,12.29,Delivered,0.00,0
ORD-00662,HealthDash,48,12.54,Delivered,0.00,0
ORD-00663,PharmaFleet,24,,Returned,576.58,1
ORD-00664,HealthDash,48,31.24,Delivered,0.00,0
ORD-00665,MedExpress,48,9.96,Delivered,0.00,0
ORD-00666,LocalCare Couriers,72,11.25,Delivered,0.00,0
ORD-00667,MedExpress,24,17.05,Delivered,0.00,0
ORD-00668,QuickMeds Logistics,48,23.57,Delivered,0.00,0
ORD-00669,QuickMeds Logistics,48,23.08,Delivered,0.00,0
ORD-00670,PharmaFleet,24,27.16,Delivered,0.00,0
ORD-00671,QuickMeds Logistics,24,25.09,Delivered,0.00,0
ORD-00672,QuickMeds Logistics,24,19.21,Delivered,0.00,0
ORD-00673,MedExpress,48,19.45,Delivered,0.00,0
ORD-00674,HealthDash,24,14.82,Delivered,0.00,0
ORD-00675,LocalCare Couriers,72,41.78,Delivered,0.00,0
ORD-00676,QuickMeds Logistics,48,37.45,Delivered,0.00,0
ORD-00677,QuickMeds Logistics,24,31.83,Delivered,0.00,0
ORD-00679,MedExpress,24,14.92,Delivered,0.00,0
ORD-00680,HealthDash,24,,Delivered,0.00,0
ORD-00681,HealthDash,48,11.24,Delivered,0.00,0
ORD-00682,PharmaFleet,24,39.07,Delivered,0.00,0
ORD-00683,MedExpress,24,20.10,Delivered,0.00,0
ORD-00684,MedExpress,48,16.09,Delivered,0.00,0
ORD-00687,HealthDash,48,14.99,Delivered,0.00,0
ORD-00688,HealthDash,24,19.00,Delivered,0.00,0
ORD-00689,MedExpress,24,24.43,Delivered,0.00,0
ORD-00690,MedExpress,24,17.01,Delivered,0.00,0
ORD-00691,HealthDash,24,65.57,Delivered,730.06,1
ORD-00692,HealthDash,72,50.42,Delivered,0.00,0
ORD-00693,QuickMeds Logistics,48,11.58,Delivered,0.00,0
ORD-00694,LocalCare Couriers,48,34.16,Delivered,0.00,0
ORD-00695,QuickMeds Logistics,48,24.73,Delivered,0.00,0
ORD-00696,QuickMeds Logistics,24,23.93,Delivered,0.00,0
ORD-00697,MedExpress,48,24.12,Delivered,0.00,0
ORD-00698,HealthDash,48,41.00,Delivered,0.00,0
ORD-00699,HealthDash,72,30.43,Delivered,0.00,0
ORD-00700,MedExpress,24,16.70,Delivered,0.00,0
ORD-00701,QuickMeds Logistics,48,58.70,Delivered,0.00,0
ORD-00702,HealthDash,48,38.16,Delivered,0.00,0
ORD-00703,MedExpress,72,18.61,Delivered,0.00,0
ORD-00704,HealthDash,48,25.58,Delivered,0.00,0
ORD-00706,QuickMeds Logistics,48,10.26,Delivered,0.00,0
ORD-00707,LocalCare Couriers,48,30.99,Delivered,0.00,0
ORD-00708,QuickMeds Logistics,48,18.87,Delivered,0.00,0
ORD-00709,MedExpress,24,11.16,Delivered,0.00,0
ORD-00711,MedExpress,24,7.94,Delivered,0.00,0
ORD-00712,LocalCare Couriers,48,21.47,Delivered,0.00,0
ORD-00713,PharmaFleet,72,25.12,Delivered,0.00,0
ORD-00714,PharmaFleet,72,49.82,Delivered,0.00,0
ORD-00715,HealthDash,24,18.24,Delivered,0.00,0
ORD-00716,PharmaFleet,24,8.22,Delivered,0.00,0
ORD-00717,LocalCare Couriers,48,132.76,Delivered,419.36,1
ORD-00718,MedExpress,48,25.00,Delivered,0.00,0
ORD-00719,PharmaFleet,24,10.72,Delivered,0.00,0
ORD-00720,HealthDash,48,24.51,Delivered,0.00,0
ORD-00721,HealthDash,72,33.03,Delivered,0.00,0
ORD-00722,PharmaFleet,24,14.38,Delivered,0.00,0
ORD-00723,LocalCare Couriers,72,58.37,Delivered,0.00,0
ORD-00724,QuickMeds Logistics,48,26.20,Delivered,0.00,0
ORD-00725,QuickMeds Logistics,48,15.90,Delivered,0.00,0
ORD-00726,PharmaFleet,48,46.18,Delivered,0.00,0
ORD-00727,MedExpress,72,29.99,Delivered,0.00,0
ORD-00728,QuickMeds Logistics,24,20.56,Delivered,0.00,0
ORD-00729,HealthDash,24,14.80,Delivered,0.00,0
ORD-00730,MedExpress,24,16.23,Delivered,0.00,0
ORD-00731,PharmaFleet,48,29.52,Delivered,0.00,0
ORD-00732,QuickMeds Logistics,48,11.50,Delivered,0.00,0
ORD-00733,QuickMeds Logistics,24,12.62,Delivered,0.00,0
ORD-00734,QuickMeds Logistics,48,13.61,Delivered,0.00,0
ORD-00735,HealthDash,48,30.42,Delivered,0.00,0
ORD-00736,PharmaFleet,24,30.54,Delivered,0.00,0
ORD-00737,PharmaFleet,24,6.74,Delivered,0.00,0
ORD-00738,QuickMeds Logistics,24,35.93,Delivered,0.00,0
ORD-00739,HealthDash,48,26.52,Delivered,0.00,0
ORD-00740,QuickMeds Logistics,24,27.69,Delivered,0.00,0
ORD-00741,QuickMeds Logistics,24,13.30,Delivered,0.00,0
ORD-00742,PharmaFleet,48,18.90,Delivered,0.00,0
ORD-00743,PharmaFleet,24,10.81,Delivered,0.00,0
ORD-00744,MedExpress,24,26.03,Delivered,0.00,0
ORD-00745,HealthDash,72,15.15,Delivered,0.00,0
ORD-00746,PharmaFleet,48,10.40,Delivered,0.00,0
ORD-00747,MedExpress,24,11.85,Delivered,0.00,0
ORD-00748,QuickMeds Logistics,72,19.14,Delivered,0.00,0
ORD-00749,PharmaFleet,48,28.25,Delivered,0.00,0
ORD-00750,HealthDash,24,24.25,Delivered,0.00,0
ORD-00751,QuickMeds Logistics,72,51.17,Delivered,0.00,0
ORD-00752,QuickMeds Logistics,24,16.71,Delivered,0.00,0
ORD-00753,MedExpress,24,15.86,Delivered,0.00,0
ORD-00754,QuickMeds Logistics,48,74.29,Delivered,195.55,1
ORD-00755,MedExpress,24,10.24,Delivered,0.00,0
ORD-00756,MedExpress,48,21.73,Delivered,0.00,1
ORD-00757,PharmaFleet,48,33.33,Delivered,0.00,0
ORD-00758,HealthDash,24,17.93,Delivered,0.00,0
ORD-00759,MedExpress,24,17.52,Delivered,0.00,0
ORD-00760,QuickMeds Logistics,24,20.60,Delivered,0.00,0
ORD-00761,QuickMeds Logistics,48,12.94,Delivered,0.00,0
ORD-00763,HealthDash,48,9.37,Delivered,0.00,0
ORD-00764,QuickMeds Logistics,24,23.63,Delivered,0.00,0
ORD-00766,PharmaFleet,24,14.09,Delivered,0.00,0
ORD-00767,HealthDash,24,10.86,Delivered,0.00,0
ORD-00768,MedExpress,24,10.80,Delivered,0.00,0
ORD-00769,QuickMeds Logistics,48,22.99,Delivered,0.00,0
ORD-00770,QuickMeds Logistics,24,13.40,Delivered,0.00,0
ORD-00771,PharmaFleet,48,14.38,Delivered,0.00,0
ORD-00772,MedExpress,48,20.88,Delivered,0.00,0
ORD-00773,PharmaFleet,72,34.76,Delivered,0.00,0
ORD-00774,QuickMeds Logistics,48,12.38,Delivered,0.00,0
ORD-00775,HealthDash,24,22.64,Delivered,0.00,0
ORD-00776,LocalCare Couriers,48,44.91,Delivered,0.00,0
ORD-00777,QuickMeds Logistics,48,16.36,Delivered,0.00,0
ORD-00778,MedExpress,48,16.93,Delivered,0.00,0
ORD-00779,QuickMeds Logistics,24,14.77,Delivered,0.00,0
ORD-00780,PharmaFleet,48,65.16,Delivered,0.00,0
ORD-00781,MedExpress,24,9.45,Delivered,0.00,0
ORD-00782,PharmaFleet,48,79.03,Delivered,0.00,0
ORD-00783,HealthDash,24,11.16,Delivered,0.00,0
ORD-00784,PharmaFleet,24,11.19,Delivered,0.00,0
ORD-00785,HealthDash,72,22.75,Delivered,0.00,0
ORD-00786,PharmaFleet,48,32.90,Delivered,0.00,0
ORD-00787,HealthDash,48,21.65,Delivered,0.00,0
ORD-00789,LocalCare Couriers,48,26.58,Delivered,0.00,0
ORD-00790,PharmaFleet,48,36.77,Delivered,0.00,0
ORD-00791,QuickMeds Logistics,48,12.40,Delivered,0.00,0
ORD-00792,MedExpress,24,6.79,Delivered,0.00,0
ORD-00793,QuickMeds Logistics,24,13.62,Delivered,0.00,0
ORD-00794,MedExpress,48,31.81,Delivered,0.00,0
ORD-00795,HealthDash,48,12.02,Delivered,0.00,0
ORD-00796,MedExpress,24,9.40,Delivered,0.00,0
ORD-00797,QuickMeds Logistics,48,12.97,Delivered,0.00,0
ORD-00798,MedExpress,48,30.18,Delivered,0.00,0
ORD-00799,MedExpress,24,13.53,Delivered,0.00,0
ORD-00800,HealthDash,48,12.26,Delivered,0.00,0
ORD-00801,LocalCare Couriers,24,28.25,Delivered,412.08,1
ORD-00802,HealthDash,24,21.88,Delivered,0.00,0
ORD-00803,MedExpress,24,16.71,Delivered,0.00,0
ORD-00804,MedExpress,48,18.34,Delivered,0.00,0
ORD-00805,HealthDash,48,18.74,Delivered,0.00,0
ORD-00806,QuickMeds Logistics,24,12.05,Delivered,0.00,0
ORD-00807,HealthDash,48,31.21,Delivered,0.00,0
ORD-00808,PharmaFleet,24,25.71,Delivered,0.00,0
ORD-00809,QuickMeds Logistics,48,48.87,Delivered,0.00,0
ORD-00810,HealthDash,48,22.91,Delivered,0.00,0
ORD-00811,MedExpress,24,20.64,Delivered,0.00,0
ORD-00812,HealthDash,48,23.78,Delivered,0.00,0
ORD-00813,HealthDash,72,25.08,Delivered,0.00,0
ORD-00814,QuickMeds Logistics,72,46.91,Delivered,0.00,0
ORD-00815,HealthDash,72,21.22,Delivered,0.00,0
ORD-00816,LocalCare Couriers,48,112.26,Delivered,0.00,0
ORD-00817,MedExpress,24,20.54,Delivered,0.00,0
ORD-00818,QuickMeds Logistics,24,13.16,Delivered,0.00,0
ORD-00819,LocalCare Couriers,48,21.65,Delivered,0.00,0
ORD-00820,PharmaFleet,24,26.36,Delivered,0.00,0
ORD-00821,PharmaFleet,72,36.42,Delivered,0.00,0
ORD-00823,MedExpress,48,23.44,Delivered,0.00,0
ORD-00824,HealthDash,24,14.39,Delivered,0.00,0
ORD-00825,QuickMeds Logistics,24,8.02,Delivered,0.00,0
ORD-00827,QuickMeds Logistics,48,29.81,Delivered,0.00,0
ORD-00828,MedExpress,24,17.72,Delivered,0.00,0
ORD-00829,PharmaFleet,48,69.93,Delivered,0.00,0
ORD-00830,MedExpress,48,31.40,Delivered,0.00,0
ORD-00831,PharmaFleet,24,16.12,Delivered,0.00,0
ORD-00832,PharmaFleet,48,20.54,Delivered,0.00,0
ORD-00833,PharmaFleet,48,27.84,Delivered,0.00,0
ORD-00834,QuickMeds Logistics,48,12.40,Delivered,0.00,0
ORD-00835,PharmaFleet,72,26.21,Delivered,0.00,0
ORD-00836,MedExpress,24,16.82,Delivered,0.00,0
ORD-00837,PharmaFleet,24,17.93,Delivered,0.00,0
ORD-00838,MedExpress,48,13.33,Delivered,0.00,0
ORD-00839,LocalCare Couriers,48,84.80,Delivered,0.00,0
ORD-00840,QuickMeds Logistics,48,11.62,Delivered,0.00,0
ORD-00841,LocalCare Couriers,24,12.94,Delivered,0.00,0
ORD-00842,PharmaFleet,48,27.42,Delivered,0.00,0
ORD-00843,HealthDash,48,15.52,Delivered,0.00,0
ORD-00844,QuickMeds Logistics,24,15.88,Delivered,0.00,0
ORD-00845,MedExpress,48,52.97,Delivered,0.00,0
ORD-00846,HealthDash,24,13.48,Delivered,0.00,0
ORD-00847,PharmaFleet,72,30.81,Delivered,0.00,0
ORD-00848,PharmaFleet,72,53.43,Delivered,0.00,0
ORD-00849,PharmaFleet,72,40.20,Delivered,0.00,0
ORD-00850,LocalCare Couriers,48,12.08,Delivered,0.00,0
ORD-00851,MedExpress,24,28.70,Delivered,901.78,1
ORD-00852,MedExpress,48,14.31,Delivered,0.00,0
ORD-00853,QuickMeds Logistics,24,15.09,Delivered,0.00,0
ORD-00854,LocalCare Couriers,72,59.41,Delivered,0.00,0
ORD-00855,QuickMeds Logistics,24,39.67,Delivered,0.00,0
ORD-00856,MedExpress,48,12.77,Delivered,0.00,0
ORD-00857,HealthDash,48,12.97,Delivered,0.00,0
ORD-00858,QuickMeds Logistics,48,23.66,Delivered,1658.50,1
ORD-00859,LocalCare Couriers,24,90.13,Delivered,0.00,0
ORD-00860,MedExpress,24,16.96,Delivered,0.00,0
ORD-00861,PharmaFleet,48,19.65,Delivered,0.00,0
ORD-00862,LocalCare Couriers,48,30.61,Delivered,0.00,0
ORD-00863,QuickMeds Logistics,48,7.85,Delivered,0.00,0
ORD-00864,MedExpress,24,11.28,Delivered,0.00,0
ORD-00865,PharmaFleet,48,10.31,Delivered,0.00,0
ORD-00866,QuickMeds Logistics,24,12.54,Delivered,0.00,0
ORD-00867,QuickMeds Logistics,24,12.69,Delivered,0.00,0
ORD-00868,MedExpress,48,5.76,Delivered,0.00,0
ORD-00869,HealthDash,72,39.66,Delivered,0.00,0
ORD-00870,QuickMeds Logistics,24,19.35,Delivered,0.00,0
ORD-00871,MedExpress,72,29.50,Delivered,0.00,0
ORD-00872,QuickMeds Logistics,24,8.43,Delivered,0.00,0
ORD-00873,PharmaFleet,48,81.23,Delivered,543.16,1
ORD-00874,HealthDash,48,49.56,Delivered,493.69,1
ORD-00875,LocalCare Couriers,48,37.52,Delivered,0.00,0
ORD-00876,HealthDash,48,18.40,Delivered,0.00,0
ORD-00877,MedExpress,48,13.64,Delivered,0.00,0
ORD-00878,HealthDash,48,40.61,Delivered,0.00,0
ORD-00879,QuickMeds Logistics,24,17.31,Delivered,0.00,0
ORD-00880,MedExpress,24,17.39,Delivered,0.00,0
ORD-00881,MedExpress,24,16.49,Delivered,0.00,0
ORD-00882,LocalCare Couriers,48,28.00,Delivered,0.00,0
ORD-00885,QuickMeds Logistics,24,11.80,Delivered,0.00,0
ORD-00886,LocalCare Couriers,48,37.69,Delivered,279.48,0
ORD-00887,MedExpress,24,18.76,Delivered,0.00,0
ORD-00888,MedExpress,24,10.36,Delivered,0.00,0
ORD-00889,MedExpress,48,14.45,Delivered,0.00,0
ORD-00890,PharmaFleet,72,40.42,Delivered,0.00,0
ORD-00891,MedExpress,48,13.54,Delivered,0.00,0
ORD-00892,PharmaFleet,24,45.52,Delivered,0.00,0
ORD-00893,QuickMeds Logistics,24,27.61,Delivered,0.00,0
ORD-00894,PharmaFleet,24,27.61,Delivered,115.26,1
ORD-00895,HealthDash,48,80.84,Delivered,0.00,0
ORD-00896,PharmaFleet,48,35.19,Delivered,0.00,0
ORD-00897,PharmaFleet,48,24.45,Delivered,0.00,0
ORD-00898,MedExpress,48,13.43,Delivered,0.00,0
ORD-00899,QuickMeds Logistics,24,13.68,Delivered,0.00,0
ORD-00900,HealthDash,48,39.52,Delivered,0.00,0
ORD-00902,QuickMeds Logistics,48,17.71,Delivered,0.00,0
ORD-00903,QuickMeds Logistics,24,8.85,Delivered,0.00,0
ORD-00904,LocalCare Couriers,72,35.91,Delivered,0.00,0
ORD-00905,HealthDash,72,56.38,Delivered,0.00,0
ORD-00906,MedExpress,24,5.71,Delivered,0.00,0
ORD-00908,MedExpress,48,24.04,Delivered,0.00,0
ORD-00909,HealthDash,24,24.22,Delivered,0.00,0
ORD-00910,HealthDash,48,15.94,Delivered,0.00,0
ORD-00911,QuickMeds Logistics,24,18.44,Delivered,0.00,0
ORD-00912,MedExpress,48,20.24,Delivered,0.00,0
ORD-00913,HealthDash,48,32.59,Delivered,0.00,0
ORD-00914,HealthDash,48,32.00,Delivered,0.00,0
ORD-00915,HealthDash,24,26.53,Delivered,0.00,0
ORD-00916,PharmaFleet,48,45.83,Delivered,0.00,0
ORD-00918,HealthDash,48,12.15,Delivered,0.00,0
ORD-00919,PharmaFleet,24,20.47,Delivered,0.00,0
ORD-00921,HealthDash,24,7.09,Delivered,0.00,0
ORD-00922,MedExpress,48,34.30,Delivered,0.00,0
ORD-00923,PharmaFleet,48,32.99,Delivered,0.00,0
ORD-00924,MedExpress,72,25.42,Delivered,0.00,0
ORD-00925,QuickMeds Logistics,48,20.84,Delivered,0.00,0
ORD-00926,QuickMeds Logistics,24,9.25,Delivered,0.00,0
ORD-00927,MedExpress,48,16.77,Delivered,0.00,0
ORD-00928,QuickMeds Logistics,24,13.25,Delivered,0.00,0
ORD-00929,PharmaFleet,48,19.67,Delivered,0.00,0
ORD-00930,HealthDash,48,21.25,Delivered,0.00,0
ORD-00931,HealthDash,24,45.25,Delivered,0.00,0
ORD-00932,LocalCare Couriers,72,58.42,Delivered,0.00,0
ORD-00934,MedExpress,24,24.34,Delivered,0.00,0
ORD-00935,HealthDash,48,36.01,Delivered,0.00,0
ORD-00937,MedExpress,24,23.17,Delivered,0.00,0
ORD-00938,HealthDash,72,13.39,Delivered,0.00,0
ORD-00939,QuickMeds Logistics,24,14.18,Delivered,0.00,0
ORD-00940,MedExpress,48,20.57,Delivered,0.00,0
ORD-00941,PharmaFleet,48,199.23,Delivered,88.75,1
ORD-00942,LocalCare Couriers,48,25.41,Delivered,0.00,0
ORD-00943,HealthDash,24,11.61,Delivered,0.00,0
ORD-00944,MedExpress,48,10.41,Delivered,0.00,0
ORD-00945,MedExpress,72,19.16,Delivered,0.00,0
ORD-00946,HealthDash,48,40.46,Delivered,0.00,0
ORD-00947,PharmaFleet,48,74.62,Delivered,0.00,0
ORD-00948,MedExpress,48,10.89,Delivered,0.00,0
ORD-00949,QuickMeds Logistics,24,27.68,Delivered,0.00,0
ORD-00950,MedExpress,24,13.60,Delivered,0.00,0
ORD-00951,MedExpress,24,13.65,Delivered,0.00,0
ORD-00952,QuickMeds Logistics,24,16.71,Delivered,984.68,1
ORD-00953,HealthDash,24,38.69,Delivered,818.05,1
ORD-00954,MedExpress,48,20.55,Delivered,0.00,0
ORD-00956,MedExpress,48,18.68,Delivered,0.00,0
ORD-00957,MedExpress,24,20.79,Delivered,0.00,0
ORD-00958,QuickMeds Logistics,48,20.20,Delivered,0.00,0
ORD-00959,MedExpress,24,12.81,Delivered,0.00,0
ORD-00960,PharmaFleet,24,35.89,Delivered,0.00,0
ORD-00961,PharmaFleet,24,7.80,Delivered,0.00,0
ORD-00962,HealthDash,24,-18.25,Delivered,0.00,0
ORD-00963,HealthDash,48,27.46,Delivered,0.00,0
ORD-00964,HealthDash,24,9.98,Delivered,0.00,0
ORD-00965,QuickMeds Logistics,48,13.09,Delivered,0.00,0
ORD-00966,HealthDash,24,29.87,Delivered,83.58,1
ORD-00968,HealthDash,72,59.69,Delivered,0.00,0
ORD-00969,QuickMeds Logistics,24,27.73,Delivered,402.82,1
ORD-00970,QuickMeds Logistics,24,12.48,Delivered,0.00,0
ORD-00971,PharmaFleet,48,25.96,Delivered,0.00,0
ORD-00972,PharmaFleet,24,26.85,Delivered,426.99,1
ORD-00973,QuickMeds Logistics,48,9.26,Delivered,0.00,0
ORD-00974,LocalCare Couriers,24,26.58,Delivered,448.96,1
ORD-00975,QuickMeds Logistics,48,17.71,Delivered,0.00,0
ORD-00976,QuickMeds Logistics,24,22.79,Delivered,0.00,0
ORD-00977,QuickMeds Logistics,24,13.33,Delivered,754.29,1
ORD-00979,PharmaFleet,48,41.94,Delivered,0.00,0
ORD-00980,LocalCare Couriers,48,,Returned,836.14,1
ORD-00981,HealthDash,72,79.52,Delivered,0.00,0
ORD-00982,HealthDash,48,28.26,Delivered,0.00,0
ORD-00983,QuickMeds Logistics,48,19.99,Delivered,0.00,0
ORD-00984,QuickMeds Logistics,48,10.50,Delivered,0.00,0
ORD-00985,QuickMeds Logistics,24,8.42,Delivered,0.00,0
ORD-00986,LocalCare Couriers,72,116.68,Delivered,0.00,0
ORD-00987,LocalCare Couriers,48,75.12,Delivered,0.00,0
ORD-00988,HealthDash,48,28.30,Delivered,0.00,0
ORD-00989,LocalCare Couriers,48,18.42,Delivered,0.00,0
ORD-00990,PharmaFleet,24,27.06,Delivered,0.00,0
ORD-00991,QuickMeds Logistics,48,9.13,Delivered,0.00,0
ORD-00993,MedExpress,48,24.49,Delivered,262.19,1
ORD-00994,QuickMeds Logistics,48,22.32,Delivered,0.00,0
ORD-00995,PharmaFleet,72,62.10,Delivered,0.00,0
ORD-00997,HealthDash,72,28.41,Delivered,0.00,0
ORD-00998,QuickMeds Logistics,48,34.69,Delivered,0.00,0
ORD-00999,QuickMeds Logistics,24,25.15,Delivered,0.00,0
ORD-01000,LocalCare Couriers,24,14.77,Delivered,0.00,0
ORD-01001,MedExpress,24,9.21,Delivered,0.00,0
ORD-01002,PharmaFleet,48,30.34,Delivered,0.00,0
ORD-01003,HealthDash,72,27.09,Delivered,0.00,0
ORD-01004,QuickMeds Logistics,24,12.09,Delivered,0.00,0
ORD-01006,MedExpress,48,,Returned,991.73,1
ORD-01007,HealthDash,24,26.08,Delivered,637.33,1
ORD-01008,LocalCare Couriers,24,37.77,Delivered,0.00,0
ORD-01009,HealthDash,24,19.18,Delivered,0.00,0
ORD-01010,HealthDash,48,9.30,Delivered,0.00,0
ORD-01011,MedExpress,24,20.95,Delivered,0.00,0
ORD-01012,MedExpress,24,9.97,Delivered,0.00,0
ORD-01013,QuickMeds Logistics,24,18.27,Delivered,0.00,0
ORD-01014,QuickMeds Logistics,24,14.82,Delivered,0.00,0
ORD-01015,HealthDash,24,52.74,Delivered,0.00,0
ORD-01016,PharmaFleet,48,131.11,Delivered,0.00,0
ORD-01018,LocalCare Couriers,48,33.10,Delivered,0.00,0
ORD-01019,MedExpress,48,18.10,Delivered,0.00,0
ORD-01020,QuickMeds Logistics,48,12.53,Delivered,0.00,0
ORD-01021,MedExpress,48,32.59,Delivered,0.00,0
ORD-01022,MedExpress,48,12.39,Delivered,0.00,0
ORD-01023,PharmaFleet,24,11.75,Delivered,324.93,1
ORD-01024,PharmaFleet,24,15.48,Delivered,0.00,0
ORD-01025,LocalCare Couriers,24,31.12,Delivered,0.00,0
ORD-01026,MedExpress,48,16.57,Delivered,0.00,0
ORD-01027,PharmaFleet,48,31.65,Delivered,0.00,0
ORD-01029,QuickMeds Logistics,24,15.64,Delivered,477.84,1
ORD-01031,MedExpress,24,15.97,Delivered,0.00,0
ORD-01032,LocalCare Couriers,48,26.97,Delivered,0.00,0
ORD-01033,HealthDash,24,24.47,Delivered,0.00,0
ORD-01034,LocalCare Couriers,48,16.17,Delivered,0.00,0
ORD-01035,LocalCare Couriers,24,26.56,Delivered,0.00,0
ORD-01036,PharmaFleet,48,34.73,Delivered,0.00,0
ORD-01037,QuickMeds Logistics,72,23.51,Delivered,0.00,0
ORD-01038,PharmaFleet,24,18.84,Delivered,0.00,0
ORD-01039,LocalCare Couriers,48,89.34,Delivered,0.00,0
ORD-01040,MedExpress,24,19.15,Delivered,0.00,0
ORD-01041,QuickMeds Logistics,24,15.37,Delivered,0.00,0
ORD-01042,QuickMeds Logistics,24,10.00,Delivered,0.00,0
ORD-01043,HealthDash,72,23.97,Delivered,0.00,0
ORD-01044,QuickMeds Logistics,48,12.55,Delivered,0.00,0
ORD-01045,LocalCare Couriers,24,25.38,Delivered,0.00,0
ORD-01046,MedExpress,24,19.90,Delivered,0.00,0
ORD-01047,PharmaFleet,24,15.05,Delivered,0.00,0
ORD-01048,HealthDash,48,51.33,Delivered,0.00,0
ORD-01049,MedExpress,24,16.45,Delivered,0.00,0
ORD-01050,HealthDash,24,5.77,Delivered,0.00,0
ORD-01052,MedExpress,48,14.88,Delivered,0.00,0
ORD-01053,MedExpress,48,38.48,Delivered,0.00,0
ORD-01054,QuickMeds Logistics,48,19.21,Delivered,0.00,0
ORD-01055,HealthDash,48,25.57,Delivered,0.00,0
ORD-01056,QuickMeds Logistics,24,15.33,Delivered,0.00,0
ORD-01057,LocalCare Couriers,24,22.15,Delivered,0.00,0
ORD-01058,HealthDash,48,18.42,Delivered,0.00,0
ORD-01059,MedExpress,72,32.63,Delivered,0.00,1
ORD-01060,MedExpress,24,14.73,Delivered,0.00,0
ORD-01061,QuickMeds Logistics,24,25.26,Delivered,0.00,0
ORD-01062,HealthDash,72,68.07,Delivered,0.00,0
ORD-01063,LocalCare Couriers,48,33.79,Delivered,0.00,0
ORD-01064,QuickMeds Logistics,24,9.66,Delivered,0.00,0
ORD-01065,MedExpress,24,9.29,Delivered,0.00,0
ORD-01067,PharmaFleet,48,51.92,Delivered,0.00,0
ORD-01068,MedExpress,24,17.45,Delivered,245.45,1
ORD-01070,MedExpress,48,16.51,Delivered,0.00,0
ORD-01071,PharmaFleet,24,27.72,Delivered,0.00,0
ORD-01072,LocalCare Couriers,24,16.23,Delivered,0.00,0
ORD-01073,LocalCare Couriers,48,13.08,Delivered,0.00,0
ORD-01074,HealthDash,72,29.66,Delivered,0.00,0
ORD-01075,MedExpress,48,28.45,Delivered,0.00,0
ORD-01076,PharmaFleet,24,24.03,Delivered,0.00,0
ORD-01077,MedExpress,24,16.14,Delivered,0.00,0
ORD-01078,QuickMeds Logistics,48,24.41,Delivered,0.00,0
ORD-01080,PharmaFleet,48,29.14,Delivered,0.00,0
ORD-01081,PharmaFleet,72,48.50,Delivered,0.00,0
ORD-01082,MedExpress,48,19.99,Delivered,379.15,1
ORD-01083,MedExpress,48,10.95,Delivered,0.00,0
ORD-01084,QuickMeds Logistics,72,41.13,Delivered,0.00,0
ORD-01085,MedExpress,72,48.21,Delivered,0.00,0
ORD-01086,LocalCare Couriers,72,36.48,Delivered,0.00,0
ORD-01088,QuickMeds Logistics,48,8.90,Delivered,0.00,0
ORD-01089,MedExpress,48,30.40,Delivered,0.00,0
ORD-01090,HealthDash,24,13.08,Delivered,0.00,0
ORD-01091,QuickMeds Logistics,48,17.05,Delivered,0.00,0
ORD-01092,PharmaFleet,24,14.76,Delivered,0.00,0
ORD-01094,MedExpress,48,14.85,Delivered,0.00,0
ORD-01095,HealthDash,24,31.52,Delivered,0.00,0
ORD-01096,MedExpress,48,13.98,Delivered,0.00,0
ORD-01097,MedExpress,48,11.41,Delivered,0.00,0
ORD-01098,QuickMeds Logistics,24,18.47,Delivered,0.00,0
ORD-01099,MedExpress,24,19.84,Delivered,675.16,1
ORD-01100,LocalCare Couriers,72,55.99,Delivered,0.00,0
ORD-01101,PharmaFleet,48,36.29,Delivered,0.00,0
ORD-01102,QuickMeds Logistics,48,12.75,Delivered,0.00,0
ORD-01103,LocalCare Couriers,72,39.85,Delivered,0.00,0
ORD-01104,HealthDash,48,15.38,Delivered,0.00,0
ORD-01105,MedExpress,48,30.84,Delivered,0.00,0
ORD-01107,MedExpress,24,17.89,Delivered,0.00,0
ORD-01108,MedExpress,72,27.25,Delivered,0.00,0
ORD-01109,MedExpress,24,18.69,Delivered,0.00,0
ORD-01110,QuickMeds Logistics,48,11.01,Delivered,0.00,0
ORD-01111,MedExpress,48,15.04,Delivered,0.00,0
ORD-01112,MedExpress,48,18.60,Delivered,0.00,0
ORD-01113,MedExpress,24,11.64,Delivered,0.00,0
ORD-01114,PharmaFleet,24,9.84,Delivered,0.00,0
ORD-01115,QuickMeds Logistics,48,9.02,Delivered,0.00,0
ORD-01116,PharmaFleet,72,46.86,Delivered,0.00,0
ORD-01117,MedExpress,24,28.29,Delivered,0.00,0
ORD-01118,HealthDash,72,25.09,Delivered,0.00,0
ORD-01119,PharmaFleet,48,53.55,Delivered,0.00,0
ORD-01120,QuickMeds Logistics,72,13.26,Delivered,0.00,0
ORD-01121,LocalCare Couriers,48,55.61,Delivered,0.00,0
ORD-01122,QuickMeds Logistics,24,13.57,Delivered,0.00,0
ORD-01125,PharmaFleet,48,18.67,Delivered,0.00,0
ORD-01126,MedExpress,48,16.27,Delivered,0.00,0
ORD-01128,MedExpress,48,10.59,Delivered,0.00,0
ORD-01129,HealthDash,48,164.35,Delivered,0.00,0
ORD-01130,HealthDash,72,28.99,Delivered,0.00,0
ORD-01131,LocalCare Couriers,24,33.66,Delivered,0.00,0
ORD-01132,PharmaFleet,48,47.71,Delivered,0.00,0
ORD-01133,QuickMeds Logistics,48,19.42,Delivered,0.00,0
ORD-01134,MedExpress,24,8.10,Delivered,0.00,0
ORD-01135,LocalCare Couriers,72,47.90,Delivered,0.00,0
ORD-01136,PharmaFleet,72,15.83,Delivered,0.00,0
ORD-01137,MedExpress,24,13.64,Delivered,0.00,0
ORD-01138,PharmaFleet,24,51.82,Delivered,0.00,0
ORD-01139,PharmaFleet,48,21.50,Delivered,0.00,0
ORD-01140,HealthDash,24,13.73,Delivered,0.00,0
ORD-01141,LocalCare Couriers,72,137.36,Delivered,451.97,1
ORD-01142,QuickMeds Logistics,24,14.14,Delivered,0.00,0
ORD-01143,MedExpress,48,12.26,Delivered,634.74,1
ORD-01144,MedExpress,24,17.52,Delivered,0.00,0
ORD-01145,HealthDash,24,15.46,Delivered,0.00,0
ORD-01146,LocalCare Couriers,48,8.45,Delivered,0.00,0
ORD-01148,HealthDash,24,12.54,Delivered,0.00,0
ORD-01149,QuickMeds Logistics,24,39.01,Delivered,0.00,0
ORD-01150,LocalCare Couriers,48,53.79,Delivered,0.00,0
ORD-01151,LocalCare Couriers,72,107.48,Delivered,951.77,1
ORD-01152,HealthDash,24,11.87,Delivered,0.00,0
ORD-01153,HealthDash,48,18.00,Delivered,0.00,0
ORD-01155,HealthDash,24,16.93,Delivered,0.00,0
ORD-01156,MedExpress,48,13.67,Delivered,0.00,0
ORD-01157,LocalCare Couriers,24,25.63,Delivered,530.43,1
ORD-01158,MedExpress,48,19.98,Delivered,0.00,0
ORD-01159,MedExpress,48,23.65,Delivered,0.00,0
ORD-01160,LocalCare Couriers,48,59.84,Delivered,429.45,1
ORD-01161,LocalCare Couriers,72,41.09,Delivered,0.00,0
ORD-01162,QuickMeds Logistics,48,16.46,Delivered,0.00,0
ORD-01163,PharmaFleet,48,34.33,Delivered,0.00,0
ORD-01166,MedExpress,48,8.46,Delivered,0.00,0
ORD-01167,HealthDash,24,11.60,Delivered,0.00,0
ORD-01168,HealthDash,24,18.22,Delivered,0.00,0
ORD-01169,MedExpress,48,13.08,Delivered,0.00,0
ORD-01170,QuickMeds Logistics,48,21.24,Delivered,0.00,0
ORD-01171,QuickMeds Logistics,24,19.62,Delivered,0.00,0
ORD-01172,QuickMeds Logistics,24,11.64,Delivered,0.00,0
ORD-01173,MedExpress,48,11.89,Delivered,0.00,0
ORD-01174,PharmaFleet,72,63.38,Delivered,0.00,0
ORD-01175,PharmaFleet,48,46.58,Delivered,0.00,0
ORD-01176,MedExpress,48,13.66,Delivered,0.00,0
ORD-01178,LocalCare Couriers,48,13.77,Delivered,0.00,0
ORD-01179,HealthDash,48,24.01,Delivered,0.00,0
ORD-01180,MedExpress,24,16.89,Delivered,0.00,0
ORD-01181,MedExpress,72,58.16,Delivered,0.00,0
ORD-01182,QuickMeds Logistics,24,17.27,Delivered,0.00,0
ORD-01183,PharmaFleet,72,27.78,Delivered,0.00,0
ORD-01184,QuickMeds Logistics,48,92.05,Delivered,0.00,0
ORD-01185,MedExpress,24,12.18,Delivered,0.00,0
ORD-01186,HealthDash,48,13.42,Delivered,0.00,0
ORD-01187,HealthDash,48,16.71,Delivered,0.00,0
ORD-01188,HealthDash,48,16.95,Delivered,0.00,0
ORD-01189,HealthDash,72,68.80,Delivered,0.00,0
ORD-01190,LocalCare Couriers,48,17.70,Delivered,290.69,1
ORD-01191,HealthDash,24,24.55,Delivered,0.00,0
ORD-01192,QuickMeds Logistics,48,17.93,Delivered,0.00,0
ORD-01193,MedExpress,72,30.13,Delivered,0.00,0
ORD-01194,LocalCare Couriers,24,18.99,Delivered,0.00,0
ORD-01195,HealthDash,48,16.06,Delivered,0.00,0
ORD-01196,HealthDash,48,20.80,Delivered,0.00,0
ORD-01197,LocalCare Couriers,48,34.20,Delivered,0.00,0
ORD-01198,HealthDash,24,-1.50,Delivered,0.00,0
ORD-01199,QuickMeds Logistics,48,13.50,Delivered,0.00,0
ORD-01200,HealthDash,24,53.50,Delivered,0.00,0
ORD-01201,HealthDash,48,30.72,Delivered,0.00,0
ORD-01202,PharmaFleet,48,28.48,Delivered,0.00,0
ORD-01203,LocalCare Couriers,24,18.83,Delivered,0.00,0
ORD-01204,QuickMeds Logistics,48,24.35,Delivered,0.00,0
ORD-01205,HealthDash,24,20.68,Delivered,0.00,0
ORD-01206,MedExpress,24,14.48,Delivered,0.00,0
ORD-01207,HealthDash,72,26.71,Delivered,0.00,0
ORD-01208,PharmaFleet,48,25.37,Delivered,0.00,0
ORD-01209,HealthDash,24,41.80,Delivered,0.00,0
ORD-01210,LocalCare Couriers,24,26.73,Delivered,0.00,0
ORD-01211,HealthDash,48,18.64,Delivered,0.00,0
ORD-01212,LocalCare Couriers,48,54.33,Delivered,0.00,0
ORD-01213,HealthDash,24,19.48,Delivered,0.00,0
ORD-01214,MedExpress,24,11.78,Delivered,0.00,0
ORD-01215,HealthDash,24,12.63,Delivered,0.00,0
ORD-01216,QuickMeds Logistics,24,22.39,Delivered,0.00,0
ORD-01217,QuickMeds Logistics,24,26.88,Delivered,588.85,1
ORD-01218,QuickMeds Logistics,24,44.05,Delivered,0.00,0
ORD-01219,MedExpress,48,17.74,Delivered,0.00,0
ORD-01220,PharmaFleet,48,24.46,Delivered,2332.49,1
ORD-01221,QuickMeds Logistics,24,23.80,Delivered,0.00,0
ORD-01222,MedExpress,48,12.71,Delivered,0.00,0
ORD-01223,MedExpress,72,40.22,Delivered,0.00,0
ORD-01224,PharmaFleet,48,39.22,Delivered,0.00,0
ORD-01225,MedExpress,24,22.55,Delivered,0.00,0
ORD-01226,MedExpress,48,34.89,Delivered,0.00,0
ORD-01227,QuickMeds Logistics,48,15.94,Delivered,0.00,0
ORD-01229,MedExpress,48,12.79,Delivered,0.00,0
ORD-01230,PharmaFleet,48,21.41,Delivered,0.00,0
ORD-01231,HealthDash,48,15.23,Delivered,0.00,0
ORD-01232,MedExpress,48,38.41,Delivered,0.00,0
ORD-01233,HealthDash,24,26.60,Delivered,0.00,0
ORD-01234,HealthDash,24,25.82,Delivered,0.00,0
ORD-01235,QuickMeds Logistics,24,19.44,Delivered,0.00,0
ORD-01236,HealthDash,24,30.61,Delivered,0.00,0
ORD-01237,HealthDash,48,25.77,Delivered,0.00,0
ORD-01238,QuickMeds Logistics,24,12.58,Delivered,0.00,0
ORD-01239,PharmaFleet,48,9.93,Delivered,0.00,0
ORD-01240,QuickMeds Logistics,24,14.13,Delivered,0.00,0
ORD-01241,MedExpress,24,15.04,Delivered,0.00,0
ORD-01242,MedExpress,24,15.24,Delivered,0.00,0
ORD-01243,HealthDash,72,32.08,Delivered,0.00,0
ORD-01244,MedExpress,24,14.83,Delivered,0.00,0
ORD-01246,HealthDash,48,13.65,Delivered,0.00,0
ORD-01247,QuickMeds Logistics,48,12.00,Delivered,2666.96,1
ORD-01248,HealthDash,24,22.99,Delivered,0.00,0
ORD-01249,QuickMeds Logistics,48,27.56,Delivered,0.00,0
ORD-01250,PharmaFleet,48,21.87,Delivered,0.00,0
ORD-01251,QuickMeds Logistics,24,15.54,Delivered,0.00,0
ORD-01252,PharmaFleet,48,64.98,Delivered,0.00,0
ORD-01253,HealthDash,24,18.94,Delivered,0.00,0
ORD-01254,HealthDash,48,48.93,Delivered,1374.89,1
ORD-01255,LocalCare Couriers,72,90.09,Delivered,0.00,0
ORD-01256,QuickMeds Logistics,72,42.11,Delivered,0.00,0
ORD-01257,MedExpress,24,11.90,Delivered,0.00,0
ORD-01258,QuickMeds Logistics,72,67.53,Delivered,0.00,0
ORD-01260,LocalCare Couriers,48,20.40,Delivered,0.00,0
ORD-01261,QuickMeds Logistics,24,15.24,Delivered,0.00,0
ORD-01262,PharmaFleet,48,30.36,Delivered,0.00,0
ORD-01263,MedExpress,24,13.27,Delivered,0.00,0
ORD-01264,LocalCare Couriers,48,39.72,Delivered,0.00,0
ORD-01265,QuickMeds Logistics,24,12.99,Delivered,0.00,0
ORD-01266,QuickMeds Logistics,24,15.76,Delivered,0.00,0
ORD-01267,QuickMeds Logistics,48,37.36,Delivered,0.00,0
ORD-01268,QuickMeds Logistics,24,8.30,Delivered,0.00,0
ORD-01269,QuickMeds Logistics,24,18.23,Delivered,0.00,0
ORD-01270,QuickMeds Logistics,48,10.39,Delivered,0.00,0
ORD-01271,PharmaFleet,48,18.64,Delivered,0.00,0
ORD-01273,HealthDash,72,41.08,Delivered,0.00,0
ORD-01274,PharmaFleet,72,36.63,Delivered,0.00,0
ORD-01275,QuickMeds Logistics,24,21.67,Delivered,0.00,0
ORD-01276,QuickMeds Logistics,72,41.30,Delivered,0.00,0
ORD-01277,MedExpress,48,7.60,Delivered,0.00,0
ORD-01278,MedExpress,24,26.15,Delivered,0.00,0
ORD-01279,LocalCare Couriers,48,29.41,Delivered,0.00,0
ORD-01280,QuickMeds Logistics,48,26.60,Delivered,0.00,0
ORD-01281,MedExpress,48,14.04,Delivered,0.00,0
ORD-01282,MedExpress,48,15.02,Delivered,0.00,0
ORD-01283,HealthDash,48,23.38,Delivered,0.00,0
ORD-01284,QuickMeds Logistics,48,46.60,Delivered,0.00,0
ORD-01285,MedExpress,48,13.51,Delivered,0.00,0
ORD-01286,QuickMeds Logistics,48,-41.00,Delivered,0.00,0
ORD-01287,QuickMeds Logistics,72,37.79,Delivered,0.00,0
ORD-01288,QuickMeds Logistics,24,26.79,Delivered,0.00,0
ORD-01289,MedExpress,48,45.03,Delivered,0.00,0
ORD-01290,LocalCare Couriers,48,77.15,Delivered,0.00,0
ORD-01291,LocalCare Couriers,24,88.76,Delivered,0.00,0
ORD-01292,QuickMeds Logistics,24,23.74,Delivered,0.00,0
ORD-01293,MedExpress,24,23.00,Delivered,0.00,0
ORD-01294,HealthDash,48,22.61,Delivered,0.00,0
ORD-01295,LocalCare Couriers,48,37.96,Delivered,0.00,0
ORD-01296,MedExpress,24,22.62,Delivered,0.00,0
ORD-01297,LocalCare Couriers,24,14.04,Delivered,0.00,0
ORD-01299,MedExpress,48,35.80,Delivered,0.00,0
ORD-01300,QuickMeds Logistics,24,12.00,Delivered,0.00,0
ORD-01301,PharmaFleet,24,25.81,Delivered,608.93,1
ORD-01302,PharmaFleet,48,49.08,Delivered,0.00,0
ORD-01303,PharmaFleet,24,25.22,Delivered,0.00,0
ORD-01304,HealthDash,72,33.98,Delivered,2137.69,1
ORD-01305,MedExpress,24,20.81,Delivered,0.00,0
ORD-01306,LocalCare Couriers,24,37.32,Delivered,1126.77,1
ORD-01307,LocalCare Couriers,24,9.73,Delivered,0.00,0
ORD-01308,PharmaFleet,24,21.90,Delivered,0.00,0
ORD-01310,QuickMeds Logistics,24,13.84,Delivered,0.00,0
ORD-01311,HealthDash,48,21.27,Delivered,0.00,0
ORD-01312,MedExpress,24,13.40,Delivered,269.41,1
ORD-01313,LocalCare Couriers,24,54.51,Delivered,0.00,0
ORD-01314,MedExpress,48,28.89,Delivered,0.00,0
ORD-01315,MedExpress,48,22.19,Delivered,0.00,0
ORD-01316,HealthDash,48,12.63,Delivered,0.00,0
ORD-01318,PharmaFleet,24,18.49,Delivered,0.00,0
ORD-01319,LocalCare Couriers,48,19.20,Delivered,0.00,0
ORD-01320,MedExpress,48,34.51,Delivered,210.07,1
ORD-01321,PharmaFleet,24,12.03,Delivered,0.00,0
ORD-01322,PharmaFleet,24,9.30,Delivered,0.00,0
ORD-01323,HealthDash,24,14.55,Delivered,0.00,0
ORD-01324,PharmaFleet,48,57.15,Delivered,0.00,0
ORD-01325,MedExpress,48,21.65,Delivered,0.00,0
ORD-01326,HealthDash,24,23.01,Delivered,0.00,0
ORD-01327,MedExpress,24,10.62,Delivered,0.00,0
ORD-01328,LocalCare Couriers,48,9.32,Delivered,0.00,0
ORD-01330,LocalCare Couriers,48,75.71,Delivered,0.00,0
ORD-01331,PharmaFleet,48,59.36,Delivered,0.00,0
ORD-01332,PharmaFleet,48,41.48,Delivered,0.00,0
ORD-01333,QuickMeds Logistics,48,16.31,Delivered,0.00,0
ORD-01334,PharmaFleet,24,18.90,Delivered,0.00,0
ORD-01335,LocalCare Couriers,72,32.80,Delivered,0.00,0
ORD-01336,QuickMeds Logistics,24,28.88,Delivered,0.00,0
ORD-01337,QuickMeds Logistics,48,16.28,Delivered,0.00,0
ORD-01338,QuickMeds Logistics,48,20.68,Delivered,0.00,0
ORD-01339,MedExpress,72,25.97,Delivered,0.00,0
ORD-01340,MedExpress,72,17.26,Delivered,0.00,0
ORD-01341,PharmaFleet,48,53.83,Delivered,0.00,0
ORD-01342,LocalCare Couriers,24,49.28,Delivered,0.00,0
ORD-01344,MedExpress,48,15.85,Delivered,0.00,0
ORD-01345,QuickMeds Logistics,48,22.92,Delivered,0.00,0
ORD-01346,MedExpress,24,20.40,Delivered,0.00,0
ORD-01347,QuickMeds Logistics,48,21.70,Delivered,0.00,0
ORD-01348,QuickMeds Logistics,48,25.67,Delivered,0.00,0
ORD-01349,MedExpress,48,16.36,Delivered,0.00,0
ORD-01350,HealthDash,48,21.79,Delivered,0.00,0
ORD-01351,MedExpress,48,34.97,Delivered,0.00,0
ORD-01352,PharmaFleet,24,34.33,Delivered,0.00,0
ORD-01353,PharmaFleet,48,20.18,Delivered,0.00,0
ORD-01354,HealthDash,48,30.69,Delivered,0.00,0
ORD-01355,MedExpress,24,35.80,Delivered,0.00,0
ORD-01356,HealthDash,48,40.32,Delivered,0.00,0
ORD-01357,HealthDash,24,15.92,Delivered,0.00,0
ORD-01358,HealthDash,24,15.95,Delivered,0.00,0
ORD-01359,HealthDash,24,24.51,Delivered,0.00,0
ORD-01360,HealthDash,24,14.40,Delivered,0.00,0
ORD-01361,QuickMeds Logistics,72,23.51,Delivered,0.00,0
ORD-01362,MedExpress,48,19.10,Delivered,0.00,0
ORD-01363,HealthDash,24,16.94,Delivered,0.00,0
ORD-01364,HealthDash,48,41.45,Delivered,0.00,0
ORD-01365,PharmaFleet,48,17.86,Delivered,0.00,0
ORD-01366,HealthDash,24,28.07,Delivered,0.00,0
ORD-01367,PharmaFleet,72,38.48,Delivered,0.00,0
ORD-01368,QuickMeds Logistics,48,30.33,Delivered,0.00,0
ORD-01369,MedExpress,48,20.69,Delivered,0.00,0
ORD-01370,PharmaFleet,24,9.28,Delivered,0.00,0
ORD-01371,HealthDash,24,41.14,Delivered,0.00,0
ORD-01372,HealthDash,24,24.07,Delivered,392.02,1
ORD-01373,MedExpress,48,25.78,Delivered,0.00,0
ORD-01374,MedExpress,24,12.42,Delivered,0.00,0
ORD-01375,MedExpress,48,35.60,Delivered,0.00,0
ORD-01376,LocalCare Couriers,48,81.50,Delivered,191.40,1
ORD-01377,PharmaFleet,48,22.67,Delivered,0.00,0
ORD-01378,MedExpress,48,21.00,Delivered,0.00,0
ORD-01379,MedExpress,24,12.93,Delivered,0.00,0
ORD-01381,MedExpress,48,25.81,Delivered,0.00,0
ORD-01382,QuickMeds Logistics,48,19.61,Delivered,0.00,0
ORD-01383,MedExpress,48,28.88,Delivered,0.00,0
ORD-01384,QuickMeds Logistics,24,13.35,Delivered,0.00,0
ORD-01385,MedExpress,24,19.03,Delivered,0.00,0
ORD-01386,HealthDash,48,28.16,Delivered,0.00,0
ORD-01387,HealthDash,24,13.75,Delivered,0.00,0
ORD-01388,MedExpress,24,23.72,Delivered,0.00,0
ORD-01389,MedExpress,48,17.88,Delivered,0.00,0
ORD-01390,LocalCare Couriers,48,23.41,Delivered,0.00,0
ORD-01391,LocalCare Couriers,48,12.28,Delivered,0.00,0
ORD-01392,HealthDash,24,11.04,Delivered,0.00,0
ORD-01394,LocalCare Couriers,24,24.13,Delivered,0.00,0
ORD-01395,QuickMeds Logistics,24,26.90,Delivered,1079.87,1
ORD-01396,PharmaFleet,48,48.43,Delivered,0.00,0
ORD-01397,MedExpress,24,19.41,Delivered,0.00,0
ORD-01398,MedExpress,48,31.35,Delivered,0.00,0
ORD-01399,MedExpress,48,17.27,Delivered,0.00,0
ORD-01400,LocalCare Couriers,72,89.67,Delivered,0.00,0
ORD-01401,PharmaFleet,72,32.82,Delivered,0.00,0
ORD-01402,MedExpress,48,8.74,Delivered,0.00,0
ORD-01403,LocalCare Couriers,48,20.91,Delivered,0.00,0
ORD-01404,QuickMeds Logistics,48,15.56,Delivered,0.00,0
ORD-01405,HealthDash,24,68.13,Delivered,0.00,0
ORD-01406,QuickMeds Logistics,24,23.93,Delivered,0.00,0
ORD-01407,MedExpress,24,13.54,Delivered,0.00,0
ORD-01408,HealthDash,72,57.88,Delivered,778.68,1
ORD-01409,LocalCare Couriers,72,29.37,Delivered,0.00,0
ORD-01410,PharmaFleet,72,45.86,Delivered,0.00,0
ORD-01411,LocalCare Couriers,72,78.67,Delivered,0.00,0
ORD-01412,LocalCare Couriers,48,18.25,Delivered,0.00,0
ORD-01413,QuickMeds Logistics,48,70.11,Delivered,557.22,1
ORD-01414,HealthDash,24,33.99,Delivered,0.00,0
ORD-01415,PharmaFleet,48,52.94,Delivered,0.00,0
ORD-01416,MedExpress,24,28.66,Delivered,0.00,0
ORD-01418,QuickMeds Logistics,48,15.18,Delivered,0.00,0
ORD-01419,MedExpress,48,21.37,Delivered,0.00,0
ORD-01420,HealthDash,48,22.42,Delivered,0.00,0
ORD-01421,MedExpress,48,23.87,Delivered,0.00,0
ORD-01422,QuickMeds Logistics,48,13.85,Delivered,0.00,0
ORD-01423,PharmaFleet,48,66.12,Delivered,0.00,0
ORD-01424,HealthDash,48,57.65,Delivered,0.00,0
ORD-01425,LocalCare Couriers,72,79.74,Delivered,1132.00,1
ORD-01426,LocalCare Couriers,48,17.21,Delivered,0.00,0
ORD-01427,MedExpress,24,18.61,Delivered,0.00,0
ORD-01428,MedExpress,48,15.13,Delivered,0.00,0
ORD-01429,PharmaFleet,48,110.95,Delivered,0.00,0
ORD-01430,PharmaFleet,48,42.51,Delivered,0.00,0
ORD-01431,QuickMeds Logistics,24,23.90,Delivered,0.00,0
ORD-01432,QuickMeds Logistics,24,23.78,Delivered,0.00,0
ORD-01433,HealthDash,24,18.26,Delivered,0.00,0
ORD-01434,QuickMeds Logistics,48,22.14,Delivered,0.00,0
ORD-01435,PharmaFleet,48,98.68,Delivered,0.00,0
ORD-01436,HealthDash,48,24.62,Delivered,0.00,0
ORD-01437,LocalCare Couriers,24,17.21,Delivered,0.00,0
ORD-01438,QuickMeds Logistics,48,63.06,Delivered,0.00,0
ORD-01439,HealthDash,48,15.05,Delivered,0.00,0
ORD-01440,QuickMeds Logistics,24,17.37,Delivered,0.00,0
ORD-01441,MedExpress,24,11.55,Delivered,0.00,0
ORD-01442,LocalCare Couriers,48,6.69,Delivered,0.00,0
ORD-01443,HealthDash,24,21.39,Delivered,0.00,0
ORD-01444,HealthDash,48,56.18,Delivered,596.74,1
ORD-01445,MedExpress,24,15.97,Delivered,0.00,0
ORD-01446,PharmaFleet,24,109.10,Delivered,0.00,0
ORD-01447,QuickMeds Logistics,24,15.20,Delivered,0.00,0
ORD-01448,LocalCare Couriers,48,28.72,Delivered,0.00,0
ORD-01449,MedExpress,24,13.29,Delivered,275.06,1
ORD-01450,HealthDash,48,35.61,Delivered,0.00,0
ORD-01451,QuickMeds Logistics,48,21.12,Delivered,0.00,0
ORD-01452,MedExpress,24,27.72,Delivered,0.00,0
ORD-01453,LocalCare Couriers,48,29.59,Delivered,0.00,0
ORD-01454,QuickMeds Logistics,24,15.78,Delivered,0.00,0
ORD-01455,QuickMeds Logistics,48,45.30,Delivered,0.00,0
ORD-01456,MedExpress,48,48.78,Delivered,0.00,0
ORD-01457,LocalCare Couriers,24,6.53,Delivered,0.00,0
ORD-01458,QuickMeds Logistics,24,9.05,Delivered,0.00,0
ORD-01461,PharmaFleet,48,23.27,Delivered,0.00,0
ORD-01462,HealthDash,48,980.00,Delivered,0.00,0
ORD-01463,MedExpress,48,15.37,Delivered,0.00,0
ORD-01464,HealthDash,48,26.03,Delivered,0.00,0
ORD-01465,PharmaFleet,24,64.61,Delivered,0.00,0
ORD-01466,QuickMeds Logistics,48,34.64,Delivered,0.00,0
ORD-01467,PharmaFleet,72,38.71,Delivered,0.00,0
ORD-01468,HealthDash,48,25.93,Delivered,0.00,0
ORD-01469,MedExpress,48,16.94,Delivered,0.00,0
ORD-01470,HealthDash,48,38.46,Delivered,0.00,0
ORD-01471,MedExpress,48,27.49,Delivered,0.00,0
ORD-01472,PharmaFleet,24,18.90,Delivered,183.29,1
ORD-01473,PharmaFleet,48,24.33,Delivered,0.00,0
ORD-01474,QuickMeds Logistics,48,22.23,Delivered,0.00,0
ORD-01475,PharmaFleet,72,28.50,Delivered,0.00,0
ORD-01476,PharmaFleet,72,28.91,Delivered,0.00,0
ORD-01477,LocalCare Couriers,24,12.38,Delivered,0.00,0
ORD-01478,HealthDash,24,18.71,Delivered,0.00,0
ORD-01479,QuickMeds Logistics,24,17.15,Delivered,0.00,0
ORD-01480,QuickMeds Logistics,48,10.64,Delivered,0.00,0
ORD-01481,PharmaFleet,48,21.50,Delivered,0.00,0
ORD-01482,LocalCare Couriers,24,29.54,Delivered,0.00,0
ORD-01483,QuickMeds Logistics,24,12.70,Delivered,0.00,0
ORD-01484,MedExpress,24,11.10,Delivered,0.00,0
ORD-01485,MedExpress,48,65.70,Delivered,0.00,0
ORD-01486,MedExpress,48,13.56,Delivered,0.00,0
ORD-01487,MedExpress,48,41.69,Delivered,0.00,0
ORD-01488,QuickMeds Logistics,24,13.33,Delivered,373.55,1
ORD-01489,HealthDash,48,42.47,Delivered,0.00,0
ORD-01490,QuickMeds Logistics,48,13.92,Delivered,0.00,0
ORD-01491,QuickMeds Logistics,24,10.77,Delivered,0.00,0
ORD-01492,QuickMeds Logistics,72,30.59,Delivered,0.00,0
ORD-01493,MedExpress,24,19.54,Delivered,0.00,0
ORD-01494,MedExpress,72,42.48,Delivered,0.00,0
ORD-01495,LocalCare Couriers,72,53.97,Delivered,0.00,0
ORD-01497,QuickMeds Logistics,24,12.99,Delivered,0.00,0
ORD-01498,LocalCare Couriers,48,88.72,Delivered,584.48,1
ORD-01499,MedExpress,48,23.83,Delivered,0.00,0
ORD-01500,LocalCare Couriers,24,17.12,Delivered,0.00,0
ORD-01501,MedExpress,24,9.94,Delivered,0.00,0
ORD-01502,HealthDash,48,30.06,Delivered,0.00,0
ORD-01503,HealthDash,48,17.61,Delivered,0.00,0
ORD-01504,MedExpress,24,19.84,Delivered,0.00,0
ORD-01505,HealthDash,48,12.32,Delivered,0.00,0
ORD-01506,LocalCare Couriers,24,19.19,Delivered,0.00,0
ORD-01507,HealthDash,48,24.76,Delivered,0.00,0
ORD-01508,MedExpress,48,24.01,Delivered,0.00,0
ORD-01509,HealthDash,72,43.58,Delivered,0.00,0
ORD-01510,HealthDash,48,21.25,Delivered,0.00,0
ORD-01511,PharmaFleet,24,30.40,Delivered,0.00,0
ORD-01513,MedExpress,24,15.32,Delivered,0.00,0
ORD-01514,HealthDash,48,54.62,Delivered,811.25,1
ORD-01515,HealthDash,48,28.32,Delivered,0.00,0
ORD-01516,QuickMeds Logistics,48,21.70,Delivered,0.00,0
ORD-01517,MedExpress,48,23.55,Delivered,0.00,0
ORD-01518,QuickMeds Logistics,48,20.06,Delivered,0.00,0
ORD-01519,QuickMeds Logistics,48,45.93,Delivered,0.00,0
ORD-01520,HealthDash,24,26.27,Delivered,0.00,0
ORD-01521,MedExpress,24,30.81,Delivered,0.00,0
ORD-01522,PharmaFleet,24,90.96,Delivered,0.00,0
ORD-01523,MedExpress,24,7.72,Delivered,0.00,0
ORD-01524,MedExpress,24,23.63,Delivered,0.00,0
ORD-01525,QuickMeds Logistics,48,21.49,Delivered,0.00,0
ORD-01526,HealthDash,48,23.29,Delivered,0.00,0
ORD-01527,PharmaFleet,48,18.65,Delivered,0.00,0
ORD-01528,MedExpress,72,24.06,Delivered,0.00,0
ORD-01529,PharmaFleet,72,25.55,Delivered,0.00,0
ORD-01530,HealthDash,72,116.53,Delivered,0.00,0
ORD-01531,MedExpress,48,38.39,Delivered,0.00,0
ORD-01532,PharmaFleet,24,14.55,Delivered,0.00,0
ORD-01533,QuickMeds Logistics,48,12.72,Delivered,0.00,0
ORD-01534,LocalCare Couriers,48,7.41,Delivered,0.00,0
ORD-01535,QuickMeds Logistics,72,66.33,Delivered,0.00,0
ORD-01536,MedExpress,48,17.23,Delivered,422.32,1
ORD-01537,LocalCare Couriers,24,35.52,Delivered,0.00,0
ORD-01538,QuickMeds Logistics,72,37.40,Delivered,0.00,0
ORD-01539,QuickMeds Logistics,24,27.24,Delivered,0.00,0
ORD-01540,MedExpress,24,13.82,Delivered,0.00,0
ORD-01541,QuickMeds Logistics,24,19.49,Delivered,0.00,0
ORD-01542,HealthDash,48,22.76,Delivered,0.00,0
ORD-01543,QuickMeds Logistics,24,12.03,Delivered,0.00,0
ORD-01544,MedExpress,48,11.59,Delivered,0.00,0
ORD-01545,QuickMeds Logistics,48,34.01,Delivered,0.00,0
ORD-01546,QuickMeds Logistics,24,19.30,Delivered,0.00,0
ORD-01547,MedExpress,72,55.70,Delivered,0.00,0
ORD-01548,QuickMeds Logistics,48,19.14,Delivered,0.00,0
ORD-01549,HealthDash,24,18.93,Delivered,0.00,0
ORD-01550,PharmaFleet,48,55.35,Delivered,0.00,0
ORD-01551,HealthDash,48,34.13,Delivered,0.00,0
ORD-01552,PharmaFleet,72,45.71,Delivered,0.00,0
ORD-01553,LocalCare Couriers,24,67.35,Delivered,0.00,0
ORD-01554,QuickMeds Logistics,72,35.52,Delivered,0.00,0
ORD-01555,LocalCare Couriers,24,31.76,Delivered,0.00,0
ORD-01556,PharmaFleet,72,33.73,Delivered,0.00,0
ORD-01557,QuickMeds Logistics,48,31.51,Delivered,0.00,0
ORD-01558,HealthDash,48,13.86,Delivered,0.00,0
ORD-01559,LocalCare Couriers,48,46.49,Delivered,0.00,0
ORD-01560,HealthDash,48,34.44,Delivered,0.00,0
ORD-01561,HealthDash,48,23.38,Delivered,0.00,0
ORD-01562,PharmaFleet,48,37.45,Delivered,0.00,0
ORD-01563,HealthDash,48,13.85,Delivered,0.00,0
ORD-01564,HealthDash,24,11.49,Delivered,0.00,0
ORD-01565,HealthDash,48,19.34,Delivered,0.00,0
ORD-01567,QuickMeds Logistics,24,50.49,Delivered,0.00,0
ORD-01568,PharmaFleet,24,25.54,Delivered,0.00,0
ORD-01569,HealthDash,24,23.41,Delivered,0.00,0
ORD-01570,LocalCare Couriers,72,99.72,Delivered,818.85,1
ORD-01572,MedExpress,48,11.88,Delivered,0.00,0
ORD-01573,HealthDash,24,6.58,Delivered,0.00,0
ORD-01574,PharmaFleet,48,118.40,Delivered,0.00,0
ORD-01575,QuickMeds Logistics,24,22.11,Delivered,0.00,0
ORD-01576,MedExpress,24,12.67,Delivered,0.00,0
ORD-01577,HealthDash,48,36.99,Delivered,0.00,0
ORD-01578,HealthDash,48,44.49,Delivered,0.00,0
ORD-01579,PharmaFleet,48,41.37,Delivered,0.00,0
ORD-01580,QuickMeds Logistics,72,41.15,Delivered,0.00,0
ORD-01581,HealthDash,48,55.69,Delivered,0.00,0
ORD-01582,LocalCare Couriers,48,14.42,Delivered,0.00,0
ORD-01583,LocalCare Couriers,24,36.04,Delivered,445.96,1
ORD-01584,MedExpress,72,19.69,Delivered,0.00,0
ORD-01585,QuickMeds Logistics,24,34.54,Delivered,0.00,0
ORD-01586,PharmaFleet,48,52.76,Delivered,0.00,0
ORD-01587,MedExpress,48,12.83,Delivered,0.00,0
ORD-01588,MedExpress,24,9.44,Delivered,0.00,0
ORD-01590,LocalCare Couriers,48,22.59,Delivered,0.00,0
ORD-01591,QuickMeds Logistics,24,18.25,Delivered,0.00,0
ORD-01592,PharmaFleet,48,87.55,Delivered,0.00,0
ORD-01593,HealthDash,48,22.78,Delivered,0.00,0
ORD-01594,QuickMeds Logistics,48,12.03,Delivered,0.00,0
ORD-01595,HealthDash,48,17.13,Delivered,0.00,0
ORD-01596,MedExpress,24,11.15,Delivered,636.81,1
ORD-01598,HealthDash,24,15.86,Delivered,0.00,0
ORD-01599,PharmaFleet,48,22.16,Delivered,0.00,0
ORD-01600,HealthDash,48,24.25,Delivered,0.00,0
ORD-01601,QuickMeds Logistics,48,16.24,Delivered,0.00,0
ORD-01602,MedExpress,48,15.75,Delivered,0.00,0
ORD-01603,MedExpress,48,25.95,Delivered,0.00,0
ORD-01604,MedExpress,24,9.64,Delivered,0.00,0
ORD-01605,QuickMeds Logistics,24,24.65,Delivered,0.00,0
ORD-01606,MedExpress,48,34.54,Delivered,0.00,0
ORD-01607,MedExpress,48,16.65,Delivered,0.00,0
ORD-01608,HealthDash,48,18.27,Delivered,0.00,0
ORD-01609,QuickMeds Logistics,48,15.66,Delivered,0.00,0
ORD-01610,QuickMeds Logistics,24,17.25,Delivered,0.00,0
ORD-01611,MedExpress,48,19.99,Delivered,0.00,0
ORD-01612,QuickMeds Logistics,48,10.45,Delivered,0.00,0
ORD-01613,LocalCare Couriers,72,130.32,Delivered,0.00,0
ORD-01614,HealthDash,24,14.69,Delivered,0.00,0
ORD-01615,PharmaFleet,48,47.21,Delivered,0.00,0
ORD-01617,QuickMeds Logistics,72,64.70,Delivered,0.00,0
ORD-01618,MedExpress,24,13.98,Delivered,0.00,0
ORD-01619,MedExpress,72,35.07,Delivered,0.00,0
ORD-01620,QuickMeds Logistics,48,9.09,Delivered,0.00,0
ORD-01621,HealthDash,48,8.87,Delivered,0.00,0
ORD-01622,HealthDash,48,22.10,Delivered,0.00,0
ORD-01624,LocalCare Couriers,48,30.34,Delivered,0.00,0
ORD-01625,PharmaFleet,24,45.02,Delivered,899.99,1
ORD-01626,HealthDash,48,32.84,Delivered,0.00,0
ORD-01628,PharmaFleet,24,10.28,Delivered,0.00,0
ORD-01629,PharmaFleet,48,47.23,Delivered,0.00,0
ORD-01630,HealthDash,48,19.86,Delivered,0.00,0
ORD-01631,PharmaFleet,24,37.15,Delivered,0.00,0
ORD-01632,HealthDash,24,16.99,Delivered,0.00,0
ORD-01633,PharmaFleet,24,103.70,Delivered,0.00,0
ORD-01635,MedExpress,72,27.74,Delivered,0.00,0
ORD-01636,QuickMeds Logistics,24,19.58,Delivered,0.00,0
ORD-01637,HealthDash,72,40.05,Delivered,0.00,0
ORD-01638,LocalCare Couriers,24,23.76,Delivered,0.00,0
ORD-01639,MedExpress,48,13.19,Delivered,0.00,0
ORD-01640,LocalCare Couriers,72,188.42,Delivered,595.30,1
ORD-01641,MedExpress,48,13.38,Delivered,0.00,0
ORD-01642,MedExpress,48,14.91,Delivered,0.00,0
ORD-01643,PharmaFleet,72,43.53,Delivered,0.00,0
ORD-01645,LocalCare Couriers,48,54.72,Delivered,0.00,0
ORD-01646,HealthDash,48,25.70,Delivered,0.00,0
ORD-01648,MedExpress,48,45.41,Delivered,0.00,0
ORD-01649,PharmaFleet,24,25.07,Delivered,0.00,0
ORD-01650,QuickMeds Logistics,24,19.09,Delivered,0.00,0
ORD-01651,LocalCare Couriers,72,70.51,Delivered,0.00,0
ORD-01652,HealthDash,24,13.22,Delivered,0.00,0
ORD-01653,QuickMeds Logistics,48,13.61,Delivered,0.00,0
ORD-01654,QuickMeds Logistics,24,18.32,Delivered,0.00,0
ORD-01655,PharmaFleet,48,40.07,Delivered,0.00,0
ORD-01656,QuickMeds Logistics,24,14.60,Delivered,0.00,0
ORD-01657,HealthDash,24,24.35,Delivered,0.00,0
ORD-01658,LocalCare Couriers,48,30.46,Delivered,0.00,0
ORD-01659,PharmaFleet,24,19.11,Delivered,0.00,0
ORD-01661,MedExpress,48,10.32,Delivered,0.00,0
ORD-01662,QuickMeds Logistics,24,9.11,Delivered,0.00,0
ORD-01664,MedExpress,48,19.14,Delivered,0.00,0
ORD-01665,QuickMeds Logistics,48,74.11,Delivered,0.00,0
ORD-01666,HealthDash,72,42.95,Delivered,0.00,0
ORD-01667,PharmaFleet,24,27.33,Delivered,1378.53,1
ORD-01668,MedExpress,48,14.58,Delivered,0.00,0
ORD-01669,QuickMeds Logistics,72,25.23,Delivered,0.00,0
ORD-01670,PharmaFleet,48,141.17,Delivered,1296.56,1
ORD-01672,MedExpress,72,28.19,Delivered,0.00,0
ORD-01673,LocalCare Couriers,72,15.66,Delivered,0.00,0
ORD-01674,MedExpress,24,16.12,Delivered,0.00,0
ORD-01675,HealthDash,24,17.22,Delivered,0.00,0
ORD-01676,HealthDash,48,28.16,Delivered,0.00,0
ORD-01677,PharmaFleet,48,106.76,Delivered,0.00,0
ORD-01678,QuickMeds Logistics,24,22.23,Delivered,0.00,0
ORD-01679,MedExpress,48,35.39,Delivered,0.00,0
ORD-01680,QuickMeds Logistics,24,22.84,Delivered,0.00,0
ORD-01682,MedExpress,24,45.12,Delivered,0.00,0
ORD-01683,MedExpress,24,37.80,Delivered,0.00,0
ORD-01685,QuickMeds Logistics,48,15.49,Delivered,0.00,0
ORD-01686,HealthDash,48,35.22,Delivered,0.00,0
ORD-01687,PharmaFleet,24,61.68,Delivered,133.62,1
ORD-01688,MedExpress,72,42.27,Delivered,0.00,0
ORD-01689,QuickMeds Logistics,24,18.61,Delivered,0.00,0
ORD-01690,MedExpress,24,12.88,Delivered,0.00,0
ORD-01691,QuickMeds Logistics,24,17.42,Delivered,0.00,0
ORD-01693,PharmaFleet,24,17.94,Delivered,0.00,0
ORD-01694,HealthDash,24,31.06,Delivered,0.00,0
ORD-01695,PharmaFleet,48,49.23,Delivered,0.00,0
ORD-01696,QuickMeds Logistics,24,14.68,Delivered,0.00,0
ORD-01697,MedExpress,48,14.64,Delivered,0.00,0
ORD-01698,PharmaFleet,24,13.15,Delivered,0.00,0
ORD-01699,QuickMeds Logistics,48,23.33,Delivered,0.00,0
ORD-01700,MedExpress,48,17.30,Delivered,0.00,0
ORD-01701,HealthDash,24,9.86,Delivered,0.00,0
ORD-01702,MedExpress,48,99.12,Delivered,0.00,0
ORD-01703,PharmaFleet,72,18.13,Delivered,0.00,0
ORD-01704,HealthDash,24,9.86,Delivered,0.00,0
ORD-01705,QuickMeds Logistics,24,25.65,Delivered,0.00,0
ORD-01706,MedExpress,48,40.71,Delivered,0.00,0
ORD-01707,HealthDash,24,13.95,Delivered,0.00,0
ORD-01708,QuickMeds Logistics,48,14.09,Delivered,0.00,0
ORD-01709,PharmaFleet,48,30.15,Delivered,0.00,0
ORD-01710,PharmaFleet,48,29.68,Delivered,0.00,0
ORD-01711,HealthDash,24,14.58,Delivered,0.00,0
ORD-01712,MedExpress,24,21.99,Delivered,0.00,0
ORD-01713,QuickMeds Logistics,24,21.35,Delivered,0.00,0
ORD-01715,PharmaFleet,24,48.04,Delivered,0.00,0
ORD-01716,MedExpress,48,16.60,Delivered,0.00,0
ORD-01717,HealthDash,72,54.76,Delivered,0.00,0
ORD-01718,QuickMeds Logistics,72,37.34,Delivered,0.00,0
ORD-01719,MedExpress,48,20.22,Delivered,0.00,0
ORD-01720,PharmaFleet,24,29.06,Delivered,0.00,0
ORD-01721,HealthDash,72,58.10,Delivered,0.00,0
ORD-01722,PharmaFleet,48,34.02,Delivered,0.00,0
ORD-01723,LocalCare Couriers,24,8.58,Delivered,0.00,0
ORD-01724,PharmaFleet,72,33.04,Delivered,0.00,0
ORD-01725,QuickMeds Logistics,24,17.69,Delivered,0.00,0
ORD-01726,MedExpress,24,17.88,Delivered,0.00,0
ORD-01727,MedExpress,24,23.48,Delivered,0.00,0
ORD-01728,HealthDash,48,28.55,Delivered,0.00,0
ORD-01729,PharmaFleet,48,19.36,Delivered,0.00,0
ORD-01730,QuickMeds Logistics,48,28.00,Delivered,0.00,0
ORD-01731,MedExpress,72,25.59,Delivered,0.00,0
ORD-01732,QuickMeds Logistics,48,31.93,Delivered,0.00,0
ORD-01733,PharmaFleet,48,50.22,Delivered,0.00,0
ORD-01734,MedExpress,48,17.10,Delivered,0.00,0
ORD-01735,MedExpress,72,25.85,Delivered,0.00,0
ORD-01736,MedExpress,24,12.28,Delivered,0.00,0
ORD-01737,LocalCare Couriers,24,13.89,Delivered,0.00,0
ORD-01738,QuickMeds Logistics,48,11.84,Delivered,0.00,0
ORD-01739,QuickMeds Logistics,72,39.32,Delivered,0.00,0
ORD-01740,LocalCare Couriers,72,36.64,Delivered,0.00,0
ORD-01741,PharmaFleet,24,11.85,Delivered,0.00,0
ORD-01742,LocalCare Couriers,48,21.47,Delivered,0.00,0
ORD-01743,HealthDash,48,37.61,Delivered,0.00,0
ORD-01744,QuickMeds Logistics,72,32.83,Delivered,0.00,0
ORD-01745,PharmaFleet,48,15.20,Delivered,0.00,0
ORD-01746,QuickMeds Logistics,48,8.42,Delivered,0.00,0
ORD-01747,HealthDash,24,35.14,Delivered,0.00,0
ORD-01748,HealthDash,24,22.46,Delivered,0.00,0
ORD-01749,LocalCare Couriers,24,31.27,Delivered,0.00,0
ORD-01750,MedExpress,48,18.49,Delivered,0.00,0
ORD-01751,HealthDash,48,26.08,Delivered,0.00,0
ORD-01752,HealthDash,48,40.45,Delivered,0.00,0
ORD-01753,PharmaFleet,48,27.31,Delivered,0.00,0
ORD-01754,QuickMeds Logistics,24,23.77,Delivered,0.00,0
ORD-01755,HealthDash,24,33.43,Delivered,192.72,1
ORD-01756,MedExpress,24,27.70,Delivered,0.00,0
ORD-01758,MedExpress,48,22.83,Delivered,0.00,0
ORD-01759,MedExpress,24,17.46,Delivered,0.00,0
ORD-01760,MedExpress,24,8.69,Delivered,0.00,0
ORD-01761,QuickMeds Logistics,24,15.37,Delivered,0.00,0
ORD-01763,MedExpress,24,14.51,Delivered,0.00,0
ORD-01764,HealthDash,24,27.28,Delivered,0.00,0
ORD-01765,QuickMeds Logistics,48,16.16,Delivered,0.00,0
ORD-01766,MedExpress,24,19.35,Delivered,0.00,0
ORD-01767,MedExpress,48,18.43,Delivered,1180.33,1
ORD-01768,HealthDash,24,17.47,Delivered,0.00,0
ORD-01769,QuickMeds Logistics,24,11.35,Delivered,0.00,0
ORD-01770,PharmaFleet,48,65.70,Delivered,245.17,1
ORD-01771,HealthDash,24,16.08,Delivered,0.00,0
ORD-01773,PharmaFleet,48,8.23,Delivered,0.00,0
ORD-01774,QuickMeds Logistics,48,49.29,Delivered,0.00,0
ORD-01775,PharmaFleet,24,14.37,Delivered,0.00,0
ORD-01776,LocalCare Couriers,48,54.16,Delivered,312.67,1
ORD-01777,PharmaFleet,48,25.36,Delivered,0.00,0
ORD-01778,HealthDash,24,19.33,Delivered,0.00,0
ORD-01779,HealthDash,24,11.17,Delivered,0.00,0
ORD-01780,HealthDash,24,23.49,Delivered,0.00,0
ORD-01781,PharmaFleet,48,33.64,Delivered,0.00,0
ORD-01782,QuickMeds Logistics,24,10.99,Delivered,0.00,0
ORD-01783,MedExpress,24,23.29,Delivered,0.00,0
ORD-01784,LocalCare Couriers,24,25.03,Delivered,0.00,0
ORD-01785,PharmaFleet,24,20.04,Delivered,0.00,0
ORD-01786,HealthDash,24,14.18,Delivered,0.00,0
ORD-01787,HealthDash,24,31.10,Delivered,0.00,0
ORD-01788,HealthDash,48,18.50,Delivered,0.00,0
ORD-01789,MedExpress,24,27.88,Delivered,999.80,1
ORD-01790,QuickMeds Logistics,24,29.94,Delivered,0.00,0
ORD-01791,QuickMeds Logistics,72,72.34,Delivered,0.00,0
ORD-01792,QuickMeds Logistics,48,27.27,Delivered,0.00,0
ORD-01793,PharmaFleet,48,21.16,Delivered,0.00,0
ORD-01794,MedExpress,48,33.11,Delivered,0.00,0
ORD-01795,HealthDash,24,17.96,Delivered,0.00,0
ORD-01796,QuickMeds Logistics,24,23.96,Delivered,0.00,0
ORD-01797,QuickMeds Logistics,48,16.99,Delivered,0.00,0
ORD-01798,PharmaFleet,24,21.01,Delivered,0.00,0
ORD-01799,MedExpress,72,62.28,Delivered,0.00,0
ORD-01800,PharmaFleet,24,19.69,Delivered,0.00,0
ORD-01801,PharmaFleet,24,18.38,Delivered,0.00,0
ORD-01802,LocalCare Couriers,72,41.86,Delivered,0.00,0
ORD-01803,QuickMeds Logistics,48,29.29,Delivered,0.00,0
ORD-01804,QuickMeds Logistics,24,19.94,Delivered,0.00,0
ORD-01805,HealthDash,48,26.49,Delivered,0.00,0
ORD-01806,MedExpress,48,17.80,Delivered,0.00,0
ORD-01807,QuickMeds Logistics,24,6.62,Delivered,0.00,0
ORD-01808,QuickMeds Logistics,48,12.74,Delivered,0.00,0
ORD-01809,HealthDash,48,18.76,Delivered,0.00,0
ORD-01810,QuickMeds Logistics,24,23.21,Delivered,0.00,0
ORD-01811,MedExpress,48,11.02,Delivered,0.00,0
ORD-01812,QuickMeds Logistics,48,13.06,Delivered,0.00,0
ORD-01813,QuickMeds Logistics,48,17.05,Delivered,0.00,0
ORD-01814,HealthDash,24,36.87,Delivered,0.00,0
ORD-01816,PharmaFleet,24,8.24,Delivered,0.00,0
ORD-01817,MedExpress,48,7.71,Delivered,0.00,0
ORD-01818,QuickMeds Logistics,48,39.42,Delivered,0.00,0
ORD-01819,LocalCare Couriers,48,21.68,Delivered,0.00,0
ORD-01820,QuickMeds Logistics,72,32.43,Delivered,0.00,0
ORD-01821,QuickMeds Logistics,24,9.24,Delivered,0.00,0
ORD-01822,HealthDash,24,17.39,Delivered,0.00,0
ORD-01823,PharmaFleet,48,22.71,Delivered,0.00,0
ORD-01824,QuickMeds Logistics,24,,Returned,1177.95,1
ORD-01825,PharmaFleet,48,35.35,Delivered,0.00,0
ORD-01826,MedExpress,24,9.10,Delivered,0.00,0
ORD-01827,PharmaFleet,48,13.76,Delivered,0.00,0
ORD-01828,LocalCare Couriers,72,67.42,Delivered,0.00,0
ORD-01829,PharmaFleet,24,17.42,Delivered,0.00,0
ORD-01830,MedExpress,48,16.49,Delivered,0.00,0
ORD-01831,PharmaFleet,72,88.13,Delivered,0.00,0
ORD-01832,HealthDash,24,8.39,Delivered,0.00,0
ORD-01833,PharmaFleet,72,39.94,Delivered,0.00,0
ORD-01834,QuickMeds Logistics,48,23.05,Delivered,0.00,0
ORD-01835,LocalCare Couriers,72,26.03,Delivered,0.00,0
ORD-01836,LocalCare Couriers,48,109.86,Delivered,0.00,0
ORD-01838,HealthDash,72,23.72,Delivered,0.00,0
ORD-01839,LocalCare Couriers,48,27.38,Delivered,0.00,0
ORD-01840,HealthDash,72,27.61,Delivered,0.00,0
ORD-01841,PharmaFleet,48,10.25,Delivered,0.00,0
ORD-01842,QuickMeds Logistics,48,15.13,Delivered,0.00,0
ORD-01843,QuickMeds Logistics,48,54.51,Delivered,0.00,0
ORD-01844,HealthDash,24,12.28,Delivered,0.00,0
ORD-01845,QuickMeds Logistics,24,13.39,Delivered,0.00,0
ORD-01846,MedExpress,48,15.12,Delivered,0.00,0
ORD-01847,PharmaFleet,24,31.20,Delivered,1045.80,1
ORD-01848,HealthDash,48,18.14,Delivered,0.00,0
ORD-01849,QuickMeds Logistics,72,40.40,Delivered,0.00,0
ORD-01850,LocalCare Couriers,48,49.82,Delivered,0.00,0
ORD-01851,QuickMeds Logistics,24,15.40,Delivered,0.00,0
ORD-01852,LocalCare Couriers,48,78.26,Delivered,0.00,0
ORD-01853,LocalCare Couriers,48,15.19,Delivered,0.00,0
ORD-01854,MedExpress,48,42.22,Delivered,0.00,0
ORD-01855,PharmaFleet,24,48.08,Delivered,0.00,0
ORD-01856,HealthDash,48,34.54,Delivered,0.00,0
ORD-01857,QuickMeds Logistics,48,40.97,Delivered,0.00,0
ORD-01858,HealthDash,72,48.27,Delivered,1677.17,1
ORD-01859,MedExpress,48,28.32,Delivered,0.00,0
ORD-01860,MedExpress,48,17.27,Delivered,0.00,0
ORD-01861,PharmaFleet,48,22.72,Delivered,0.00,0
ORD-01862,QuickMeds Logistics,48,38.22,Delivered,0.00,0
ORD-01863,LocalCare Couriers,48,69.39,Delivered,0.00,0
ORD-01864,HealthDash,48,20.75,Delivered,0.00,0
ORD-01865,LocalCare Couriers,72,83.44,Delivered,0.00,0
ORD-01866,LocalCare Couriers,48,23.90,Delivered,0.00,0
ORD-01867,MedExpress,24,20.54,Delivered,0.00,0
ORD-01868,MedExpress,24,14.62,Delivered,0.00,0
ORD-01869,PharmaFleet,48,33.07,Delivered,0.00,0
ORD-01870,MedExpress,24,14.41,Delivered,0.00,0
ORD-01871,MedExpress,24,15.81,Delivered,0.00,0
ORD-01872,QuickMeds Logistics,24,25.16,Delivered,0.00,0
ORD-01873,MedExpress,48,29.94,Delivered,0.00,0
ORD-01874,HealthDash,24,27.01,Delivered,0.00,0
ORD-01875,QuickMeds Logistics,48,23.18,Delivered,0.00,0
ORD-01876,QuickMeds Logistics,24,16.40,Delivered,0.00,0
ORD-01877,PharmaFleet,48,20.20,Delivered,0.00,0
ORD-01878,HealthDash,48,14.02,Delivered,0.00,0
ORD-01879,HealthDash,24,13.56,Delivered,0.00,0
ORD-01880,QuickMeds Logistics,24,22.01,Delivered,0.00,0
ORD-01881,PharmaFleet,24,32.55,Delivered,0.00,0
ORD-01882,MedExpress,24,10.94,Delivered,0.00,0
ORD-01883,LocalCare Couriers,48,34.55,Delivered,0.00,0
ORD-01884,QuickMeds Logistics,72,44.47,Delivered,0.00,0
ORD-01885,MedExpress,72,47.69,Delivered,0.00,0
ORD-01887,MedExpress,24,36.55,Delivered,307.13,1
ORD-01889,MedExpress,48,40.20,Delivered,0.00,0
ORD-01890,HealthDash,72,27.31,Delivered,0.00,0
ORD-01891,PharmaFleet,24,36.70,Delivered,0.00,0
ORD-01892,QuickMeds Logistics,48,24.63,Delivered,0.00,0
ORD-01893,PharmaFleet,48,83.35,Delivered,0.00,0
ORD-01894,MedExpress,48,12.86,Delivered,0.00,0
ORD-01895,MedExpress,24,19.37,Delivered,0.00,0
ORD-01896,MedExpress,48,16.01,Delivered,0.00,0
ORD-01897,HealthDash,72,31.92,Delivered,0.00,0
ORD-01898,QuickMeds Logistics,24,13.88,Delivered,0.00,0
ORD-01899,QuickMeds Logistics,48,33.16,Delivered,0.00,0
ORD-01900,MedExpress,24,19.84,Delivered,0.00,0
ORD-01902,QuickMeds Logistics,48,35.42,Delivered,0.00,0
ORD-01903,MedExpress,48,31.87,Delivered,0.00,0
ORD-01904,QuickMeds Logistics,24,16.51,Delivered,620.38,1
ORD-01905,MedExpress,24,20.17,Delivered,0.00,0
ORD-01906,PharmaFleet,48,13.58,Delivered,0.00,0
ORD-01907,QuickMeds Logistics,48,22.34,Delivered,0.00,0
ORD-01908,QuickMeds Logistics,48,24.67,Delivered,0.00,0
ORD-01909,MedExpress,24,,Returned,987.64,1
ORD-01910,LocalCare Couriers,72,185.33,Delivered,2119.81,1
ORD-01912,LocalCare Couriers,48,32.65,Delivered,0.00,0
ORD-01913,MedExpress,24,22.46,Delivered,0.00,0
ORD-01914,QuickMeds Logistics,24,15.37,Delivered,0.00,0
ORD-01915,MedExpress,48,22.79,Delivered,0.00,0
ORD-01916,MedExpress,48,24.14,Delivered,0.00,0
ORD-01917,MedExpress,24,14.79,Delivered,0.00,0
ORD-01918,QuickMeds Logistics,48,13.76,Delivered,0.00,0
ORD-01919,MedExpress,48,28.53,Delivered,0.00,0
ORD-01920,QuickMeds Logistics,24,10.77,Delivered,0.00,0
ORD-01921,HealthDash,48,27.95,Delivered,0.00,0
ORD-01922,PharmaFleet,48,12.55,Delivered,0.00,0
ORD-01925,MedExpress,48,26.03,Delivered,0.00,0
ORD-01926,PharmaFleet,48,41.46,Delivered,0.00,0
ORD-01927,HealthDash,24,31.81,Delivered,0.00,0
ORD-01928,MedExpress,24,8.94,Delivered,0.00,0
ORD-01929,QuickMeds Logistics,24,22.29,Delivered,0.00,0
ORD-01930,HealthDash,48,12.11,Delivered,0.00,0
ORD-01931,PharmaFleet,48,38.35,Delivered,0.00,0
ORD-01932,QuickMeds Logistics,48,26.75,Delivered,0.00,0
ORD-01933,LocalCare Couriers,48,27.65,Delivered,0.00,0
ORD-01934,MedExpress,48,29.82,Delivered,0.00,0
ORD-01935,PharmaFleet,48,30.66,Delivered,0.00,0
ORD-01937,MedExpress,48,21.64,Delivered,0.00,0
ORD-01938,QuickMeds Logistics,48,30.48,Delivered,0.00,0
ORD-01939,HealthDash,48,31.97,Delivered,0.00,0
ORD-01940,LocalCare Couriers,48,44.31,Delivered,0.00,0
ORD-01941,PharmaFleet,48,18.17,Delivered,0.00,0
ORD-01942,LocalCare Couriers,24,13.88,Delivered,0.00,0
ORD-01943,QuickMeds Logistics,24,15.17,Delivered,0.00,0
ORD-01944,QuickMeds Logistics,24,21.22,Delivered,0.00,0
ORD-01945,PharmaFleet,48,22.58,Delivered,0.00,0
ORD-01946,MedExpress,48,20.86,Delivered,0.00,0
ORD-01948,QuickMeds Logistics,24,23.11,Delivered,0.00,0
ORD-01949,PharmaFleet,72,50.02,Delivered,0.00,0
ORD-01950,PharmaFleet,24,24.95,Delivered,471.17,1
ORD-01951,LocalCare Couriers,48,54.92,Delivered,966.37,1
ORD-01952,MedExpress,24,18.77,Delivered,0.00,0
ORD-01953,MedExpress,72,46.26,Delivered,0.00,0
ORD-01954,QuickMeds Logistics,48,63.77,Delivered,0.00,0
ORD-01955,PharmaFleet,48,50.60,Delivered,0.00,0
ORD-01958,MedExpress,72,27.74,Delivered,0.00,0
ORD-01959,LocalCare Couriers,48,9.21,Delivered,0.00,0
ORD-01960,MedExpress,48,9.74,Delivered,0.00,0
ORD-01961,MedExpress,24,11.83,Delivered,0.00,0
ORD-01963,LocalCare Couriers,48,44.25,Delivered,0.00,0
ORD-01964,QuickMeds Logistics,24,15.74,Delivered,0.00,0
ORD-01965,PharmaFleet,24,29.61,Delivered,0.00,0
ORD-01966,MedExpress,24,13.20,Delivered,0.00,0
ORD-01967,MedExpress,72,40.07,Delivered,0.00,0
ORD-01968,PharmaFleet,48,74.35,Delivered,0.00,0
ORD-01969,QuickMeds Logistics,48,31.54,Delivered,0.00,0
ORD-01970,MedExpress,24,18.03,Delivered,0.00,0
ORD-01971,MedExpress,24,12.51,Delivered,0.00,0
ORD-01972,MedExpress,48,19.98,Delivered,0.00,0
ORD-01973,MedExpress,48,41.36,Delivered,0.00,0
ORD-01974,MedExpress,48,22.08,Delivered,0.00,0
ORD-01975,QuickMeds Logistics,24,23.61,Delivered,0.00,0
ORD-01976,LocalCare Couriers,48,89.03,Delivered,0.00,0
ORD-01977,HealthDash,24,17.24,Delivered,0.00,0
ORD-01978,QuickMeds Logistics,72,36.61,Delivered,0.00,0
ORD-01979,QuickMeds Logistics,48,15.51,Delivered,0.00,0
ORD-01980,QuickMeds Logistics,48,21.64,Delivered,0.00,0
ORD-01982,MedExpress,24,16.14,Delivered,0.00,0
ORD-01983,HealthDash,48,22.10,Delivered,0.00,0
ORD-01984,MedExpress,48,15.22,Delivered,0.00,0
ORD-01985,MedExpress,24,12.59,Delivered,0.00,0
ORD-01987,HealthDash,72,26.54,Delivered,0.00,0
ORD-01988,LocalCare Couriers,24,33.92,Delivered,1114.84,1
ORD-01989,LocalCare Couriers,24,24.71,Delivered,0.00,0
ORD-01990,MedExpress,48,16.10,Delivered,0.00,0
ORD-01991,QuickMeds Logistics,48,50.76,Delivered,0.00,0
ORD-01992,MedExpress,48,29.06,Delivered,0.00,0
ORD-01993,LocalCare Couriers,72,39.05,Delivered,0.00,0
ORD-01994,HealthDash,24,11.50,Delivered,0.00,0
ORD-01995,MedExpress,72,49.23,Delivered,0.00,0
ORD-01996,QuickMeds Logistics,24,17.93,Delivered,0.00,0
ORD-01997,PharmaFleet,24,23.25,Delivered,0.00,0
ORD-01998,HealthDash,72,64.19,Delivered,0.00,0
ORD-01999,QuickMeds Logistics,24,16.29,Delivered,0.00,0
ORD-02000,MedExpress,48,20.29,Delivered,0.00,0
ORD-02001,HealthDash,48,41.27,Delivered,0.00,0
ORD-02002,QuickMeds Logistics,24,74.90,Delivered,0.00,0
ORD-02003,PharmaFleet,48,42.71,Delivered,0.00,0
ORD-02004,MedExpress,24,23.62,Delivered,0.00,0
ORD-02005,QuickMeds Logistics,48,15.97,Delivered,0.00,0
ORD-02006,HealthDash,48,29.66,Delivered,0.00,0
ORD-02007,LocalCare Couriers,24,25.65,Delivered,0.00,0
ORD-02008,MedExpress,24,23.32,Delivered,549.14,1
ORD-02009,HealthDash,24,18.75,Delivered,0.00,0
ORD-02011,LocalCare Couriers,72,67.94,Delivered,0.00,0
ORD-02012,MedExpress,48,12.31,Delivered,0.00,0
ORD-02014,MedExpress,72,24.05,Delivered,0.00,0
ORD-02015,PharmaFleet,48,9.67,Delivered,0.00,0
ORD-02016,QuickMeds Logistics,24,21.08,Delivered,0.00,0
ORD-02017,MedExpress,24,12.17,Delivered,0.00,0
ORD-02018,MedExpress,48,38.05,Delivered,0.00,0
ORD-02019,MedExpress,72,31.97,Delivered,0.00,0
ORD-02020,PharmaFleet,24,46.55,Delivered,0.00,0
ORD-02021,MedExpress,48,26.05,Delivered,0.00,0
ORD-02022,HealthDash,48,21.26,Delivered,0.00,0
ORD-02023,QuickMeds Logistics,48,30.01,Delivered,0.00,0
ORD-02024,QuickMeds Logistics,24,15.51,Delivered,0.00,0
ORD-02025,HealthDash,48,35.16,Delivered,0.00,0
ORD-02026,HealthDash,72,118.44,Delivered,0.00,0
ORD-02027,LocalCare Couriers,48,20.63,Delivered,0.00,0
ORD-02028,MedExpress,24,16.10,Delivered,0.00,0
ORD-02029,HealthDash,48,17.60,Delivered,0.00,0
ORD-02030,LocalCare Couriers,72,40.40,Delivered,0.00,0
ORD-02031,QuickMeds Logistics,72,83.07,Delivered,0.00,0
ORD-02032,QuickMeds Logistics,24,14.20,Delivered,896.87,1
ORD-02033,LocalCare Couriers,72,21.26,Delivered,0.00,0
ORD-02034,QuickMeds Logistics,48,26.02,Delivered,0.00,0
ORD-02035,MedExpress,24,17.77,Delivered,0.00,0
ORD-02036,MedExpress,48,13.69,Delivered,0.00,0
ORD-02037,PharmaFleet,24,17.35,Delivered,0.00,0
ORD-02038,QuickMeds Logistics,24,22.35,Delivered,0.00,0
ORD-02039,MedExpress,48,10.55,Delivered,0.00,0
ORD-02040,QuickMeds Logistics,48,21.27,Delivered,0.00,0
ORD-02041,HealthDash,24,16.80,Delivered,0.00,0
ORD-02042,LocalCare Couriers,24,63.60,Delivered,0.00,0
ORD-02043,PharmaFleet,24,27.40,Delivered,264.71,1
ORD-02044,MedExpress,48,30.08,Delivered,0.00,0
ORD-02045,HealthDash,48,19.55,Delivered,0.00,0
ORD-02046,LocalCare Couriers,24,8.31,Delivered,0.00,0
ORD-02047,MedExpress,72,33.30,Delivered,0.00,0
ORD-02048,PharmaFleet,48,44.98,Delivered,0.00,0
ORD-02049,HealthDash,24,20.40,Delivered,0.00,0
ORD-02050,QuickMeds Logistics,24,15.70,Delivered,0.00,0
ORD-02051,QuickMeds Logistics,48,34.94,Delivered,0.00,0
ORD-02052,LocalCare Couriers,48,24.27,Delivered,0.00,0
ORD-02053,MedExpress,24,11.82,Delivered,0.00,0
ORD-02054,PharmaFleet,48,19.21,Delivered,348.23,1
ORD-02055,QuickMeds Logistics,24,13.98,Delivered,0.00,0
ORD-02056,PharmaFleet,24,13.55,Delivered,0.00,0
ORD-02057,MedExpress,48,10.46,Delivered,0.00,0
ORD-02058,PharmaFleet,24,19.86,Delivered,0.00,0
ORD-02059,PharmaFleet,24,43.45,Delivered,0.00,0
ORD-02060,QuickMeds Logistics,48,27.54,Delivered,0.00,0
ORD-02061,PharmaFleet,24,11.98,Delivered,0.00,0
ORD-02062,MedExpress,48,18.60,Delivered,0.00,0
ORD-02064,MedExpress,48,38.06,Delivered,0.00,0
ORD-02065,LocalCare Couriers,48,71.67,Delivered,110.26,1
ORD-02066,MedExpress,48,60.44,Delivered,0.00,0
ORD-02067,LocalCare Couriers,48,14.40,Delivered,0.00,0
ORD-02068,MedExpress,24,13.00,Delivered,0.00,0
ORD-02069,MedExpress,24,11.71,Delivered,0.00,0
ORD-02070,LocalCare Couriers,48,66.72,Delivered,0.00,0
ORD-02072,QuickMeds Logistics,48,5.99,Delivered,0.00,0
ORD-02073,HealthDash,24,18.27,Delivered,0.00,0
ORD-02074,HealthDash,24,8.87,Delivered,0.00,0
ORD-02075,QuickMeds Logistics,48,20.41,Delivered,0.00,0
ORD-02076,PharmaFleet,24,72.27,Delivered,0.00,0
ORD-02077,MedExpress,72,48.05,Delivered,0.00,0
ORD-02078,MedExpress,72,20.97,Delivered,0.00,0
ORD-02079,HealthDash,24,17.84,Delivered,0.00,0
ORD-02080,PharmaFleet,48,15.43,Delivered,0.00,0
ORD-02081,LocalCare Couriers,72,109.50,Delivered,0.00,0
ORD-02082,MedExpress,48,7.51,Delivered,0.00,0
ORD-02083,LocalCare Couriers,24,19.94,Delivered,0.00,0
ORD-02084,PharmaFleet,48,18.52,Delivered,0.00,0
ORD-02085,PharmaFleet,24,12.24,Delivered,0.00,0
ORD-02086,QuickMeds Logistics,48,36.29,Delivered,0.00,0
ORD-02087,MedExpress,48,19.02,Delivered,0.00,0
ORD-02088,LocalCare Couriers,24,12.90,Delivered,0.00,0
ORD-02089,MedExpress,24,29.03,Delivered,0.00,0
ORD-02090,MedExpress,24,15.33,Delivered,86.73,1
ORD-02091,QuickMeds Logistics,24,16.86,Delivered,0.00,0
ORD-02092,LocalCare Couriers,48,20.09,Delivered,0.00,0
ORD-02093,LocalCare Couriers,24,26.53,Delivered,0.00,0
ORD-02094,HealthDash,72,31.93,Delivered,0.00,0
ORD-02095,LocalCare Couriers,48,32.17,Delivered,0.00,0
ORD-02096,QuickMeds Logistics,24,9.75,Delivered,0.00,0
ORD-02097,HealthDash,48,22.16,Delivered,0.00,0
ORD-02098,MedExpress,48,25.43,Delivered,0.00,0
ORD-02099,QuickMeds Logistics,48,14.80,Delivered,0.00,0
ORD-02100,MedExpress,24,19.54,Delivered,0.00,0
ORD-02101,HealthDash,24,19.19,Delivered,0.00,0
ORD-02102,PharmaFleet,48,612.50,Delivered,0.00,0
ORD-02103,MedExpress,48,31.01,Delivered,0.00,0
ORD-02104,HealthDash,24,25.36,Delivered,0.00,0
ORD-02105,MedExpress,24,13.74,Delivered,0.00,0
ORD-02106,HealthDash,48,21.83,Delivered,0.00,0
ORD-02107,MedExpress,24,16.71,Delivered,0.00,0
ORD-02108,QuickMeds Logistics,48,53.57,Delivered,0.00,0
ORD-02109,HealthDash,48,16.73,Delivered,0.00,0
ORD-02110,QuickMeds Logistics,24,16.21,Delivered,0.00,0
ORD-02112,MedExpress,48,25.09,Delivered,0.00,0
ORD-02113,QuickMeds Logistics,72,31.52,Delivered,0.00,0
ORD-02114,PharmaFleet,48,11.93,Delivered,0.00,0
ORD-02115,HealthDash,48,23.13,Delivered,1330.80,1
ORD-02116,MedExpress,48,17.70,Delivered,0.00,0
ORD-02117,HealthDash,72,76.51,Delivered,1068.16,1
ORD-02118,PharmaFleet,48,26.44,Delivered,0.00,0
ORD-02119,MedExpress,24,11.33,Delivered,0.00,0
ORD-02120,HealthDash,48,39.95,Delivered,0.00,0
ORD-02121,QuickMeds Logistics,72,44.44,Delivered,0.00,0
ORD-02122,QuickMeds Logistics,48,19.08,Delivered,0.00,0
ORD-02123,PharmaFleet,48,,Delivered,0.00,0
ORD-02124,HealthDash,72,38.88,Delivered,0.00,0
ORD-02125,QuickMeds Logistics,48,11.84,Delivered,0.00,0
ORD-02126,QuickMeds Logistics,48,19.30,Delivered,837.79,1
ORD-02127,QuickMeds Logistics,72,34.18,Delivered,0.00,0
ORD-02128,PharmaFleet,48,29.63,Delivered,0.00,0
ORD-02129,MedExpress,48,23.34,Delivered,0.00,0
ORD-02131,LocalCare Couriers,24,46.20,Delivered,167.95,1
ORD-02133,HealthDash,24,24.47,Delivered,0.00,0
ORD-02134,LocalCare Couriers,72,17.79,Delivered,0.00,0
ORD-02135,MedExpress,24,12.72,Delivered,0.00,0
ORD-02136,HealthDash,72,14.54,Delivered,0.00,0
ORD-02137,HealthDash,48,35.93,Delivered,0.00,0
ORD-02139,HealthDash,24,18.33,Delivered,1212.91,1
ORD-02140,QuickMeds Logistics,24,16.56,Delivered,0.00,0
ORD-02141,MedExpress,24,12.71,Delivered,0.00,0
ORD-02142,PharmaFleet,48,45.47,Delivered,0.00,0
ORD-02143,PharmaFleet,24,23.79,Delivered,0.00,0
ORD-02144,PharmaFleet,48,27.71,Delivered,0.00,0
ORD-02145,LocalCare Couriers,72,52.11,Delivered,0.00,0
ORD-02146,HealthDash,24,21.76,Delivered,0.00,0
ORD-02147,QuickMeds Logistics,48,16.24,Delivered,0.00,0
ORD-02148,QuickMeds Logistics,24,29.06,Delivered,0.00,0
ORD-02149,HealthDash,48,37.24,Delivered,0.00,0
ORD-02150,MedExpress,24,14.87,Delivered,0.00,0
ORD-02151,HealthDash,72,24.63,Delivered,0.00,0
ORD-02153,LocalCare Couriers,72,59.96,Delivered,0.00,0
ORD-02155,HealthDash,48,17.59,Delivered,0.00,0
ORD-02156,LocalCare Couriers,48,115.01,Delivered,0.00,0
ORD-02157,HealthDash,48,79.35,Delivered,0.00,0
ORD-02158,MedExpress,24,19.62,Delivered,0.00,0
ORD-02160,PharmaFleet,72,23.88,Delivered,1537.74,1
ORD-02161,MedExpress,48,27.42,Delivered,0.00,0
ORD-02162,PharmaFleet,24,19.92,Delivered,0.00,0
ORD-02163,HealthDash,72,23.50,Delivered,0.00,0
ORD-02164,MedExpress,24,13.26,Delivered,0.00,0
ORD-02165,HealthDash,48,39.45,Delivered,0.00,0
ORD-02166,PharmaFleet,24,31.60,Delivered,0.00,0
ORD-02168,MedExpress,24,26.14,Delivered,0.00,0
ORD-02169,LocalCare Couriers,24,24.74,Delivered,0.00,0
ORD-02170,HealthDash,48,18.10,Delivered,0.00,0
ORD-02171,QuickMeds Logistics,48,11.09,Delivered,0.00,0
ORD-02173,MedExpress,24,17.12,Delivered,0.00,0
ORD-02174,HealthDash,24,19.03,Delivered,0.00,0
ORD-02175,QuickMeds Logistics,24,15.12,Delivered,0.00,0
ORD-02176,PharmaFleet,48,17.36,Delivered,0.00,0
ORD-02177,HealthDash,72,28.22,Delivered,0.00,0
ORD-02178,MedExpress,48,42.37,Delivered,0.00,0
ORD-02179,PharmaFleet,24,22.16,Delivered,0.00,0
ORD-02180,HealthDash,24,43.22,Delivered,0.00,0
ORD-02181,MedExpress,48,10.80,Delivered,0.00,0
ORD-02182,MedExpress,24,24.54,Delivered,0.00,0
ORD-02183,LocalCare Couriers,48,,Returned,886.02,1
ORD-02184,QuickMeds Logistics,48,18.97,Delivered,0.00,0
ORD-02185,MedExpress,48,38.41,Delivered,0.00,0
ORD-02186,PharmaFleet,72,82.57,Delivered,0.00,0
ORD-02187,QuickMeds Logistics,24,27.96,Delivered,0.00,0
ORD-02188,HealthDash,48,32.54,Delivered,0.00,0
ORD-02189,QuickMeds Logistics,48,17.65,Delivered,0.00,0
ORD-02190,QuickMeds Logistics,24,36.65,Delivered,0.00,0
ORD-02191,QuickMeds Logistics,48,24.87,Delivered,0.00,0
ORD-02192,QuickMeds Logistics,24,6.09,Delivered,0.00,0
ORD-02193,LocalCare Couriers,72,50.76,Delivered,0.00,0
ORD-02194,PharmaFleet,48,19.18,Delivered,0.00,0
ORD-02195,MedExpress,48,27.41,Delivered,0.00,0
ORD-02196,MedExpress,48,19.95,Delivered,0.00,0
ORD-02197,MedExpress,48,17.76,Delivered,0.00,0
ORD-02198,HealthDash,48,26.67,Delivered,0.00,0
ORD-02199,MedExpress,24,28.64,Delivered,32.74,1
ORD-02200,QuickMeds Logistics,24,9.43,Delivered,0.00,0
ORD-02201,HealthDash,24,11.27,Delivered,0.00,0
ORD-02202,PharmaFleet,24,14.59,Delivered,0.00,0
ORD-02204,HealthDash,48,46.03,Delivered,0.00,0
ORD-02206,HealthDash,24,23.56,Delivered,0.00,0
ORD-02207,LocalCare Couriers,48,16.27,Delivered,0.00,0
ORD-02208,MedExpress,48,18.60,Delivered,0.00,0
ORD-02209,LocalCare Couriers,72,52.23,Delivered,0.00,0
ORD-02210,MedExpress,24,13.19,Delivered,0.00,0
ORD-02211,MedExpress,24,21.98,Delivered,0.00,0
ORD-02212,HealthDash,24,42.25,Delivered,0.00,0
ORD-02213,QuickMeds Logistics,48,18.44,Delivered,0.00,0
ORD-02214,QuickMeds Logistics,24,20.11,Delivered,0.00,0
ORD-02215,QuickMeds Logistics,24,18.31,Delivered,0.00,0
ORD-02216,PharmaFleet,24,48.27,Delivered,1453.20,1
ORD-02217,LocalCare Couriers,48,149.58,Delivered,1032.52,1
ORD-02218,HealthDash,48,27.66,Delivered,0.00,0
ORD-02220,MedExpress,48,16.90,Delivered,0.00,0
ORD-02221,QuickMeds Logistics,48,22.61,Delivered,0.00,0
ORD-02222,LocalCare Couriers,48,55.61,Delivered,0.00,0
ORD-02223,QuickMeds Logistics,48,23.12,Delivered,0.00,0
ORD-02225,QuickMeds Logistics,24,8.06,Delivered,0.00,0
ORD-02226,QuickMeds Logistics,72,30.03,Delivered,0.00,0
ORD-02228,HealthDash,72,45.19,Delivered,0.00,0
ORD-02229,QuickMeds Logistics,24,13.45,Delivered,0.00,0
ORD-02230,HealthDash,24,10.93,Delivered,0.00,0
ORD-02231,PharmaFleet,72,30.97,Delivered,0.00,0
ORD-02232,HealthDash,24,43.96,Delivered,0.00,0
ORD-02233,PharmaFleet,48,14.94,Delivered,0.00,0
ORD-02234,PharmaFleet,48,21.33,Delivered,0.00,0
ORD-02235,MedExpress,48,23.93,Delivered,0.00,0
ORD-02236,QuickMeds Logistics,24,36.77,Delivered,0.00,0
ORD-02237,PharmaFleet,24,9.66,Delivered,0.00,0
ORD-02238,HealthDash,24,12.84,Delivered,0.00,0
ORD-02239,PharmaFleet,24,23.64,Delivered,0.00,0
ORD-02240,PharmaFleet,48,46.12,Delivered,0.00,0
ORD-02241,QuickMeds Logistics,48,27.38,Delivered,0.00,0
ORD-02242,MedExpress,48,23.27,Delivered,0.00,0
ORD-02243,MedExpress,48,23.55,Delivered,0.00,0
ORD-02244,HealthDash,48,21.65,Delivered,0.00,0
ORD-02245,LocalCare Couriers,24,20.88,Delivered,0.00,0
ORD-02246,QuickMeds Logistics,72,29.66,Delivered,0.00,0
ORD-02247,LocalCare Couriers,48,83.79,Delivered,389.49,1
ORD-02248,LocalCare Couriers,24,27.86,Delivered,0.00,0
ORD-02249,MedExpress,24,28.13,Delivered,0.00,0
ORD-02250,PharmaFleet,72,55.06,Delivered,0.00,0
ORD-02251,HealthDash,72,57.92,Delivered,0.00,0
ORD-02252,PharmaFleet,72,9.75,Delivered,0.00,0
ORD-02253,QuickMeds Logistics,24,19.06,Delivered,0.00,0
ORD-02254,HealthDash,72,45.50,Delivered,0.00,0
ORD-02255,PharmaFleet,48,28.78,Delivered,0.00,0
ORD-02256,QuickMeds Logistics,24,31.14,Delivered,0.00,0
ORD-02257,QuickMeds Logistics,48,24.03,Delivered,0.00,0
ORD-02258,LocalCare Couriers,24,12.73,Delivered,0.00,0
ORD-02260,QuickMeds Logistics,24,19.93,Delivered,0.00,0
ORD-02261,MedExpress,48,21.69,Delivered,0.00,0
ORD-02262,MedExpress,48,13.93,Delivered,0.00,0
ORD-02263,QuickMeds Logistics,48,15.53,Delivered,0.00,0
ORD-02264,QuickMeds Logistics,24,22.62,Delivered,0.00,0
ORD-02265,PharmaFleet,24,20.78,Delivered,0.00,0
ORD-02266,PharmaFleet,24,40.68,Delivered,0.00,0
ORD-02267,MedExpress,24,14.96,Delivered,0.00,0
ORD-02268,PharmaFleet,48,8.18,Delivered,0.00,0
ORD-02269,MedExpress,48,15.53,Delivered,0.00,0
ORD-02270,MedExpress,24,16.15,Delivered,0.00,0
ORD-02271,QuickMeds Logistics,24,21.47,Delivered,0.00,0
ORD-02273,QuickMeds Logistics,48,21.27,Delivered,0.00,0
ORD-02274,MedExpress,72,21.62,Delivered,0.00,0
ORD-02275,HealthDash,72,41.96,Delivered,0.00,0
ORD-02276,QuickMeds Logistics,48,20.73,Delivered,0.00,0
ORD-02277,LocalCare Couriers,48,59.01,Delivered,0.00,0
ORD-02278,QuickMeds Logistics,48,24.06,Delivered,0.00,0
ORD-02279,QuickMeds Logistics,72,22.27,Delivered,734.19,1
ORD-02280,LocalCare Couriers,24,20.66,Delivered,0.00,0
ORD-02281,HealthDash,48,6.53,Delivered,0.00,0
ORD-02282,QuickMeds Logistics,48,28.40,Delivered,0.00,0
ORD-02283,LocalCare Couriers,48,26.05,Delivered,0.00,0
ORD-02284,MedExpress,72,28.24,Delivered,0.00,0
ORD-02285,PharmaFleet,72,40.28,Delivered,0.00,0
ORD-02286,MedExpress,24,18.60,Delivered,0.00,0
ORD-02287,MedExpress,24,24.52,Delivered,313.96,1
ORD-02288,HealthDash,48,29.68,Delivered,0.00,0
ORD-02289,QuickMeds Logistics,48,44.53,Delivered,0.00,0
ORD-02290,MedExpress,24,17.53,Delivered,0.00,0
ORD-02291,HealthDash,48,13.61,Delivered,200.35,1
ORD-02292,MedExpress,48,14.76,Delivered,0.00,0
ORD-02293,MedExpress,24,18.15,Delivered,0.00,0
ORD-02294,LocalCare Couriers,72,98.03,Delivered,0.00,0
ORD-02295,QuickMeds Logistics,48,28.84,Delivered,0.00,0
ORD-02296,QuickMeds Logistics,48,9.64,Delivered,0.00,0
ORD-02297,MedExpress,48,22.50,Delivered,0.00,0
ORD-02299,MedExpress,24,21.68,Delivered,0.00,0
ORD-02300,QuickMeds Logistics,48,42.80,Delivered,0.00,0
ORD-02301,HealthDash,48,8.17,Delivered,0.00,0
ORD-02302,MedExpress,72,25.87,Delivered,0.00,0
ORD-02303,HealthDash,48,35.43,Delivered,0.00,0
ORD-02304,QuickMeds Logistics,48,15.91,Delivered,0.00,0
ORD-02305,HealthDash,24,8.36,Delivered,0.00,0
ORD-02306,HealthDash,72,30.39,Delivered,0.00,0
ORD-02308,MedExpress,24,10.39,Delivered,0.00,0
ORD-02309,HealthDash,24,27.16,Delivered,172.82,1
ORD-02310,MedExpress,48,35.61,Delivered,0.00,0
ORD-02311,LocalCare Couriers,24,33.28,Delivered,0.00,0
ORD-02312,MedExpress,24,13.55,Delivered,0.00,0
ORD-02313,HealthDash,24,19.60,Delivered,0.00,0
ORD-02314,PharmaFleet,24,21.02,Delivered,0.00,0
ORD-02315,QuickMeds Logistics,24,23.32,Delivered,0.00,0
ORD-02316,MedExpress,24,13.28,Delivered,0.00,0
ORD-02317,MedExpress,24,10.35,Delivered,0.00,0
ORD-02319,HealthDash,24,34.17,Delivered,0.00,0
ORD-02320,QuickMeds Logistics,24,22.38,Delivered,0.00,0
ORD-02321,PharmaFleet,24,27.61,Delivered,0.00,0
ORD-02322,MedExpress,48,28.01,Delivered,0.00,0
ORD-02323,HealthDash,72,100.47,Delivered,386.48,0
ORD-02324,MedExpress,24,23.05,Delivered,0.00,0
ORD-02325,QuickMeds Logistics,48,15.17,Delivered,0.00,0
ORD-02326,QuickMeds Logistics,48,24.21,Delivered,0.00,0
ORD-02327,HealthDash,48,20.14,Delivered,0.00,0
ORD-02328,MedExpress,24,12.35,Delivered,0.00,0
ORD-02329,HealthDash,72,27.60,Delivered,631.02,1
ORD-02330,HealthDash,48,24.65,Delivered,0.00,0
ORD-02331,PharmaFleet,24,34.34,Delivered,0.00,0
ORD-02332,PharmaFleet,24,45.45,Delivered,0.00,0
ORD-02333,PharmaFleet,24,30.86,Delivered,0.00,0
ORD-02334,QuickMeds Logistics,24,19.97,Delivered,0.00,0
ORD-02335,PharmaFleet,48,38.78,Delivered,0.00,0
ORD-02336,PharmaFleet,48,27.18,Delivered,0.00,0
ORD-02337,QuickMeds Logistics,48,9.57,Delivered,0.00,0
ORD-02338,MedExpress,48,20.03,Delivered,0.00,0
ORD-02339,LocalCare Couriers,24,30.74,Delivered,0.00,0
ORD-02340,MedExpress,24,31.10,Delivered,242.74,1
ORD-02341,MedExpress,24,15.01,Delivered,0.00,0
ORD-02342,MedExpress,48,23.70,Delivered,0.00,0
ORD-02345,QuickMeds Logistics,24,13.90,Delivered,0.00,0
ORD-02346,HealthDash,24,48.58,Delivered,0.00,0
ORD-02347,HealthDash,48,40.30,Delivered,0.00,0
ORD-02348,MedExpress,24,23.12,Delivered,0.00,0
ORD-02349,MedExpress,24,14.86,Delivered,0.00,0
ORD-02350,HealthDash,72,35.15,Delivered,0.00,0
ORD-02351,MedExpress,24,15.11,Delivered,0.00,0
ORD-02352,MedExpress,24,10.02,Delivered,0.00,0
ORD-02353,QuickMeds Logistics,48,45.13,Delivered,0.00,0
ORD-02354,QuickMeds Logistics,48,32.24,Delivered,0.00,0
ORD-02355,MedExpress,24,19.54,Delivered,0.00,0
ORD-02356,MedExpress,24,17.11,Delivered,0.00,0
ORD-02357,LocalCare Couriers,48,24.56,Delivered,0.00,0
ORD-02358,LocalCare Couriers,48,48.07,Delivered,0.00,0
ORD-02359,PharmaFleet,24,23.06,Delivered,0.00,0
ORD-02361,QuickMeds Logistics,48,27.11,Delivered,0.00,0
ORD-02362,PharmaFleet,48,22.58,Delivered,0.00,0
ORD-02363,QuickMeds Logistics,24,12.05,Delivered,0.00,0
ORD-02364,HealthDash,72,28.48,Delivered,0.00,0
ORD-02365,LocalCare Couriers,24,27.42,Delivered,0.00,0
ORD-02366,HealthDash,24,18.32,Delivered,0.00,0
ORD-02367,PharmaFleet,24,44.98,Delivered,0.00,0
ORD-02368,PharmaFleet,48,38.47,Delivered,0.00,0
ORD-02369,MedExpress,48,14.07,Delivered,0.00,0
ORD-02370,PharmaFleet,72,217.88,Delivered,0.00,0
ORD-02371,MedExpress,24,15.02,Delivered,0.00,0
ORD-02372,QuickMeds Logistics,48,62.33,Delivered,0.00,0
ORD-02373,LocalCare Couriers,72,41.52,Delivered,0.00,0
ORD-02374,MedExpress,24,18.11,Delivered,0.00,0
ORD-02375,PharmaFleet,48,72.66,Delivered,0.00,0
ORD-02376,HealthDash,24,11.51,Delivered,0.00,0
ORD-02377,PharmaFleet,24,,Returned,207.33,1
ORD-02378,QuickMeds Logistics,48,12.79,Delivered,0.00,0
ORD-02379,PharmaFleet,48,19.47,Delivered,0.00,0
ORD-02380,HealthDash,48,16.43,Delivered,0.00,0
ORD-02381,HealthDash,48,14.23,Delivered,0.00,0
ORD-02382,HealthDash,48,14.81,Delivered,480.11,1
ORD-02383,MedExpress,48,19.20,Delivered,0.00,0
ORD-02384,QuickMeds Logistics,48,23.20,Delivered,0.00,0
ORD-02385,HealthDash,24,19.90,Delivered,0.00,0
ORD-02386,PharmaFleet,48,23.54,Delivered,0.00,0
ORD-02387,HealthDash,24,30.10,Delivered,0.00,0
ORD-02389,MedExpress,48,60.62,Delivered,0.00,0
ORD-02390,MedExpress,24,7.93,Delivered,0.00,0
ORD-02391,QuickMeds Logistics,24,32.84,Delivered,0.00,0
ORD-02392,MedExpress,72,32.13,Delivered,0.00,0
ORD-02393,HealthDash,24,10.20,Delivered,0.00,0
ORD-02394,MedExpress,72,36.44,Delivered,0.00,0
ORD-02395,PharmaFleet,24,29.39,Delivered,0.00,0
ORD-02396,MedExpress,24,20.43,Delivered,0.00,0
ORD-02397,MedExpress,48,16.99,Delivered,776.48,1
ORD-02399,QuickMeds Logistics,24,19.57,Delivered,0.00,0
ORD-02400,PharmaFleet,48,19.68,Delivered,0.00,0
ORD-02401,HealthDash,48,20.14,Delivered,0.00,0
ORD-02402,QuickMeds Logistics,24,24.15,Delivered,0.00,0
ORD-02403,QuickMeds Logistics,24,12.22,Delivered,0.00,0
ORD-02404,HealthDash,24,23.07,Delivered,0.00,0
ORD-02405,QuickMeds Logistics,24,31.63,Delivered,502.26,1
ORD-02406,HealthDash,24,18.52,Delivered,0.00,0
ORD-02407,QuickMeds Logistics,48,23.77,Delivered,0.00,0
ORD-02408,HealthDash,48,20.02,Delivered,0.00,0
ORD-02409,MedExpress,24,14.37,Delivered,0.00,0
ORD-02410,MedExpress,24,7.70,Delivered,0.00,0
ORD-02411,HealthDash,48,18.89,Delivered,0.00,0
ORD-02412,MedExpress,48,13.76,Delivered,0.00,0
ORD-02414,QuickMeds Logistics,24,16.51,Delivered,57.41,1
ORD-02415,QuickMeds Logistics,24,8.27,Delivered,0.00,0
ORD-02416,HealthDash,24,9.85,Delivered,0.00,0
ORD-02417,PharmaFleet,24,57.52,Delivered,0.00,0
ORD-02418,PharmaFleet,24,23.56,Delivered,0.00,0
ORD-02420,MedExpress,24,8.30,Delivered,0.00,0
ORD-02421,MedExpress,24,11.46,Delivered,0.00,0
ORD-02422,LocalCare Couriers,24,24.26,Delivered,0.00,0
ORD-02423,MedExpress,24,17.13,Delivered,0.00,0
ORD-02424,PharmaFleet,48,20.09,Delivered,0.00,0
ORD-02425,MedExpress,72,67.19,Delivered,0.00,0
ORD-02426,MedExpress,24,33.32,Delivered,0.00,0
ORD-02427,QuickMeds Logistics,24,20.77,Delivered,0.00,0
ORD-02428,PharmaFleet,48,34.10,Delivered,0.00,0
ORD-02429,HealthDash,24,24.84,Delivered,0.00,0
ORD-02430,HealthDash,72,17.96,Delivered,0.00,0
ORD-02431,MedExpress,72,47.30,Delivered,0.00,0
ORD-02432,MedExpress,72,34.17,Delivered,0.00,0
ORD-02433,QuickMeds Logistics,48,10.96,Delivered,0.00,0
ORD-02434,HealthDash,24,14.53,Delivered,0.00,0
ORD-02435,MedExpress,48,19.35,Delivered,0.00,0
ORD-02436,MedExpress,48,16.83,Delivered,0.00,1
ORD-02437,MedExpress,48,10.79,Delivered,0.00,0
ORD-02438,QuickMeds Logistics,24,12.70,Delivered,0.00,0
ORD-02439,PharmaFleet,48,39.07,Delivered,0.00,0
ORD-02440,HealthDash,72,82.04,Delivered,0.00,0
ORD-02442,QuickMeds Logistics,48,18.75,Delivered,0.00,0
ORD-02443,QuickMeds Logistics,48,8.71,Delivered,0.00,0
ORD-02445,LocalCare Couriers,48,16.76,Delivered,0.00,0
ORD-02446,QuickMeds Logistics,48,75.96,Delivered,0.00,0
ORD-02447,HealthDash,48,38.88,Delivered,0.00,0
ORD-02448,QuickMeds Logistics,72,14.84,Delivered,984.79,1
ORD-02449,QuickMeds Logistics,24,45.69,Delivered,365.33,1
ORD-02450,MedExpress,24,8.66,Delivered,0.00,0
ORD-02451,PharmaFleet,24,30.08,Delivered,0.00,0
ORD-02452,MedExpress,48,10.01,Delivered,0.00,0
ORD-02453,MedExpress,48,36.05,Delivered,0.00,0
ORD-02454,MedExpress,24,8.54,Delivered,0.00,0
ORD-02455,MedExpress,48,15.51,Delivered,0.00,0
ORD-02456,MedExpress,72,45.80,Delivered,0.00,0
ORD-02457,QuickMeds Logistics,48,14.41,Delivered,0.00,0
ORD-02458,LocalCare Couriers,48,61.66,Delivered,0.00,0
ORD-02459,HealthDash,48,51.28,Delivered,0.00,0
ORD-02460,MedExpress,48,16.14,Delivered,0.00,0
ORD-02461,QuickMeds Logistics,24,9.67,Delivered,0.00,0
ORD-02462,QuickMeds Logistics,24,11.22,Delivered,0.00,0
ORD-02463,MedExpress,24,11.67,Delivered,0.00,0
ORD-02464,HealthDash,72,46.36,Delivered,0.00,0
ORD-02465,QuickMeds Logistics,72,52.23,Delivered,0.00,0
ORD-02466,MedExpress,48,16.47,Delivered,0.00,0
ORD-02468,QuickMeds Logistics,48,24.43,Delivered,0.00,0
ORD-02469,HealthDash,48,9.14,Delivered,0.00,0
ORD-02470,MedExpress,48,33.36,Delivered,0.00,0
ORD-02471,PharmaFleet,48,42.47,Delivered,0.00,0
ORD-02472,HealthDash,48,25.28,Delivered,0.00,0
ORD-02473,PharmaFleet,48,65.04,Delivered,0.00,0
ORD-02474,MedExpress,48,24.13,Delivered,0.00,0
ORD-02475,QuickMeds Logistics,48,34.95,Delivered,0.00,0
ORD-02476,HealthDash,72,67.99,Delivered,0.00,0
ORD-02477,MedExpress,24,15.88,Delivered,0.00,0
ORD-02478,QuickMeds Logistics,48,33.65,Delivered,0.00,0
ORD-02479,MedExpress,24,13.56,Delivered,0.00,0
ORD-02480,MedExpress,24,18.76,Delivered,0.00,0
ORD-02481,PharmaFleet,24,13.03,Delivered,0.00,0
ORD-02482,LocalCare Couriers,24,22.12,Delivered,0.00,0
ORD-02483,LocalCare Couriers,72,33.96,Delivered,0.00,0
ORD-02484,HealthDash,48,42.51,Delivered,0.00,0
ORD-02485,QuickMeds Logistics,24,13.41,Delivered,0.00,0
ORD-02486,PharmaFleet,24,18.70,Delivered,0.00,0
ORD-02487,LocalCare Couriers,48,28.43,Delivered,0.00,0
ORD-02488,MedExpress,48,15.05,Delivered,0.00,0
ORD-02489,HealthDash,24,21.60,Delivered,0.00,0
ORD-02490,MedExpress,72,26.48,Delivered,0.00,0
ORD-02492,HealthDash,24,15.56,Delivered,0.00,0
ORD-02493,QuickMeds Logistics,24,17.05,Delivered,0.00,0
ORD-02494,HealthDash,24,30.57,Delivered,0.00,0
ORD-02495,QuickMeds Logistics,48,26.42,Delivered,0.00,0
ORD-02496,HealthDash,72,18.38,Delivered,0.00,0
ORD-02497,QuickMeds Logistics,72,55.84,Delivered,0.00,0
ORD-02498,LocalCare Couriers,72,105.70,Delivered,0.00,0
ORD-02499,PharmaFleet,24,32.11,Delivered,0.00,0
ORD-02500,MedExpress,24,6.32,Delivered,0.00,0
ORD-02502,HealthDash,48,40.63,Delivered,0.00,0
ORD-02503,MedExpress,48,26.77,Delivered,0.00,0
ORD-02504,PharmaFleet,48,37.98,Delivered,0.00,0
ORD-02506,MedExpress,72,93.91,Delivered,0.00,0
ORD-02507,QuickMeds Logistics,24,7.25,Delivered,0.00,0
ORD-02508,MedExpress,24,15.52,Delivered,0.00,0
ORD-02509,HealthDash,72,51.80,Delivered,0.00,0
ORD-02510,MedExpress,24,16.21,Delivered,0.00,0
ORD-02511,PharmaFleet,24,32.50,Delivered,0.00,0
ORD-02512,MedExpress,24,17.25,Delivered,0.00,0
ORD-02513,QuickMeds Logistics,24,9.81,Delivered,0.00,0
ORD-02514,HealthDash,24,14.26,Delivered,0.00,0
ORD-02515,QuickMeds Logistics,24,20.16,Delivered,0.00,0
ORD-02516,QuickMeds Logistics,48,7.14,Delivered,0.00,0
ORD-02517,MedExpress,24,20.29,Delivered,0.00,0
ORD-02518,QuickMeds Logistics,24,15.18,Delivered,0.00,0
ORD-02519,QuickMeds Logistics,48,20.65,Delivered,0.00,0
ORD-02520,MedExpress,24,20.09,Delivered,0.00,0
ORD-02521,HealthDash,72,230.63,Delivered,0.00,0
ORD-02522,QuickMeds Logistics,72,65.59,Delivered,0.00,0
ORD-02523,QuickMeds Logistics,48,11.82,Delivered,0.00,0
ORD-02524,PharmaFleet,48,139.58,Delivered,0.00,0
ORD-02526,HealthDash,72,10.33,Delivered,0.00,0
ORD-02527,HealthDash,48,27.54,Delivered,0.00,0
ORD-02528,QuickMeds Logistics,48,37.06,Delivered,0.00,0
ORD-02529,PharmaFleet,48,,Delivered,0.00,0
ORD-02530,MedExpress,48,17.85,Delivered,0.00,0
ORD-02531,QuickMeds Logistics,48,17.30,Delivered,0.00,0
ORD-02532,LocalCare Couriers,24,54.31,Delivered,0.00,0
ORD-02533,HealthDash,48,18.15,Delivered,0.00,0
ORD-02534,LocalCare Couriers,48,23.35,Delivered,0.00,0
ORD-02535,HealthDash,24,44.42,Delivered,330.87,1
ORD-02536,MedExpress,24,20.44,Delivered,0.00,0
ORD-02537,HealthDash,24,16.77,Delivered,0.00,0
ORD-02538,PharmaFleet,48,28.56,Delivered,0.00,0
ORD-02539,MedExpress,72,1440.00,Delivered,0.00,0
ORD-02540,HealthDash,72,17.59,Delivered,0.00,0
ORD-02541,PharmaFleet,48,15.46,Delivered,0.00,0
ORD-02542,LocalCare Couriers,48,31.61,Delivered,0.00,0
ORD-02543,MedExpress,72,41.33,Delivered,0.00,0
ORD-02544,QuickMeds Logistics,24,17.92,Delivered,0.00,0
ORD-02545,MedExpress,48,24.79,Delivered,0.00,0
ORD-02546,HealthDash,48,14.74,Delivered,0.00,0
ORD-02547,QuickMeds Logistics,48,22.43,Delivered,0.00,0
ORD-02548,MedExpress,24,9.18,Delivered,0.00,0
ORD-02550,MedExpress,24,10.76,Delivered,0.00,0
ORD-02551,MedExpress,48,13.62,Delivered,0.00,0
ORD-02552,MedExpress,48,7.07,Delivered,0.00,0
ORD-02553,QuickMeds Logistics,48,12.21,Delivered,0.00,0
ORD-02554,LocalCare Couriers,48,16.08,Delivered,0.00,0
ORD-02555,HealthDash,24,17.10,Delivered,0.00,0
ORD-02556,HealthDash,24,41.29,Delivered,0.00,0
ORD-02557,PharmaFleet,24,9.82,Delivered,0.00,0
ORD-02558,LocalCare Couriers,72,85.70,Delivered,0.00,0
ORD-02559,MedExpress,48,29.85,Delivered,0.00,0
ORD-02560,HealthDash,24,31.10,Delivered,0.00,0
ORD-02561,LocalCare Couriers,48,56.32,Delivered,0.00,0
ORD-02562,HealthDash,24,34.35,Delivered,1044.32,1
ORD-02563,QuickMeds Logistics,48,46.29,Delivered,0.00,0
ORD-02564,MedExpress,48,46.60,Delivered,0.00,0
ORD-02565,QuickMeds Logistics,48,22.18,Delivered,0.00,0
ORD-02566,QuickMeds Logistics,48,11.07,Delivered,0.00,0
ORD-02567,HealthDash,24,32.68,Delivered,385.67,1
ORD-02569,PharmaFleet,48,179.56,Delivered,0.00,0
ORD-02570,PharmaFleet,48,19.54,Delivered,0.00,0
ORD-02571,LocalCare Couriers,48,49.87,Delivered,0.00,0
ORD-02572,QuickMeds Logistics,48,37.14,Delivered,0.00,0
ORD-02573,QuickMeds Logistics,48,10.15,Delivered,0.00,0
ORD-02574,LocalCare Couriers,72,28.75,Delivered,0.00,0
ORD-02575,HealthDash,24,21.37,Delivered,0.00,0
ORD-02576,MedExpress,72,28.85,Delivered,0.00,0
ORD-02577,HealthDash,24,18.16,Delivered,0.00,0
ORD-02578,QuickMeds Logistics,48,35.85,Delivered,0.00,0
ORD-02579,LocalCare Couriers,48,44.47,Delivered,0.00,0
ORD-02580,LocalCare Couriers,24,16.77,Delivered,0.00,0
ORD-02581,PharmaFleet,24,27.14,Delivered,269.67,1
ORD-02582,MedExpress,48,19.10,Delivered,0.00,0
ORD-02583,HealthDash,24,12.89,Delivered,0.00,0
ORD-02584,QuickMeds Logistics,48,42.02,Delivered,0.00,0
ORD-02585,LocalCare Couriers,48,19.43,Delivered,0.00,0
ORD-02586,QuickMeds Logistics,48,23.19,Delivered,0.00,0
ORD-02587,PharmaFleet,48,23.02,Delivered,0.00,0
ORD-02588,PharmaFleet,72,51.05,Delivered,0.00,0
ORD-02589,QuickMeds Logistics,24,15.77,Delivered,0.00,0
ORD-02590,MedExpress,72,31.28,Delivered,0.00,0
ORD-02591,QuickMeds Logistics,24,18.40,Delivered,0.00,0
ORD-02592,HealthDash,48,27.91,Delivered,0.00,0
ORD-02593,QuickMeds Logistics,24,15.76,Delivered,0.00,0
ORD-02594,QuickMeds Logistics,24,15.70,Delivered,0.00,0
ORD-02595,QuickMeds Logistics,72,30.26,Delivered,0.00,0
ORD-02596,PharmaFleet,48,10.20,Delivered,0.00,0
ORD-02597,LocalCare Couriers,48,47.11,Delivered,0.00,0
ORD-02598,QuickMeds Logistics,24,8.78,Delivered,0.00,0
ORD-02600,QuickMeds Logistics,48,,Returned,659.13,1
ORD-02601,PharmaFleet,48,24.44,Delivered,0.00,0
ORD-02602,LocalCare Couriers,48,27.26,Delivered,0.00,0
ORD-02603,LocalCare Couriers,48,17.19,Delivered,0.00,0
ORD-02604,MedExpress,48,24.16,Delivered,0.00,0
ORD-02605,PharmaFleet,48,24.84,Delivered,0.00,0
ORD-02606,PharmaFleet,48,42.25,Delivered,0.00,0
ORD-02607,MedExpress,24,22.62,Delivered,0.00,0
ORD-02608,PharmaFleet,48,110.77,Delivered,0.00,0
ORD-02609,LocalCare Couriers,72,60.28,Delivered,0.00,0
ORD-02610,PharmaFleet,48,37.84,Delivered,0.00,0
ORD-02611,PharmaFleet,24,23.80,Delivered,0.00,0
ORD-02612,LocalCare Couriers,48,65.88,Delivered,402.74,1
ORD-02613,MedExpress,48,15.63,Delivered,0.00,0
ORD-02614,HealthDash,24,5.76,Delivered,0.00,0
ORD-02615,MedExpress,24,6.00,Delivered,0.00,0
ORD-02616,LocalCare Couriers,48,16.49,Delivered,0.00,0
ORD-02617,PharmaFleet,72,86.37,Delivered,0.00,0
ORD-02618,HealthDash,72,36.90,Delivered,0.00,0
ORD-02620,QuickMeds Logistics,24,13.29,Delivered,0.00,0
ORD-02621,MedExpress,48,19.50,Delivered,0.00,0
ORD-02622,PharmaFleet,48,48.66,Delivered,0.00,0
ORD-02623,MedExpress,24,9.29,Delivered,0.00,0
ORD-02624,HealthDash,24,22.18,Delivered,0.00,0
ORD-02625,PharmaFleet,24,34.60,Delivered,0.00,0
ORD-02626,PharmaFleet,48,64.20,Delivered,0.00,0
ORD-02627,PharmaFleet,72,41.42,Delivered,0.00,0
ORD-02628,QuickMeds Logistics,24,31.60,Delivered,0.00,0
ORD-02629,HealthDash,48,19.19,Delivered,0.00,0
ORD-02630,QuickMeds Logistics,48,95.26,Delivered,0.00,0
ORD-02631,PharmaFleet,24,17.46,Delivered,0.00,0
ORD-02632,HealthDash,24,24.11,Delivered,0.00,0
ORD-02633,QuickMeds Logistics,24,19.06,Delivered,0.00,0
ORD-02635,LocalCare Couriers,24,59.73,Delivered,0.00,0
ORD-02636,LocalCare Couriers,24,53.95,Delivered,0.00,0
ORD-02637,LocalCare Couriers,72,25.10,Delivered,0.00,0
ORD-02639,HealthDash,72,26.97,Delivered,0.00,0
ORD-02640,HealthDash,24,48.80,Delivered,0.00,0
ORD-02641,HealthDash,48,19.31,Delivered,0.00,0
ORD-02642,LocalCare Couriers,48,40.62,Delivered,0.00,0
ORD-02644,PharmaFleet,48,14.67,Delivered,0.00,0
ORD-02645,PharmaFleet,48,35.27,Delivered,0.00,0
ORD-02646,MedExpress,48,12.50,Delivered,0.00,0
ORD-02647,HealthDash,48,52.70,Delivered,0.00,0
ORD-02648,LocalCare Couriers,48,38.88,Delivered,0.00,0
ORD-02649,QuickMeds Logistics,48,58.52,Delivered,128.25,1
ORD-02651,HealthDash,48,11.98,Delivered,0.00,0
ORD-02652,HealthDash,24,29.01,Delivered,0.00,0
ORD-02653,QuickMeds Logistics,24,15.70,Delivered,0.00,0
ORD-02654,PharmaFleet,48,11.63,Delivered,0.00,0
ORD-02655,MedExpress,48,,Returned,376.82,1
ORD-02656,HealthDash,48,64.45,Delivered,0.00,0
ORD-02657,MedExpress,24,26.47,Delivered,0.00,0
ORD-02658,QuickMeds Logistics,24,14.65,Delivered,0.00,0
ORD-02659,QuickMeds Logistics,24,22.11,Delivered,0.00,0
ORD-02660,HealthDash,24,23.72,Delivered,0.00,0
ORD-02661,QuickMeds Logistics,48,15.07,Delivered,0.00,0
ORD-02663,LocalCare Couriers,48,32.89,Delivered,0.00,0
ORD-02664,QuickMeds Logistics,24,14.74,Delivered,0.00,0
ORD-02665,MedExpress,24,18.69,Delivered,0.00,0
ORD-02667,PharmaFleet,24,21.41,Delivered,0.00,0
ORD-02668,PharmaFleet,72,32.97,Delivered,0.00,0
ORD-02669,PharmaFleet,48,745.25,Delivered,0.00,0
ORD-02670,QuickMeds Logistics,24,12.66,Delivered,0.00,0
ORD-02671,MedExpress,24,25.43,Delivered,0.00,0
ORD-02672,LocalCare Couriers,72,16.14,Delivered,0.00,0
ORD-02673,MedExpress,48,15.10,Delivered,0.00,0
ORD-02674,PharmaFleet,72,37.67,Delivered,0.00,0
ORD-02675,HealthDash,48,18.17,Delivered,0.00,0
ORD-02676,LocalCare Couriers,48,25.88,Delivered,771.28,1
ORD-02677,PharmaFleet,48,12.15,Delivered,0.00,0
ORD-02678,MedExpress,72,31.74,Delivered,0.00,0
ORD-02679,PharmaFleet,72,37.19,Delivered,0.00,0
ORD-02681,PharmaFleet,48,27.58,Delivered,0.00,0
ORD-02682,PharmaFleet,48,9.31,Delivered,0.00,0
ORD-02683,MedExpress,72,59.13,Delivered,0.00,0
ORD-02684,HealthDash,48,31.47,Delivered,0.00,0
ORD-02685,HealthDash,48,4.65,Delivered,0.00,0
ORD-02686,QuickMeds Logistics,24,16.44,Delivered,254.83,1
ORD-02687,LocalCare Couriers,48,31.77,Delivered,0.00,0
ORD-02688,PharmaFleet,72,23.26,Delivered,0.00,0
ORD-02689,MedExpress,24,22.09,Delivered,0.00,0
ORD-02690,HealthDash,48,51.12,Delivered,0.00,0
ORD-02691,QuickMeds Logistics,24,21.03,Delivered,0.00,0
ORD-02692,MedExpress,24,16.40,Delivered,0.00,0
ORD-02693,PharmaFleet,48,52.97,Delivered,0.00,0
ORD-02694,MedExpress,24,9.97,Delivered,0.00,0
ORD-02695,MedExpress,48,15.03,Delivered,0.00,0
ORD-02696,MedExpress,72,50.59,Delivered,0.00,0
ORD-02697,LocalCare Couriers,48,82.54,Delivered,0.00,0
ORD-02698,MedExpress,24,8.81,Delivered,0.00,0
ORD-02699,MedExpress,48,17.65,Delivered,0.00,0
ORD-02700,PharmaFleet,48,12.44,Delivered,0.00,0
ORD-02701,QuickMeds Logistics,48,20.67,Delivered,0.00,0
ORD-02702,QuickMeds Logistics,48,14.66,Delivered,0.00,0
ORD-02703,MedExpress,24,13.05,Delivered,0.00,0
ORD-02706,HealthDash,48,21.99,Delivered,0.00,0
ORD-02707,QuickMeds Logistics,48,23.53,Delivered,0.00,0
ORD-02708,LocalCare Couriers,24,14.43,Delivered,0.00,0
ORD-02709,QuickMeds Logistics,24,17.58,Delivered,0.00,0
ORD-02710,MedExpress,72,17.09,Delivered,0.00,0
ORD-02711,MedExpress,48,24.87,Delivered,0.00,0
ORD-02712,PharmaFleet,24,10.26,Delivered,0.00,0
ORD-02713,LocalCare Couriers,24,9.62,Delivered,0.00,0
ORD-02714,PharmaFleet,24,39.27,Delivered,0.00,0
ORD-02715,HealthDash,48,15.52,Delivered,0.00,0
ORD-02716,QuickMeds Logistics,24,10.58,Delivered,0.00,0
ORD-02717,MedExpress,48,20.30,Delivered,0.00,0
ORD-02718,LocalCare Couriers,72,116.93,Delivered,0.00,0
ORD-02719,HealthDash,48,22.23,Delivered,0.00,0
ORD-02720,LocalCare Couriers,48,44.61,Delivered,0.00,0
ORD-02721,HealthDash,48,15.71,Delivered,0.00,0
ORD-02722,MedExpress,24,13.59,Delivered,0.00,0
ORD-02723,MedExpress,48,16.31,Delivered,0.00,0
ORD-02724,QuickMeds Logistics,48,18.73,Delivered,0.00,0
ORD-02725,LocalCare Couriers,48,44.06,Delivered,0.00,0
ORD-02726,HealthDash,72,15.59,Delivered,0.00,0
ORD-02727,HealthDash,48,21.14,Delivered,0.00,0
ORD-02728,MedExpress,24,12.38,Delivered,0.00,0
ORD-02729,QuickMeds Logistics,24,10.81,Delivered,0.00,0
ORD-02730,QuickMeds Logistics,48,19.57,Delivered,0.00,0
ORD-02731,MedExpress,48,17.14,Delivered,0.00,0
ORD-02732,MedExpress,24,14.61,Delivered,0.00,0
ORD-02733,QuickMeds Logistics,72,29.76,Delivered,0.00,0
ORD-02734,MedExpress,48,24.24,Delivered,0.00,0
ORD-02735,MedExpress,72,35.62,Delivered,0.00,0
ORD-02736,MedExpress,72,28.23,Delivered,0.00,0
ORD-02737,MedExpress,48,32.28,Delivered,0.00,0
ORD-02738,QuickMeds Logistics,24,21.48,Delivered,0.00,0
ORD-02739,MedExpress,24,14.37,Delivered,0.00,0
ORD-02740,MedExpress,24,10.44,Delivered,0.00,0
ORD-02741,HealthDash,72,79.00,Delivered,0.00,0
ORD-02742,MedExpress,48,34.80,Delivered,0.00,0
ORD-02743,QuickMeds Logistics,48,13.01,Delivered,0.00,0
ORD-02744,HealthDash,48,13.10,Delivered,0.00,0
ORD-02745,HealthDash,72,45.61,Delivered,0.00,0
ORD-02746,HealthDash,72,62.86,Delivered,0.00,0
ORD-02747,LocalCare Couriers,72,56.83,Delivered,0.00,0
ORD-02748,HealthDash,48,23.49,Delivered,0.00,0
ORD-02749,HealthDash,48,24.55,Delivered,0.00,0
ORD-02750,HealthDash,48,20.71,Delivered,0.00,0
ORD-02751,QuickMeds Logistics,24,7.08,Delivered,0.00,0
ORD-02752,MedExpress,72,22.18,Delivered,0.00,0
ORD-02753,PharmaFleet,48,37.10,Delivered,0.00,0
ORD-02754,MedExpress,48,21.44,Delivered,2565.35,1
ORD-02755,MedExpress,48,16.97,Delivered,0.00,0
ORD-02756,HealthDash,24,14.08,Delivered,0.00,0
ORD-02757,HealthDash,72,37.78,Delivered,0.00,0
ORD-02758,QuickMeds Logistics,48,13.90,Delivered,0.00,0
ORD-02759,MedExpress,48,26.45,Delivered,0.00,0
ORD-02760,LocalCare Couriers,72,,Delivered,0.00,0
ORD-02762,MedExpress,24,10.58,Delivered,0.00,0
ORD-02763,MedExpress,48,20.23,Delivered,0.00,0
ORD-02764,PharmaFleet,48,20.46,Delivered,0.00,0
ORD-02765,PharmaFleet,48,29.79,Delivered,0.00,0
ORD-02766,MedExpress,24,14.37,Delivered,0.00,0
ORD-02767,QuickMeds Logistics,24,29.28,Delivered,0.00,0
ORD-02768,MedExpress,24,17.04,Delivered,0.00,0
ORD-02769,LocalCare Couriers,48,56.28,Delivered,0.00,0
ORD-02770,MedExpress,24,17.97,Delivered,0.00,0
ORD-02771,MedExpress,24,31.10,Delivered,0.00,0
ORD-02772,MedExpress,48,18.64,Delivered,0.00,0
ORD-02775,HealthDash,24,18.66,Delivered,0.00,0
ORD-02776,LocalCare Couriers,48,25.54,Delivered,0.00,0
ORD-02777,MedExpress,48,8.23,Delivered,0.00,0
ORD-02778,QuickMeds Logistics,24,15.55,Delivered,0.00,0
ORD-02779,HealthDash,48,32.03,Delivered,0.00,0
ORD-02780,QuickMeds Logistics,24,19.26,Delivered,0.00,0
ORD-02781,MedExpress,48,26.24,Delivered,0.00,0
ORD-02782,MedExpress,48,37.81,Delivered,0.00,0
ORD-02783,MedExpress,24,17.26,Delivered,0.00,0
ORD-02784,HealthDash,24,26.60,Delivered,0.00,0
ORD-02785,MedExpress,48,35.28,Delivered,0.00,0
ORD-02787,MedExpress,24,12.29,Delivered,0.00,0
ORD-02788,MedExpress,24,14.19,Delivered,0.00,0
ORD-02789,HealthDash,48,8.23,Delivered,0.00,0
ORD-02790,QuickMeds Logistics,24,30.37,Delivered,0.00,0
ORD-02791,PharmaFleet,24,18.29,Delivered,0.00,0
ORD-02793,QuickMeds Logistics,24,10.99,Delivered,0.00,0
ORD-02794,MedExpress,48,12.03,Delivered,0.00,0
ORD-02795,MedExpress,48,27.26,Delivered,0.00,0
ORD-02796,PharmaFleet,24,22.46,Delivered,0.00,0
ORD-02797,MedExpress,48,15.95,Delivered,2621.72,1
ORD-02798,QuickMeds Logistics,48,39.00,Delivered,0.00,0
ORD-02799,QuickMeds Logistics,24,21.67,Delivered,0.00,0
ORD-02801,LocalCare Couriers,24,18.71,Delivered,0.00,0
ORD-02802,LocalCare Couriers,48,19.62,Delivered,0.00,0
ORD-02803,HealthDash,24,25.47,Delivered,0.00,0
ORD-02805,MedExpress,48,12.66,Delivered,0.00,0
ORD-02806,MedExpress,48,18.41,Delivered,0.00,0
ORD-02807,MedExpress,48,15.47,Delivered,0.00,0
ORD-02808,MedExpress,24,16.60,Delivered,0.00,0
ORD-02809,LocalCare Couriers,24,40.60,Delivered,0.00,0
ORD-02810,MedExpress,48,14.77,Delivered,0.00,0
ORD-02811,HealthDash,48,18.92,Delivered,0.00,0
ORD-02812,MedExpress,24,15.30,Delivered,0.00,0
ORD-02814,PharmaFleet,48,25.35,Delivered,0.00,0
ORD-02815,MedExpress,24,16.85,Delivered,0.00,0
ORD-02816,QuickMeds Logistics,48,,Returned,378.63,1
ORD-02817,MedExpress,48,15.00,Delivered,0.00,0
ORD-02818,QuickMeds Logistics,24,9.75,Delivered,340.03,1
ORD-02819,MedExpress,24,11.82,Delivered,0.00,0
ORD-02820,MedExpress,48,15.97,Delivered,0.00,0
ORD-02821,LocalCare Couriers,24,31.75,Delivered,1601.05,1
ORD-02822,PharmaFleet,24,18.73,Delivered,0.00,0
ORD-02823,QuickMeds Logistics,24,25.26,Delivered,0.00,0
ORD-02824,MedExpress,72,29.14,Delivered,0.00,0
ORD-02825,PharmaFleet,24,22.75,Delivered,0.00,0
ORD-02826,MedExpress,72,18.53,Delivered,0.00,0
ORD-02827,MedExpress,24,11.33,Delivered,0.00,0
ORD-02829,QuickMeds Logistics,48,23.25,Delivered,0.00,0
ORD-02830,MedExpress,48,24.46,Delivered,0.00,0
ORD-02831,MedExpress,24,12.35,Delivered,0.00,0
ORD-02832,QuickMeds Logistics,48,24.16,Delivered,0.00,0
ORD-02833,HealthDash,24,35.04,Delivered,0.00,0
ORD-02834,HealthDash,48,13.32,Delivered,0.00,0
ORD-02835,MedExpress,72,33.40,Delivered,0.00,0
ORD-02836,QuickMeds Logistics,48,17.35,Delivered,0.00,0
ORD-02837,MedExpress,72,50.29,Delivered,0.00,0
ORD-02838,QuickMeds Logistics,24,11.24,Delivered,0.00,0
ORD-02839,HealthDash,24,23.17,Delivered,0.00,0
ORD-02840,MedExpress,48,26.30,Delivered,0.00,0
ORD-02841,LocalCare Couriers,24,32.17,Delivered,224.92,1
ORD-02842,MedExpress,24,21.82,Delivered,0.00,0
ORD-02843,QuickMeds Logistics,24,29.04,Delivered,0.00,0
ORD-02845,QuickMeds Logistics,48,57.50,Delivered,0.00,0
ORD-02846,PharmaFleet,24,12.26,Delivered,0.00,0
ORD-02847,QuickMeds Logistics,24,13.02,Delivered,119.51,1
ORD-02848,PharmaFleet,24,35.55,Delivered,0.00,0
ORD-02849,QuickMeds Logistics,48,42.90,Delivered,0.00,0
ORD-02850,HealthDash,72,29.11,Delivered,0.00,0
ORD-02851,QuickMeds Logistics,48,533.00,Delivered,0.00,0
ORD-02852,LocalCare Couriers,24,4.18,Delivered,0.00,0
ORD-02853,PharmaFleet,24,8.62,Delivered,0.00,0
ORD-02854,QuickMeds Logistics,24,13.27,Delivered,0.00,0
ORD-02855,MedExpress,24,12.02,Delivered,0.00,0
ORD-02856,HealthDash,48,23.54,Delivered,0.00,0
ORD-02858,MedExpress,48,18.39,Delivered,0.00,0
ORD-02859,MedExpress,24,35.09,Delivered,0.00,0
ORD-02861,LocalCare Couriers,48,27.52,Delivered,0.00,0
ORD-02862,QuickMeds Logistics,48,8.90,Delivered,491.19,1
ORD-02863,QuickMeds Logistics,48,23.78,Delivered,0.00,0
ORD-02864,QuickMeds Logistics,24,31.01,Delivered,0.00,0
ORD-02865,PharmaFleet,48,21.61,Delivered,0.00,0
ORD-02866,MedExpress,48,21.62,Delivered,0.00,0
ORD-02867,MedExpress,48,11.84,Delivered,0.00,0
ORD-02869,QuickMeds Logistics,72,27.47,Delivered,0.00,0
ORD-02870,HealthDash,48,11.57,Delivered,0.00,0
ORD-02871,HealthDash,48,16.91,Delivered,0.00,0
ORD-02872,QuickMeds Logistics,48,16.40,Delivered,0.00,0
ORD-02873,LocalCare Couriers,72,73.72,Delivered,384.08,1
ORD-02874,QuickMeds Logistics,48,41.64,Delivered,0.00,0
ORD-02875,MedExpress,48,31.40,Delivered,0.00,0
ORD-02876,MedExpress,72,28.33,Delivered,0.00,0
ORD-02877,MedExpress,24,15.01,Delivered,0.00,0
ORD-02878,PharmaFleet,24,19.95,Delivered,0.00,0
ORD-02879,MedExpress,24,10.42,Delivered,0.00,0
ORD-02880,QuickMeds Logistics,48,19.99,Delivered,0.00,0
ORD-02881,LocalCare Couriers,24,19.10,Delivered,0.00,0
ORD-02882,MedExpress,24,26.66,Delivered,440.87,1
ORD-02883,PharmaFleet,24,13.76,Delivered,0.00,0
ORD-02885,HealthDash,48,16.09,Delivered,0.00,0
ORD-02886,QuickMeds Logistics,24,8.58,Delivered,0.00,0
ORD-02887,LocalCare Couriers,24,28.21,Delivered,0.00,0
ORD-02888,MedExpress,48,10.48,Delivered,0.00,0
ORD-02889,PharmaFleet,48,21.75,Delivered,0.00,0
ORD-02890,PharmaFleet,48,21.54,Delivered,0.00,0
ORD-02891,MedExpress,24,11.09,Delivered,0.00,0
ORD-02892,QuickMeds Logistics,48,13.21,Delivered,0.00,0
ORD-02893,MedExpress,48,19.49,Delivered,0.00,0
ORD-02894,QuickMeds Logistics,24,15.30,Delivered,0.00,1
ORD-02895,QuickMeds Logistics,48,32.12,Delivered,0.00,0
ORD-02896,MedExpress,48,17.53,Delivered,0.00,0
ORD-02897,MedExpress,24,12.38,Delivered,0.00,0
ORD-02898,MedExpress,48,7.89,Delivered,0.00,0
ORD-02899,HealthDash,48,18.33,Delivered,0.00,0
ORD-02900,QuickMeds Logistics,48,13.66,Delivered,0.00,0
ORD-02901,PharmaFleet,48,38.98,Delivered,0.00,0
ORD-02902,MedExpress,24,16.83,Delivered,0.00,0
ORD-02903,HealthDash,48,29.72,Delivered,0.00,0
ORD-02904,HealthDash,24,28.18,Delivered,0.00,0
ORD-02905,HealthDash,24,21.65,Delivered,0.00,0
ORD-02906,HealthDash,48,9.66,Delivered,0.00,0
ORD-02907,LocalCare Couriers,48,10.74,Delivered,0.00,0
ORD-02909,HealthDash,24,12.28,Delivered,0.00,0
ORD-02910,MedExpress,24,20.27,Delivered,0.00,0
ORD-02911,MedExpress,24,16.11,Delivered,0.00,0
ORD-02912,HealthDash,24,17.02,Delivered,0.00,0
ORD-02913,QuickMeds Logistics,48,17.53,Delivered,0.00,0
ORD-02914,HealthDash,24,32.68,Delivered,0.00,0
ORD-02915,MedExpress,24,13.74,Delivered,0.00,0
ORD-02917,QuickMeds Logistics,24,17.39,Delivered,0.00,0
ORD-02918,QuickMeds Logistics,72,68.21,Delivered,0.00,0
ORD-02919,QuickMeds Logistics,24,7.81,Delivered,0.00,0
ORD-02920,HealthDash,24,39.58,Delivered,0.00,0
ORD-02921,PharmaFleet,48,8.11,Delivered,0.00,0
ORD-02922,HealthDash,48,13.74,Delivered,0.00,0
ORD-02923,PharmaFleet,48,16.77,Delivered,0.00,0
ORD-02924,HealthDash,24,10.76,Delivered,0.00,0
ORD-02925,PharmaFleet,48,20.35,Delivered,0.00,0
ORD-02926,PharmaFleet,24,,Returned,578.42,1
ORD-02927,MedExpress,24,17.57,Delivered,0.00,0
ORD-02928,MedExpress,48,36.37,Delivered,0.00,0
ORD-02929,MedExpress,48,17.54,Delivered,0.00,0
ORD-02930,PharmaFleet,24,39.79,Delivered,0.00,0
ORD-02931,HealthDash,72,48.35,Delivered,0.00,0
ORD-02932,HealthDash,24,18.60,Delivered,0.00,0
ORD-02933,QuickMeds Logistics,48,19.32,Delivered,0.00,0
ORD-02934,HealthDash,72,24.70,Delivered,0.00,0
ORD-02935,HealthDash,48,11.47,Delivered,0.00,0
ORD-02936,PharmaFleet,72,51.34,Delivered,0.00,0
ORD-02937,PharmaFleet,72,21.33,Delivered,0.00,0
ORD-02938,QuickMeds Logistics,48,31.70,Delivered,0.00,0
ORD-02939,MedExpress,48,8.04,Delivered,0.00,0
ORD-02940,PharmaFleet,24,21.68,Delivered,0.00,0
ORD-02941,QuickMeds Logistics,24,10.46,Delivered,0.00,0
ORD-02942,PharmaFleet,24,27.41,Delivered,0.00,0
ORD-02943,LocalCare Couriers,72,39.80,Delivered,0.00,0
ORD-02944,QuickMeds Logistics,72,32.38,Delivered,0.00,0
ORD-02945,HealthDash,24,19.17,Delivered,0.00,0
ORD-02946,MedExpress,48,15.02,Delivered,0.00,0
ORD-02947,LocalCare Couriers,48,32.95,Delivered,0.00,0
ORD-02948,MedExpress,72,23.91,Delivered,0.00,0
ORD-02949,LocalCare Couriers,24,25.29,Delivered,0.00,0
ORD-02950,QuickMeds Logistics,24,11.43,Delivered,0.00,0
ORD-02951,PharmaFleet,48,29.01,Delivered,0.00,0
ORD-02952,MedExpress,48,7.34,Delivered,0.00,0
ORD-02953,QuickMeds Logistics,24,8.52,Delivered,0.00,0
ORD-02954,PharmaFleet,48,,In Transit,0.00,0
ORD-02955,PharmaFleet,72,33.70,Delivered,0.00,0
ORD-02956,HealthDash,72,19.69,Delivered,0.00,0
ORD-02957,PharmaFleet,48,39.49,Delivered,0.00,0
ORD-02958,HealthDash,24,24.80,Delivered,0.00,0
ORD-02959,HealthDash,48,24.33,Delivered,0.00,0
ORD-02960,LocalCare Couriers,48,14.37,Delivered,0.00,0
ORD-02961,PharmaFleet,48,30.17,Delivered,0.00,0
ORD-02962,PharmaFleet,48,32.96,Delivered,0.00,0
ORD-02963,PharmaFleet,24,24.54,Delivered,0.00,0
ORD-02964,LocalCare Couriers,72,45.54,Delivered,0.00,0
ORD-02965,QuickMeds Logistics,48,12.08,Delivered,0.00,0
ORD-02966,PharmaFleet,48,19.00,Delivered,0.00,0
ORD-02967,LocalCare Couriers,24,19.11,Delivered,0.00,0
ORD-02968,LocalCare Couriers,24,,In Transit,0.00,0
ORD-02969,PharmaFleet,48,21.48,Delivered,0.00,0
ORD-02970,HealthDash,48,,In Transit,0.00,0
ORD-02971,PharmaFleet,24,17.32,Delivered,0.00,0
ORD-02972,HealthDash,48,9.74,Delivered,0.00,0
ORD-02973,QuickMeds Logistics,24,17.61,Delivered,0.00,0
ORD-02974,PharmaFleet,24,35.62,Delivered,907.37,1
ORD-02975,MedExpress,72,,In Transit,0.00,0
ORD-02976,HealthDash,48,,In Transit,0.00,0
ORD-02977,MedExpress,24,12.89,Delivered,0.00,0
ORD-02978,QuickMeds Logistics,24,14.21,Delivered,0.00,0
ORD-02979,QuickMeds Logistics,48,7.07,Delivered,0.00,0
ORD-02980,MedExpress,24,19.97,Delivered,0.00,0
ORD-02981,PharmaFleet,24,17.02,Delivered,0.00,0
ORD-02983,PharmaFleet,72,,In Transit,0.00,0
ORD-02984,QuickMeds Logistics,24,12.20,Delivered,0.00,0
ORD-02985,QuickMeds Logistics,24,14.99,Delivered,0.00,0
ORD-02986,QuickMeds Logistics,24,,In Transit,0.00,0
ORD-02987,HealthDash,24,,In Transit,0.00,0
ORD-02988,QuickMeds Logistics,48,,In Transit,0.00,0
ORD-02989,QuickMeds Logistics,72,,In Transit,0.00,0
ORD-02990,MedExpress,24,8.39,Delivered,0.00,0
ORD-02991,QuickMeds Logistics,48,,In Transit,0.00,0
ORD-02992,MedExpress,72,,In Transit,0.00,0
ORD-02993,MedExpress,24,,In Transit,0.00,0
ORD-02994,LocalCare Couriers,24,,In Transit,0.00,0
ORD-02996,QuickMeds Logistics,72,,In Transit,0.00,0
ORD-02997,MedExpress,48,,In Transit,0.00,0
ORD-02998,LocalCare Couriers,24,,In Transit,0.00,0
ORD-02999,PharmaFleet,72,,In Transit,0.00,0
ORD-03000,MedExpress,24,,In Transit,0.00,0
ORD-09003,HealthDash,24,31.50,Delivered,0.00,0
ORD-09004,PharmaFleet,48,44.00,Delivered,0.00,0
