Order_ID,Customer_ID,Order_Date,Customer_City,City_Tier,Medicine_Category,Is_Prescription_Required,Order_Value,Shipping_Fee,Order_Status
ORD-00001,CUST-0651,2025-01-01 10:02:59,Bengaluru,Tier 1,OTC,0,394.20,62.00,Completed
ORD-00002,CUST-0306,2025-01-01 11:03:45,Bengaluru,Tier 1,Chronic,1,533.24,0.00,Completed
ORD-00003,CUST-0638,2025-01-01 11:05:15,Chennai,Tier 1,OTC,0,138.99,49.00,Refunded
ORD-00004,CUST-0327,2025-01-01 12:54:27,Jaipur,Tier 2,Chronic,1,1271.86,0.00,Completed
ORD-00005,CUST-0097,2025-01-01 14:33:16,Bengaluru,Tier 1,OTC,0,369.79,54.00,Completed
ORD-00006,CUST-0406,2025-01-01 16:02:00,Lucknow,Tier 2,OTC,0,267.36,78.00,Completed
ORD-00007,CUST-0033,2025-01-01 19:49:19,Delhi,Tier 1,OTC,0,394.72,44.00,Completed
ORD-00008,CUST-1195,2025-01-02 06:19:10,Lucknow,Tier 2,Chronic,1,2131.56,0.00,Cancelled
ORD-00009,CUST-1016,2025-01-02 08:52:08,Mumbai,Tier 1,Chronic,1,3015.55,0.00,Completed
ORD-00010,CUST-0821,2025-01-02 11:36:52,Mumbai,Tier 1,OTC,0,1054.42,0.00,Completed
ORD-00011,CUST-1119,2025-01-02 16:44:49,Delhi,Tier 1,OTC,0,435.14,53.00,Completed
ORD-00012,CUST-0361,2025-01-02 17:43:41,Indore,Tier 2,OTC,0,889.68,0.00,Completed
ORD-00013,CUST-0323,2025-01-02 18:27:48,Delhi,Tier 1,Chronic,1,3348.16,0.00,Completed
ORD-00014,CUST-0549,2025-01-02 18:30:30,Jaipur,Tier 2,OTC,1,1053.87,0.00,Completed
ORD-00015,CUST-0836,2025-01-02 19:37:49,Hyderabad,Tier 1,OTC,0,1514.67,0.00,Cancelled
ORD-00016,CUST-0689,2025-01-02 21:30:05,Jaipur,Tier 2,Chronic,1,1434.49,0.00,Completed
ORD-00017,CUST-0783,2025-01-02 22:26:33,Bengaluru,Tier 1,Chronic,1,1539.71,0.00,Completed
ORD-00018,CUST-0671,2025-01-02 22:41:30,Mumbai,Tier 1,Chronic,1,1488.74,0.00,Completed
ORD-00019,CUST-1129,2025-01-02 23:07:14,Chennai,Tier 1,OTC,0,568.30,0.00,Completed
ORD-00020,CUST-0250,2025-01-03 06:47:25,Bengaluru,Tier 1,OTC,0,453.34,63.00,Completed
ORD-00021,CUST-0394,2025-01-03 08:59:14,Chennai,Tier 1,OTC,0,257.13,76.00,Completed
ORD-00022,CUST-0124,2025-01-03 09:18:20,Bengaluru,Tier 1,OTC,0,1308.23,0.00,Refunded
ORD-00023,CUST-0064,2025-01-03 10:56:39,Jaipur,Tier 2,OTC,0,140.88,64.00,Completed
ORD-00024,CUST-0591,2025-01-03 11:56:42,Indore,Tier 2,Chronic,1,1128.41,0.00,Completed
ORD-00025,CUST-0554,2025-01-03 12:20:36,Lucknow,Tier 2,Chronic,1,2432.66,0.00,Completed
ORD-00026,CUST-1012,2025-01-03 12:25:21,Hyderabad,Tier 1,Chronic,1,1201.50,0.00,Completed
ORD-00027,CUST-0901,2025-01-03 12:26:03,Bengaluru,Tier 1,Chronic,1,1696.41,0.00,Cancelled
ORD-00028,CUST-0626,2025-01-03 15:43:26,Bengaluru,Tier 1,OTC,0,828.36,0.00,Completed
ORD-00029,CUST-0705,2025-01-03 22:49:48,Delhi,Tier 1,OTC,0,259.75,48.00,Completed
ORD-00030,CUST-0244,2025-01-04 08:41:08,Hyderabad,Tier 1,Chronic,1,3471.38,0.00,Completed
ORD-00031,CUST-0815,2025-01-04 13:45:43,Mumbai,Tier 1,Chronic,1,649.08,0.00,Completed
ORD-00032,CUST-0079,2025-01-04 17:55:24,Hyderabad,Tier 1,OTC,0,1167.30,0.00,Completed
ORD-00033,CUST-0078,2025-01-04 20:48:03,Chennai,Tier 1,OTC,0,939.35,0.00,Completed
ORD-00034,CUST-0067,2025-01-05 03:20:34,Hyderabad,Tier 1,OTC,0,1421.56,0.00,Completed
ORD-00035,CUST-0697,2025-01-05 08:01:45,Jaipur,Tier 2,OTC,0,953.65,0.00,Completed
ORD-00036,CUST-0561,2025-01-05 10:54:29,Mumbai,Tier 1,OTC,0,688.62,0.00,Completed
ORD-00037,CUST-0449,2025-01-05 12:02:54,Mumbai,Tier 1,Chronic,1,1637.80,0.00,Completed
ORD-00038,CUST-0138,2025-01-05 12:17:38,Bengaluru,Tier 1,OTC,0,526.37,0.00,Completed
ORD-00039,CUST-0297,2025-01-05 13:30:11,Indore,Tier 2,OTC,0,392.40,74.00,Completed
ORD-00040,CUST-0868,2025-01-05 14:54:31,Jaipur,Tier 2,Chronic,1,1591.54,0.00,Completed
ORD-00041,CUST-1189,2025-01-05 17:09:14,Mumbai,Tier 1,Chronic,1,1747.75,0.00,Completed
ORD-00042,CUST-0477,2025-01-05 19:37:01,Bengaluru,Tier 1,OTC,0,279.39,41.00,Completed
ORD-00043,CUST-1170,2025-01-05 23:07:47,Mumbai,Tier 1,Chronic,1,702.59,0.00,Completed
ORD-00044,CUST-0060,2025-01-06 07:08:48,Mumbai,Tier 1,OTC,0,629.95,0.00,Completed
ORD-00045,CUST-0723,2025-01-06 10:31:42,Mumbai,Tier 1,OTC,0,969.57,0.00,Completed
ORD-00046,CUST-0555,2025-01-06 12:29:46,Mumbai,Tier 1,OTC,0,421.16,59.00,Completed
ORD-00047,CUST-0518,2025-01-06 12:54:06,Jaipur,Tier 2,OTC,0,766.18,0.00,Completed
ORD-00048,CUST-0900,2025-01-06 13:55:10,Hyderabad,Tier 1,OTC,0,409.49,62.00,Completed
ORD-00049,CUST-0072,2025-01-06 14:44:54,Bengaluru,Tier 1,OTC,0,725.35,0.00,Completed
ORD-00050,CUST-1059,2025-01-06 19:35:07,,,OTC,0,265.92,46.00,Cancelled
ORD-00051,CUST-0189,2025-01-06 19:54:54,Jaipur,Tier 2,Chronic,1,1569.79,0.00,Completed
ORD-00052,CUST-0829,2025-01-06 21:38:12,Lucknow,Tier 2,Chronic,1,2021.72,0.00,Completed
ORD-00053,CUST-0306,2025-01-07 10:34:40,Bengaluru,Tier 1,Chronic,1,3659.26,0.00,Completed
ORD-00054,CUST-0130,2025-01-07 11:15:08,Hyderabad,Tier 1,OTC,0,160.86,44.00,Completed
ORD-00055,CUST-0892,2025-01-07 12:42:39,Indore,Tier 2,OTC,0,359.13,73.00,Completed
ORD-00056,CUST-0716,2025-01-07 14:25:06,Delhi,Tier 1,OTC,0,775.27,0.00,Completed
ORD-00057,CUST-0960,2025-01-07 15:16:00,Hyderabad,Tier 1,Chronic,1,2152.66,0.00,Completed
ORD-00058,CUST-0275,2025-01-07 15:36:39,Chennai,Tier 1,Chronic,1,255.10,61.00,Completed
ORD-00059,CUST-0500,2025-01-07 16:46:22,Hyderabad,Tier 1,OTC,0,585.17,0.00,Completed
ORD-00060,CUST-1193,2025-01-07 17:50:37,Lucknow,Tier 2,OTC,0,540.13,0.00,Refunded
ORD-00061,CUST-0653,2025-01-07 18:47:57,Chennai,Tier 1,Chronic,1,1662.73,0.00,Completed
ORD-00062,CUST-0074,2025-01-07 21:53:55,Delhi,Tier 1,OTC,0,1324.35,0.00,Refunded
ORD-00063,CUST-0865,2025-01-08 08:43:32,Mumbai,Tier 1,Chronic,1,690.64,0.00,Completed
ORD-00064,CUST-0836,2025-01-08 11:54:08,Hyderabad,Tier 1,Chronic,1,522.55,0.00,Completed
ORD-00065,CUST-0980,2025-01-08 12:05:36,Delhi,Tier 1,Chronic,1,3670.74,0.00,Completed
ORD-00066,CUST-1104,2025-01-08 12:19:45,Lucknow,Tier 2,Chronic,1,605.03,0.00,Completed
ORD-00067,CUST-0999,2025-01-08 12:33:56,Indore,Tier 2,OTC,0,827.71,0.00,Refunded
ORD-00068,CUST-0905,2025-01-08 16:34:08,Indore,Tier 2,OTC,0,1272.68,0.00,Completed
ORD-00069,CUST-0171,2025-01-08 17:21:36,Delhi,Tier 1,OTC,1,1533.03,0.00,Cancelled
ORD-00070,CUST-0336,2025-01-08 18:26:48,Hyderabad,Tier 1,OTC,0,386.64,58.00,Completed
ORD-00071,CUST-0267,2025-01-08 19:52:29,Delhi,Tier 1,OTC,1,156.75,43.00,Completed
ORD-00072,CUST-0524,2025-01-08 20:14:29,Hyderabad,Tier 1,Chronic,1,1183.13,0.00,Completed
ORD-00073,CUST-1166,2025-01-08 20:42:24,Lucknow,Tier 2,OTC,0,1880.59,0.00,Completed
ORD-00074,CUST-0950,2025-01-08 23:17:50,Delhi,Tier 1,Chronic,1,767.04,0.00,Completed
ORD-00075,CUST-1035,2025-01-09 10:47:50,Bengaluru,Tier 1,OTC,0,257.63,70.00,Completed
ORD-00076,CUST-0490,2025-01-09 12:48:02,Hyderabad,Tier 1,Chronic,1,727.66,0.00,Completed
ORD-00077,CUST-0100,2025-01-09 13:15:11,Indore,Tier 2,Chronic,1,1726.54,0.00,Completed
ORD-00078,CUST-0224,2025-01-09 18:14:47,Indore,Tier 2,Chronic,1,428.74,80.00,Completed
ORD-00079,CUST-0108,2025-01-09 19:49:17,Delhi,Tier 1,Chronic,1,1535.34,0.00,Completed
ORD-00080,CUST-0594,2025-01-09 20:21:16,Hyderabad,Tier 1,Chronic,1,991.99,0.00,Completed
ORD-00081,CUST-0702,2025-01-09 21:02:50,Delhi,Tier 1,Chronic,1,613.02,0.00,Completed
ORD-00082,CUST-0083,2025-01-10 04:58:36,Jaipur,Tier 2,Chronic,1,1666.64,0.00,Completed
ORD-00083,CUST-0235,2025-01-10 09:00:43,Indore,Tier 2,Chronic,1,2084.63,0.00,Completed
ORD-00084,CUST-0733,2025-01-10 10:40:17,Mumbai,Tier 1,Chronic,1,1311.99,0.00,Completed
ORD-00085,CUST-0649,2025-01-10 10:48:18,Chennai,Tier 1,OTC,0,110.97,71.00,Completed
ORD-00086,CUST-1075,2025-01-10 13:15:40,Lucknow,Tier 2,OTC,0,551.72,0.00,Completed
ORD-00087,CUST-0495,2025-01-10 13:29:40,Jaipur,Tier 2,Chronic,1,1630.70,0.00,Completed
ORD-00088,CUST-0825,2025-01-10 13:58:57,Lucknow,Tier 2,OTC,1,589.70,0.00,Completed
ORD-00089,CUST-0422,2025-01-10 17:04:56,Mumbai,Tier 1,OTC,0,271.04,71.00,Completed
ORD-00090,CUST-0331,2025-01-10 17:59:55,Jaipur,Tier 2,OTC,0,1038.96,0.00,Completed
ORD-00091,CUST-0983,2025-01-10 19:23:22,Jaipur,Tier 2,OTC,1,423.31,75.00,Completed
ORD-00092,CUST-1195,2025-01-10 20:20:48,Lucknow,Tier 2,Chronic,1,1308.38,0.00,Completed
ORD-00093,CUST-0694,2025-01-10 20:29:59,Delhi,Tier 1,OTC,0,509.75,0.00,Completed
ORD-00094,CUST-1195,2025-01-11 10:18:39,Lucknow,Tier 2,Chronic,1,569.09,0.00,Cancelled
ORD-00095,CUST-0995,2025-01-11 13:28:08,Indore,Tier 2,Chronic,1,1114.82,0.00,Completed
ORD-00096,CUST-1079,2025-01-11 13:56:05,Chennai,Tier 1,OTC,0,1234.25,0.00,Refunded
ORD-00097,CUST-0889,2025-01-11 16:25:13,Mumbai,Tier 1,OTC,1,479.53,40.00,Completed
ORD-00098,CUST-0099,2025-01-11 16:55:02,Mumbai,Tier 1,Chronic,1,1453.49,0.00,Completed
ORD-00099,CUST-1123,2025-01-11 17:17:39,Lucknow,Tier 2,OTC,0,618.76,0.00,Completed
ORD-00100,CUST-1192,2025-01-11 17:40:07,Bengaluru,Tier 1,Chronic,1,1547.13,0.00,Completed
ORD-00101,CUST-1185,2025-01-11 17:46:25,Mumbai,Tier 1,Chronic,1,1409.16,0.00,Completed
ORD-00102,CUST-0817,2025-01-12 09:39:48,Lucknow,Tier 2,Chronic,1,810.36,0.00,Completed
ORD-00103,CUST-0537,2025-01-12 10:35:12,Hyderabad,Tier 1,OTC,0,600.81,0.00,Refunded
ORD-00104,CUST-0865,2025-01-12 17:40:04,Mumbai,Tier 1,Chronic,1,765.91,0.00,Completed
ORD-00105,CUST-0297,2025-01-13 08:05:24,Indore,Tier 2,Chronic,1,2139.85,0.00,Completed
ORD-00106,CUST-0690,2025-01-13 09:59:18,Hyderabad,Tier 1,Chronic,1,2222.30,0.00,Completed
ORD-00107,CUST-0303,2025-01-13 11:47:42,Hyderabad,Tier 1,Chronic,1,1178.89,0.00,Completed
ORD-00108,CUST-0738,2025-01-13 12:31:05,Delhi,Tier 1,OTC,0,574.92,0.00,Completed
ORD-00109,CUST-1053,2025-01-13 13:30:29,Delhi,Tier 1,OTC,0,875.41,0.00,Completed
ORD-00110,CUST-0477,2025-01-13 16:05:48,Bengaluru,Tier 1,OTC,0,1612.64,0.00,Cancelled
ORD-00111,CUST-0943,2025-01-13 17:15:47,Mumbai,Tier 1,OTC,0,699.85,0.00,Completed
ORD-00112,CUST-0753,2025-01-13 19:06:01,Delhi,Tier 1,Chronic,1,1527.87,0.00,Completed
ORD-00113,CUST-0966,2025-01-13 20:53:07,Bengaluru,Tier 1,OTC,0,709.70,0.00,Completed
ORD-00114,CUST-0306,2025-01-13 21:14:39,Bengaluru,Tier 1,Chronic,1,2349.56,0.00,Completed
ORD-00115,CUST-1053,2025-01-14 10:24:08,Delhi,Tier 1,OTC,0,491.13,77.00,Completed
ORD-00116,CUST-0708,2025-01-14 10:39:27,Jaipur,Tier 2,Chronic,1,1254.26,0.00,Completed
ORD-00117,CUST-0744,2025-01-14 14:03:05,Mumbai,Tier 1,OTC,0,556.70,0.00,Completed
ORD-00118,CUST-0632,2025-01-14 15:15:55,Jaipur,Tier 2,OTC,0,395.88,74.00,Completed
ORD-00119,CUST-0120,2025-01-14 15:36:40,Chennai,Tier 1,Chronic,1,1033.00,0.00,Completed
ORD-00120,CUST-0005,2025-01-14 17:08:58,Mumbai,Tier 1,OTC,0,2739.01,0.00,Completed
ORD-00121,CUST-0040,2025-01-14 17:30:34,Chennai,Tier 1,Chronic,1,806.55,0.00,Completed
ORD-00122,CUST-0426,2025-01-14 19:59:47,Jaipur,Tier 2,OTC,0,220.52,70.00,Completed
ORD-00123,CUST-0877,2025-01-14 20:43:09,Bengaluru,Tier 1,OTC,0,316.92,61.00,Refunded
ORD-00124,CUST-0191,2025-01-14 22:16:21,Indore,Tier 2,OTC,0,298.54,59.00,Completed
ORD-00125,CUST-0811,2025-01-14 22:56:34,Mumbai,Tier 1,Chronic,1,2343.07,0.00,Cancelled
ORD-00126,CUST-0091,2025-01-14 23:33:44,Mumbai,Tier 1,OTC,0,605.39,0.00,Completed
ORD-00127,CUST-1027,2025-01-15 10:47:34,Indore,Tier 2,OTC,0,593.23,0.00,Completed
ORD-00128,CUST-0440,2025-01-15 11:09:29,Chennai,Tier 1,OTC,0,371.18,48.00,Completed
ORD-00129,CUST-0539,2025-01-15 12:18:43,Mumbai,Tier 1,Chronic,1,312.78,44.00,Completed
ORD-00130,CUST-1036,2025-01-15 13:14:01,Chennai,Tier 1,OTC,0,341.59,43.00,Completed
ORD-00131,CUST-1164,2025-01-15 14:02:04,Mumbai,Tier 1,Chronic,1,1268.11,0.00,Completed
ORD-00132,CUST-0070,2025-01-15 15:21:01,Bengaluru,Tier 1,OTC,0,204.44,69.00,Completed
ORD-00133,CUST-0548,2025-01-15 18:14:24,Mumbai,Tier 1,OTC,0,99.80,45.00,Completed
ORD-00134,CUST-0045,2025-01-16 08:24:16,Lucknow,Tier 2,Chronic,1,740.25,0.00,Completed
ORD-00135,CUST-0299,2025-01-16 11:00:45,Jaipur,Tier 2,OTC,0,1061.24,0.00,Completed
ORD-00136,CUST-1190,2025-01-16 13:08:24,Chennai,Tier 1,Chronic,1,964.19,0.00,Completed
ORD-00137,CUST-0196,2025-01-16 13:14:51,Mumbai,Tier 1,OTC,0,2555.43,0.00,Completed
ORD-00138,CUST-0242,2025-01-16 13:46:53,Jaipur,Tier 2,Chronic,1,2604.80,0.00,Completed
ORD-00139,CUST-0212,2025-01-16 16:23:59,Hyderabad,Tier 1,OTC,0,1268.43,0.00,Completed
ORD-00140,CUST-1107,2025-01-16 17:40:18,Mumbai,Tier 1,Chronic,1,1456.14,0.00,Completed
ORD-00141,CUST-1119,2025-01-16 17:54:31,Delhi,Tier 1,OTC,0,428.38,50.00,Completed
ORD-00142,CUST-0352,2025-01-16 19:51:20,Mumbai,Tier 1,OTC,0,661.73,0.00,Completed
ORD-00143,CUST-0538,2025-01-16 20:13:42,Mumbai,Tier 1,OTC,0,687.63,0.00,Completed
ORD-00144,CUST-1043,2025-01-16 20:45:04,Chennai,Tier 1,OTC,1,329.00,80.00,Completed
ORD-00145,CUST-0853,2025-01-16 21:17:55,Lucknow,Tier 2,OTC,0,623.20,0.00,Completed
ORD-00146,CUST-0674,2025-01-16 21:52:49,Chennai,Tier 1,Chronic,1,981.67,0.00,Completed
ORD-00147,CUST-0673,2025-01-17 05:43:35,Indore,Tier 2,Chronic,1,1080.25,0.00,Completed
ORD-00148,CUST-0208,2025-01-17 08:44:32,Chennai,Tier 1,OTC,0,1139.11,0.00,Completed
ORD-00149,CUST-0171,2025-01-17 10:25:49,Delhi,Tier 1,OTC,1,544.16,0.00,Cancelled
ORD-00150,CUST-0349,2025-01-17 11:53:24,Hyderabad,Tier 1,Chronic,1,1586.76,0.00,Completed
ORD-00151,CUST-0123,2025-01-17 13:07:45,Mumbai,Tier 1,Chronic,1,778.76,0.00,Completed
ORD-00152,CUST-0991,2025-01-17 14:49:36,Chennai,Tier 1,Chronic,1,1177.15,0.00,Completed
ORD-00153,CUST-0287,2025-01-17 21:13:53,Mumbai,Tier 1,Chronic,1,1986.96,0.00,Completed
ORD-00154,CUST-0629,2025-01-18 01:30:00,Hyderabad,Tier 1,OTC,0,851.12,0.00,Completed
ORD-00155,CUST-0871,2025-01-18 10:04:51,Jaipur,Tier 2,OTC,0,326.00,60.00,Completed
ORD-00156,CUST-0225,2025-01-18 10:07:05,Delhi,Tier 1,OTC,0,800.36,0.00,Completed
ORD-00157,CUST-0212,2025-01-18 10:34:36,Hyderabad,Tier 1,OTC,0,370.76,49.00,Completed
ORD-00158,CUST-1036,2025-01-18 10:56:26,Chennai,Tier 1,Chronic,1,753.72,0.00,Completed
ORD-00159,CUST-0624,2025-01-18 15:27:07,Bengaluru,Tier 1,Chronic,1,779.65,0.00,Completed
ORD-00160,CUST-0853,2025-01-18 16:35:28,Lucknow,Tier 2,OTC,0,1175.39,0.00,Completed
ORD-00161,CUST-0867,2025-01-18 17:45:43,Lucknow,Tier 2,OTC,0,1457.63,0.00,Completed
ORD-00162,CUST-0531,2025-01-18 19:40:13,Chennai,Tier 1,Chronic,1,1349.01,0.00,Completed
ORD-00163,CUST-0429,2025-01-18 19:48:15,Mumbai,Tier 1,OTC,0,143.36,41.00,Completed
ORD-00164,CUST-1070,2025-01-18 20:16:43,Bengaluru,Tier 1,Chronic,1,1093.94,0.00,Completed
ORD-00165,CUST-0411,2025-01-18 20:56:21,Chennai,Tier 1,Chronic,1,1747.36,0.00,Completed
ORD-00166,CUST-0811,2025-01-18 20:59:51,Mumbai,Tier 1,Chronic,1,2071.37,0.00,Refunded
ORD-00167,CUST-0511,2025-01-18 22:40:08,Mumbai,Tier 1,Chronic,1,1447.14,0.00,Cancelled
ORD-00168,CUST-0040,2025-01-19 10:51:33,Chennai,Tier 1,OTC,1,477.02,46.00,Refunded
ORD-00169,CUST-0854,2025-01-19 15:14:04,Lucknow,Tier 2,OTC,0,494.63,64.00,Completed
ORD-00170,CUST-0539,2025-01-19 15:59:45,Mumbai,Tier 1,OTC,0,367.08,46.00,Completed
ORD-00171,CUST-0919,2025-01-19 19:35:09,Delhi,Tier 1,OTC,0,1407.54,0.00,Completed
ORD-00172,CUST-0964,2025-01-19 21:56:54,Mumbai,Tier 1,OTC,0,477.74,71.00,Completed
ORD-00173,CUST-0152,2025-01-20 09:41:52,Lucknow,Tier 2,OTC,0,190.20,60.00,Completed
ORD-00174,CUST-1023,2025-01-20 11:35:36,Indore,Tier 2,Chronic,1,1813.78,0.00,Cancelled
ORD-00175,CUST-1192,2025-01-20 15:12:54,Bengaluru,Tier 1,Chronic,1,662.84,0.00,Completed
ORD-00176,CUST-0811,2025-01-20 16:42:51,Mumbai,Tier 1,OTC,0,331.37,66.00,Cancelled
ORD-00177,CUST-0629,2025-01-20 16:45:15,Hyderabad,Tier 1,OTC,0,245.24,62.00,Completed
ORD-00178,CUST-1162,2025-01-20 18:29:58,Chennai,Tier 1,Chronic,1,1348.33,0.00,Completed
ORD-00179,CUST-0033,2025-01-20 19:23:28,Delhi,Tier 1,Chronic,1,1687.37,0.00,Completed
ORD-00180,CUST-0653,2025-01-20 23:23:03,Chennai,Tier 1,OTC,0,300.21,44.00,Completed
ORD-00181,CUST-0870,2025-01-21 10:48:46,Delhi,Tier 1,OTC,1,1270.09,0.00,Completed
ORD-00182,CUST-0425,2025-01-21 17:53:10,Hyderabad,Tier 1,OTC,0,351.71,43.00,Refunded
ORD-00183,CUST-0797,2025-01-21 19:24:17,Mumbai,Tier 1,Chronic,1,2112.91,0.00,Completed
ORD-00184,CUST-0318,2025-01-21 21:08:33,Chennai,Tier 1,Chronic,1,899.07,0.00,Completed
ORD-00185,CUST-0891,2025-01-21 21:16:48,Delhi,Tier 1,Chronic,1,1740.95,0.00,Refunded
ORD-00186,CUST-0677,2025-01-22 09:09:52,Lucknow,Tier 2,Chronic,1,433.48,73.00,Cancelled
ORD-00187,CUST-0242,2025-01-22 09:34:26,Jaipur,Tier 2,Chronic,1,1177.69,0.00,Completed
ORD-00188,CUST-1196,2025-01-22 12:35:46,Delhi,Tier 1,OTC,0,509.87,0.00,Completed
ORD-00189,CUST-0694,2025-01-22 12:52:47,Delhi,Tier 1,OTC,0,846.57,0.00,Completed
ORD-00190,CUST-0756,2025-01-22 17:05:12,Delhi,Tier 1,Chronic,1,740.44,0.00,Completed
ORD-00191,CUST-0339,2025-01-22 19:19:23,Mumbai,Tier 1,OTC,0,389.82,44.00,Completed
ORD-00192,CUST-0485,2025-01-22 20:41:01,Mumbai,Tier 1,OTC,1,1306.84,0.00,Completed
ORD-00193,CUST-0131,2025-01-22 20:41:59,Mumbai,Tier 1,Chronic,1,436.00,67.00,Completed
ORD-00194,CUST-0255,2025-01-23 03:00:02,Delhi,Tier 1,OTC,1,378.12,63.00,Completed
ORD-00195,CUST-0316,2025-01-23 08:42:21,Delhi,Tier 1,OTC,0,955.17,0.00,Completed
ORD-00196,CUST-0892,2025-01-23 13:02:08,Indore,Tier 2,Chronic,1,1282.69,0.00,Completed
ORD-00197,CUST-0320,2025-01-23 14:09:47,Indore,Tier 2,Chronic,1,1696.78,0.00,Completed
ORD-00198,CUST-0308,2025-01-23 15:32:59,Chennai,Tier 1,Chronic,1,1582.16,0.00,Cancelled
ORD-00199,CUST-0947,2025-01-23 16:03:52,Chennai,Tier 1,Chronic,1,1438.61,0.00,Completed
ORD-00200,CUST-0725,2025-01-23 17:17:54,Mumbai,Tier 1,Chronic,1,653.14,0.00,Completed
ORD-00201,CUST-1196,2025-01-23 18:09:09,Delhi,Tier 1,OTC,0,888.71,0.00,Completed
ORD-00202,CUST-1162,2025-01-23 19:43:56,Chennai,Tier 1,Chronic,1,1453.30,0.00,Completed
ORD-00203,CUST-0582,2025-01-23 21:55:56,Hyderabad,Tier 1,OTC,1,620.36,0.00,Completed
ORD-00204,CUST-0145,2025-01-23 22:19:10,Bengaluru,Tier 1,Chronic,1,913.69,0.00,Completed
ORD-00205,CUST-0242,2025-01-24 09:05:07,Jaipur,Tier 2,Chronic,1,602.03,0.00,Completed
ORD-00206,CUST-0622,2025-01-24 12:11:34,Bengaluru,Tier 1,OTC,1,292.30,44.00,Completed
ORD-00207,CUST-0130,2025-01-24 17:49:08,Hyderabad,Tier 1,Chronic,1,1280.81,0.00,Completed
ORD-00208,CUST-0919,2025-01-24 18:28:14,Delhi,Tier 1,OTC,0,1624.08,0.00,Refunded
ORD-00209,CUST-0610,2025-01-24 19:31:13,Bengaluru,Tier 1,Chronic,1,2542.06,0.00,Cancelled
ORD-00210,CUST-0963,2025-01-24 20:04:21,Mumbai,Tier 1,Chronic,1,3065.89,0.00,Completed
ORD-00211,CUST-1185,2025-01-24 20:08:30,Mumbai,Tier 1,OTC,0,1516.25,0.00,Completed
ORD-00212,CUST-1072,2025-01-24 20:18:15,Hyderabad,Tier 1,Chronic,1,737.81,0.00,Completed
ORD-00213,CUST-0811,2025-01-24 20:18:57,Mumbai,Tier 1,Chronic,1,1013.58,0.00,Cancelled
ORD-00214,CUST-0155,2025-01-25 07:35:45,Mumbai,Tier 1,OTC,0,338.42,68.00,Completed
ORD-00215,CUST-0790,2025-01-25 11:37:58,Hyderabad,Tier 1,Chronic,1,582.04,0.00,Completed
ORD-00216,CUST-0556,2025-01-25 14:22:56,Delhi,Tier 1,Chronic,1,788.86,0.00,Completed
ORD-00217,CUST-0498,2025-01-25 16:43:15,Chennai,Tier 1,OTC,0,316.42,42.00,Completed
ORD-00218,CUST-0308,2025-01-25 18:00:10,Chennai,Tier 1,OTC,0,223.62,75.00,Completed
ORD-00219,CUST-0102,2025-01-25 20:20:03,Chennai,Tier 1,Chronic,1,1915.63,0.00,Completed
ORD-00220,CUST-0573,2025-01-26 05:16:20,Bengaluru,Tier 1,OTC,0,430.80,56.00,Completed
ORD-00221,CUST-0569,2025-01-26 06:19:16,Bengaluru,Tier 1,Chronic,1,1046.73,0.00,Completed
ORD-00222,CUST-0994,2025-01-26 10:36:25,Delhi,Tier 1,Chronic,1,1110.25,0.00,Completed
ORD-00223,CUST-1024,2025-01-26 15:18:03,Hyderabad,Tier 1,OTC,0,525.37,0.00,Completed
ORD-00224,CUST-0376,2025-01-26 18:56:14,Mumbai,Tier 1,OTC,0,420.22,46.00,Completed
ORD-00225,CUST-0002,2025-01-26 19:01:59,Bengaluru,Tier 1,Chronic,1,430.89,75.00,Completed
ORD-00226,CUST-0445,2025-01-27 00:06:46,Delhi,Tier 1,OTC,0,875.50,0.00,Completed
ORD-00227,CUST-0241,2025-01-27 07:32:01,Jaipur,Tier 2,Chronic,1,648.48,0.00,Completed
ORD-00228,CUST-0176,2025-01-27 08:45:10,Mumbai,Tier 1,OTC,0,322.93,58.00,Completed
ORD-00229,CUST-0717,2025-01-27 10:16:17,Hyderabad,Tier 1,Chronic,1,2076.65,0.00,Completed
ORD-00230,CUST-0716,2025-01-27 12:10:58,Delhi,Tier 1,OTC,0,3396.14,0.00,Completed
ORD-00231,CUST-0818,2025-01-27 12:49:12,Hyderabad,Tier 1,OTC,0,1751.98,0.00,Completed
ORD-00232,CUST-0562,2025-01-27 12:59:38,Delhi,Tier 1,Chronic,1,1845.93,0.00,Completed
ORD-00233,CUST-0108,2025-01-27 13:08:40,Delhi,Tier 1,OTC,0,431.23,66.00,Completed
ORD-00234,CUST-0744,2025-01-27 16:01:30,Mumbai,Tier 1,OTC,0,1201.52,0.00,Completed
ORD-00235,CUST-0408,2025-01-27 16:19:09,Lucknow,Tier 2,OTC,0,1292.70,0.00,Completed
ORD-00236,CUST-0116,2025-01-27 17:33:13,Lucknow,Tier 2,OTC,0,209.92,46.00,Completed
ORD-00237,CUST-0163,2025-01-27 19:22:07,Delhi,Tier 1,Chronic,1,589.72,0.00,Completed
ORD-00238,CUST-0238,2025-01-27 21:22:10,Jaipur,Tier 2,Chronic,1,1015.17,0.00,Completed
ORD-00239,CUST-0573,2025-01-28 00:08:07,Bengaluru,Tier 1,OTC,0,1819.65,0.00,Completed
ORD-00240,CUST-0108,2025-01-28 12:32:46,Delhi,Tier 1,OTC,0,1192.75,0.00,Completed
ORD-00241,CUST-1038,2025-01-28 15:33:48,Bengaluru,Tier 1,Chronic,1,1561.25,0.00,Completed
ORD-00242,CUST-0704,2025-01-28 17:33:55,Lucknow,Tier 2,Chronic,1,2441.77,0.00,Completed
ORD-00243,CUST-0539,2025-01-28 18:20:32,Mumbai,Tier 1,OTC,0,688.77,0.00,Completed
ORD-00244,CUST-0864,2025-01-28 18:39:00,Hyderabad,Tier 1,OTC,0,1101.24,0.00,Completed
ORD-00245,CUST-1190,2025-01-28 19:00:15,Chennai,Tier 1,Chronic,1,2034.19,0.00,Completed
ORD-00246,CUST-0097,2025-01-29 17:56:21,Bengaluru,Tier 1,Chronic,1,675.43,0.00,Completed
ORD-00247,CUST-0905,2025-01-29 20:19:46,Indore,Tier 2,Chronic,1,1245.15,0.00,Cancelled
ORD-00248,CUST-0327,2025-01-29 20:58:48,Jaipur,Tier 2,OTC,1,671.44,0.00,Completed
ORD-00249,CUST-0342,2025-01-29 21:12:04,Indore,Tier 2,Chronic,1,395.76,74.00,Completed
ORD-00250,CUST-0265,2025-01-29 22:49:44,Indore,Tier 2,OTC,0,286.28,48.00,Completed
ORD-00251,CUST-0049,2025-01-29 22:59:14,Chennai,Tier 1,Chronic,1,1617.09,0.00,Completed
ORD-00252,CUST-0287,2025-01-30 07:38:26,Mumbai,Tier 1,OTC,0,369.50,40.00,Completed
ORD-00253,CUST-1164,2025-01-30 08:35:20,Mumbai,Tier 1,Chronic,1,1064.48,0.00,Cancelled
ORD-00254,CUST-0878,2025-01-30 08:37:50,Delhi,Tier 1,Chronic,1,1918.71,0.00,Completed
ORD-00255,CUST-0441,2025-01-30 10:21:00,Lucknow,Tier 2,OTC,0,810.69,0.00,Completed
ORD-00256,CUST-0052,2025-01-30 13:31:42,Mumbai,Tier 1,OTC,0,189.03,42.00,Completed
ORD-00257,CUST-1154,2025-01-30 14:40:47,Mumbai,Tier 1,OTC,0,539.25,0.00,Completed
ORD-00258,CUST-0297,2025-01-30 16:31:32,Indore,Tier 2,Chronic,1,948.73,0.00,Completed
ORD-00259,CUST-0244,2025-01-30 20:11:35,Hyderabad,Tier 1,Chronic,1,399.95,70.00,Cancelled
ORD-00260,CUST-0693,2025-01-30 21:04:29,Delhi,Tier 1,Chronic,1,1972.72,0.00,Completed
ORD-00261,CUST-0097,2025-01-30 21:31:01,Bengaluru,Tier 1,OTC,0,593.15,0.00,Completed
ORD-00262,CUST-1105,2025-01-30 22:02:55,Mumbai,Tier 1,Chronic,1,4303.42,0.00,Completed
ORD-00263,CUST-0697,2025-01-30 22:37:21,Jaipur,Tier 2,OTC,0,606.77,0.00,Completed
ORD-00264,CUST-0493,2025-01-31 07:18:53,,,OTC,0,136.47,67.00,Completed
ORD-00265,CUST-0573,2025-01-31 11:02:54,Bengaluru,Tier 1,Chronic,1,2145.63,0.00,Completed
ORD-00266,CUST-0199,2025-01-31 11:53:13,Delhi,Tier 1,Chronic,1,821.91,0.00,Completed
ORD-00267,CUST-0745,2025-01-31 12:16:41,Hyderabad,Tier 1,OTC,0,563.20,0.00,Completed
ORD-00268,CUST-0113,2025-01-31 12:29:45,Delhi,Tier 1,Chronic,1,1340.94,0.00,Completed
ORD-00269,CUST-0176,2025-01-31 13:54:59,Mumbai,Tier 1,OTC,0,1029.35,0.00,Completed
ORD-00270,CUST-0314,2025-01-31 16:53:49,Bengaluru,Tier 1,OTC,0,2086.85,0.00,Refunded
ORD-00271,CUST-0182,2025-01-31 19:37:26,Lucknow,Tier 2,OTC,0,384.57,69.00,Completed
ORD-00272,CUST-0240,2025-01-31 19:58:52,Mumbai,Tier 1,Chronic,1,2304.15,0.00,Completed
ORD-00273,CUST-0683,2025-01-31 20:54:45,Mumbai,Tier 1,OTC,0,526.35,0.00,Completed
ORD-00274,CUST-0045,2025-02-01 08:49:01,Lucknow,Tier 2,OTC,1,319.17,65.00,Completed
ORD-00275,CUST-0546,2025-02-01 09:43:44,Bengaluru,Tier 1,OTC,0,503.44,0.00,Completed
ORD-00276,CUST-0427,2025-02-01 14:02:33,Delhi,Tier 1,OTC,0,841.54,0.00,Completed
ORD-00277,CUST-0857,2025-02-01 22:24:44,Jaipur,Tier 2,OTC,0,467.67,57.00,Completed
ORD-00278,CUST-0638,2025-02-01 22:47:13,Chennai,Tier 1,Chronic,1,857.74,0.00,Completed
ORD-00279,CUST-1169,2025-02-01 23:38:03,Jaipur,Tier 2,OTC,0,825.32,0.00,Completed
ORD-00280,CUST-0861,2025-02-02 08:35:06,Jaipur,Tier 2,OTC,0,721.53,0.00,Completed
ORD-00281,CUST-0074,2025-02-02 11:42:20,Delhi,Tier 1,Chronic,1,1411.37,0.00,Completed
ORD-00282,CUST-0557,2025-02-02 13:12:23,Delhi,Tier 1,Chronic,1,1740.07,0.00,Completed
ORD-00283,CUST-0672,2025-02-02 16:27:55,Hyderabad,Tier 1,OTC,0,765.05,0.00,Completed
ORD-00284,CUST-0894,2025-02-02 20:30:55,Mumbai,Tier 1,OTC,0,529.11,0.00,Completed
ORD-00285,CUST-0291,2025-02-02 20:40:13,Lucknow,Tier 2,Chronic,1,923.69,0.00,Completed
ORD-00286,CUST-0956,2025-02-02 20:44:38,Lucknow,Tier 2,OTC,0,566.31,0.00,Completed
ORD-00287,CUST-0692,2025-02-02 21:52:10,Lucknow,Tier 2,OTC,0,603.88,0.00,Completed
ORD-00288,CUST-0055,2025-02-03 02:31:13,Chennai,Tier 1,OTC,0,183.95,52.00,Completed
ORD-00289,CUST-0323,2025-02-03 07:56:59,Delhi,Tier 1,OTC,1,693.57,0.00,Completed
ORD-00290,CUST-0363,2025-02-03 11:49:58,Mumbai,Tier 1,OTC,0,282.45,49.00,Completed
ORD-00291,CUST-1045,2025-02-03 12:02:32,Mumbai,Tier 1,OTC,0,1091.52,0.00,Completed
ORD-00292,CUST-0892,2025-02-03 12:06:57,Indore,Tier 2,Chronic,1,844.40,0.00,Completed
ORD-00293,CUST-0737,2025-02-03 15:43:58,Delhi,Tier 1,OTC,0,1046.86,0.00,Completed
ORD-00294,CUST-0201,2025-02-03 19:36:19,Jaipur,Tier 2,OTC,0,333.67,66.00,Completed
ORD-00295,CUST-0129,2025-02-03 20:11:42,Mumbai,Tier 1,Chronic,1,1313.22,0.00,Completed
ORD-00296,CUST-1004,2025-02-03 20:54:15,Mumbai,Tier 1,OTC,1,360.22,62.00,Completed
ORD-00297,CUST-0812,2025-02-03 20:55:32,Mumbai,Tier 1,Chronic,1,1444.34,0.00,Completed
ORD-00298,CUST-0727,2025-02-03 21:10:34,Delhi,Tier 1,OTC,0,1026.94,0.00,Completed
ORD-00299,CUST-0665,2025-02-04 09:23:36,Delhi,Tier 1,OTC,0,453.64,69.00,Completed
ORD-00300,CUST-0271,2025-02-04 09:36:30,Mumbai,Tier 1,Chronic,1,2166.43,0.00,Completed
ORD-00301,CUST-0984,2025-02-04 14:09:58,Bengaluru,Tier 1,OTC,0,694.47,0.00,Completed
ORD-00302,CUST-0891,2025-02-04 18:31:41,Delhi,Tier 1,Chronic,1,941.90,0.00,Completed
ORD-00303,CUST-0292,2025-02-04 18:51:15,Mumbai,Tier 1,OTC,0,446.73,59.00,Completed
ORD-00304,CUST-0383,2025-02-04 20:52:46,Jaipur,Tier 2,OTC,0,397.15,70.00,Completed
ORD-00305,CUST-0728,2025-02-04 23:57:55,Mumbai,Tier 1,Chronic,1,1667.61,0.00,Completed
ORD-00306,CUST-0678,2025-02-05 11:35:42,Bengaluru,Tier 1,OTC,0,775.71,0.00,Completed
ORD-00307,CUST-0375,2025-02-05 13:43:05,Mumbai,Tier 1,OTC,0,401.34,80.00,Completed
ORD-00308,CUST-0748,2025-02-05 16:00:08,Bengaluru,Tier 1,OTC,1,1584.32,0.00,Cancelled
ORD-00309,CUST-0518,2025-02-05 19:10:20,Jaipur,Tier 2,Chronic,1,1237.72,0.00,Completed
ORD-00310,CUST-0533,2025-02-05 20:02:50,Bengaluru,Tier 1,Chronic,1,1800.57,0.00,Completed
ORD-00311,CUST-0086,2025-02-05 20:07:40,Mumbai,Tier 1,Chronic,1,1180.95,0.00,Completed
ORD-00312,CUST-0931,2025-02-05 20:29:11,Delhi,Tier 1,OTC,0,1415.56,0.00,Completed
ORD-00313,CUST-0805,2025-02-05 20:33:42,Mumbai,Tier 1,OTC,0,526.40,0.00,Completed
ORD-00314,CUST-0155,2025-02-06 09:08:02,Mumbai,Tier 1,OTC,0,367.07,44.00,Completed
ORD-00315,CUST-0680,2025-02-06 09:16:19,Bengaluru,Tier 1,Chronic,1,745.70,0.00,Completed
ORD-00316,CUST-0251,2025-02-06 10:12:50,Chennai,Tier 1,OTC,1,628.54,0.00,Completed
ORD-00317,CUST-0880,2025-02-06 16:28:54,Hyderabad,Tier 1,Chronic,1,961.13,0.00,Completed
ORD-00318,CUST-0804,2025-02-06 18:32:59,Hyderabad,Tier 1,OTC,1,655.48,0.00,Completed
ORD-00319,CUST-0375,2025-02-06 19:43:41,Mumbai,Tier 1,OTC,0,518.60,0.00,Completed
ORD-00320,CUST-0081,2025-02-07 08:41:20,Chennai,Tier 1,OTC,0,558.62,0.00,Cancelled
ORD-00321,CUST-0957,2025-02-07 09:54:32,Jaipur,Tier 2,OTC,0,1740.85,0.00,Completed
ORD-00322,CUST-0797,2025-02-07 11:48:24,Mumbai,Tier 1,Chronic,1,1107.64,0.00,Completed
ORD-00323,CUST-0646,2025-02-07 13:05:46,Lucknow,Tier 2,Chronic,1,815.02,0.00,Completed
ORD-00324,CUST-0733,2025-02-07 13:17:02,Mumbai,Tier 1,OTC,0,406.15,70.00,Completed
ORD-00325,CUST-0626,2025-02-07 16:52:37,Bengaluru,Tier 1,Chronic,1,2925.45,0.00,Completed
ORD-00326,CUST-1105,2025-02-07 17:41:49,Mumbai,Tier 1,Chronic,1,927.39,0.00,Cancelled
ORD-00327,CUST-0494,2025-02-07 19:10:52,Delhi,Tier 1,OTC,0,857.05,0.00,Completed
ORD-00328,CUST-0697,2025-02-07 19:56:38,Jaipur,Tier 2,Chronic,1,631.68,0.00,Completed
ORD-00329,CUST-0184,2025-02-07 21:15:19,Delhi,Tier 1,OTC,0,537.99,0.00,Completed
ORD-00330,CUST-0548,2025-02-07 22:18:25,Mumbai,Tier 1,OTC,0,495.32,40.00,Completed
ORD-00331,CUST-0417,2025-02-08 00:15:38,Mumbai,Tier 1,OTC,0,619.74,0.00,Completed
ORD-00332,CUST-0124,2025-02-08 09:06:08,Bengaluru,Tier 1,Chronic,1,2354.94,0.00,Completed
ORD-00333,CUST-0835,2025-02-08 09:06:44,Chennai,Tier 1,OTC,0,364.44,80.00,Completed
ORD-00334,CUST-0428,2025-02-08 09:54:17,Lucknow,Tier 2,OTC,0,862.03,0.00,Completed
ORD-00335,CUST-0554,2025-02-08 15:16:49,Lucknow,Tier 2,Chronic,1,1036.02,0.00,Completed
ORD-00336,CUST-1174,2025-02-08 16:55:43,Jaipur,Tier 2,OTC,0,403.11,74.00,Completed
ORD-00337,CUST-1043,2025-02-08 19:26:43,Chennai,Tier 1,OTC,0,1275.34,0.00,Completed
ORD-00338,CUST-0099,2025-02-08 19:41:54,Mumbai,Tier 1,Chronic,1,413.00,48.00,Completed
ORD-00339,CUST-0567,2025-02-08 20:47:42,Jaipur,Tier 2,OTC,0,418.67,68.00,Completed
ORD-00340,CUST-0745,2025-02-09 10:08:22,Hyderabad,Tier 1,OTC,0,248.39,54.00,Completed
ORD-00341,CUST-0730,2025-02-09 13:44:07,Hyderabad,Tier 1,OTC,0,378.54,51.00,Completed
ORD-00342,CUST-1184,2025-02-09 14:06:28,Mumbai,Tier 1,OTC,1,818.14,0.00,Completed
ORD-00343,CUST-0328,2025-02-09 14:48:09,Hyderabad,Tier 1,OTC,0,855.10,0.00,Completed
ORD-00344,CUST-0989,2025-02-09 17:02:15,Delhi,Tier 1,OTC,0,617.31,0.00,Completed
ORD-00345,CUST-1134,2025-02-09 18:01:46,Chennai,Tier 1,OTC,1,758.70,0.00,Completed
ORD-00346,CUST-0688,2025-02-09 18:30:28,Indore,Tier 2,OTC,0,281.53,44.00,Completed
ORD-00347,CUST-0630,2025-02-09 18:55:19,Jaipur,Tier 2,OTC,0,242.57,59.00,Completed
ORD-00348,CUST-1056,2025-02-09 19:59:16,Chennai,Tier 1,OTC,0,466.79,52.00,Completed
ORD-00349,CUST-0291,2025-02-10 07:22:32,Lucknow,Tier 2,Chronic,1,781.14,0.00,Completed
ORD-00350,CUST-0708,2025-02-10 10:44:06,Jaipur,Tier 2,Chronic,1,1108.82,0.00,Completed
ORD-00351,CUST-0202,2025-02-10 11:05:47,Indore,Tier 2,OTC,1,1083.00,0.00,Completed
ORD-00352,CUST-0519,2025-02-10 11:53:11,Mumbai,Tier 1,OTC,0,497.99,61.00,Completed
ORD-00353,CUST-0692,2025-02-10 12:40:16,Lucknow,Tier 2,Chronic,1,1137.58,0.00,Completed
ORD-00354,CUST-0633,2025-02-10 16:27:22,Mumbai,Tier 1,OTC,0,253.69,72.00,Completed
ORD-00355,CUST-0602,2025-02-10 20:06:04,Jaipur,Tier 2,OTC,1,1117.85,0.00,Completed
ORD-00356,CUST-0440,2025-02-10 21:56:42,Chennai,Tier 1,OTC,0,365.27,79.00,Completed
ORD-00357,CUST-1111,2025-02-10 23:11:13,Mumbai,Tier 1,OTC,0,1295.15,0.00,Completed
ORD-00358,CUST-0484,2025-02-11 07:14:42,Delhi,Tier 1,OTC,1,658.06,0.00,Completed
ORD-00359,CUST-0893,2025-02-11 08:13:53,Delhi,Tier 1,Chronic,1,806.77,0.00,Completed
ORD-00360,CUST-0638,2025-02-11 08:20:28,Chennai,Tier 1,Chronic,1,1235.57,0.00,Completed
ORD-00361,CUST-0639,2025-02-11 09:34:14,Jaipur,Tier 2,Chronic,1,1263.94,0.00,Completed
ORD-00362,CUST-0573,2025-02-11 11:16:55,Bengaluru,Tier 1,Chronic,1,1528.84,0.00,Completed
ORD-00363,CUST-0963,2025-02-11 11:19:38,Mumbai,Tier 1,Chronic,1,471.28,63.00,Completed
ORD-00364,CUST-0292,2025-02-11 12:42:13,Mumbai,Tier 1,OTC,1,518.81,0.00,Completed
ORD-00365,CUST-1158,2025-02-11 16:01:54,Mumbai,Tier 1,Chronic,1,5046.70,0.00,Completed
ORD-00366,CUST-0343,2025-02-11 18:19:25,Jaipur,Tier 2,OTC,0,1454.97,0.00,Refunded
ORD-00367,CUST-0030,2025-02-11 18:36:47,Chennai,Tier 1,OTC,0,401.13,58.00,Completed
ORD-00368,CUST-0537,2025-02-11 22:42:56,Hyderabad,Tier 1,OTC,0,298.60,54.00,Completed
ORD-00369,CUST-0830,2025-02-12 11:16:30,Delhi,Tier 1,OTC,0,520.81,0.00,Completed
ORD-00370,CUST-0871,2025-02-12 12:47:13,Jaipur,Tier 2,OTC,0,291.28,45.00,Completed
ORD-00371,CUST-0053,2025-02-12 16:04:00,Jaipur,Tier 2,OTC,1,222.75,76.00,Completed
ORD-00372,CUST-0338,2025-02-12 17:00:29,Chennai,Tier 1,OTC,1,311.39,76.00,Cancelled
ORD-00373,CUST-0694,2025-02-12 17:14:36,Delhi,Tier 1,Chronic,1,3378.07,0.00,Completed
ORD-00374,CUST-0335,2025-02-12 17:47:52,Mumbai,Tier 1,Chronic,1,993.74,0.00,Completed
ORD-00375,CUST-0050,2025-02-12 18:41:58,Mumbai,Tier 1,Chronic,1,1907.14,0.00,Completed
ORD-00376,CUST-1047,2025-02-12 20:45:30,Delhi,Tier 1,OTC,0,557.58,0.00,Completed
ORD-00377,CUST-0549,2025-02-12 23:53:21,Jaipur,Tier 2,Chronic,1,2094.07,0.00,Completed
ORD-00378,CUST-1108,2025-02-13 01:39:23,,,OTC,1,1024.87,0.00,Completed
ORD-00379,CUST-0232,2025-02-13 06:22:43,Bengaluru,Tier 1,OTC,1,456.02,51.00,Completed
ORD-00380,CUST-0121,2025-02-13 13:24:08,Hyderabad,Tier 1,Chronic,1,402.66,66.00,Completed
ORD-00381,CUST-0791,2025-02-13 13:42:24,Delhi,Tier 1,Chronic,1,3148.94,0.00,Completed
ORD-00382,CUST-0325,2025-02-13 14:13:02,Lucknow,Tier 2,OTC,0,629.88,0.00,Completed
ORD-00383,CUST-0693,2025-02-13 17:01:21,Delhi,Tier 1,Chronic,1,613.41,0.00,Completed
ORD-00384,CUST-0793,2025-02-13 17:30:55,Delhi,Tier 1,Chronic,1,1691.67,0.00,Completed
ORD-00385,CUST-0142,2025-02-13 17:56:13,Bengaluru,Tier 1,Chronic,1,1711.65,0.00,Completed
ORD-00386,CUST-1062,2025-02-13 18:01:32,Hyderabad,Tier 1,OTC,0,285.91,50.00,Completed
ORD-00387,CUST-0941,2025-02-13 18:24:21,Delhi,Tier 1,Chronic,1,1145.25,0.00,Completed
ORD-00388,CUST-0714,2025-02-13 21:41:49,Lucknow,Tier 2,OTC,0,807.10,0.00,Completed
ORD-00389,CUST-0744,2025-02-13 23:23:14,Mumbai,Tier 1,OTC,0,662.78,0.00,Completed
ORD-00390,CUST-0124,2025-02-14 09:42:00,Bengaluru,Tier 1,Chronic,1,793.77,0.00,Completed
ORD-00391,CUST-1026,2025-02-14 10:55:36,Delhi,Tier 1,Chronic,1,566.69,0.00,Completed
ORD-00392,CUST-0367,2025-02-14 12:02:42,Jaipur,Tier 2,Chronic,1,2429.06,0.00,Completed
ORD-00393,CUST-0475,2025-02-14 12:20:36,Delhi,Tier 1,Chronic,1,1424.76,0.00,Cancelled
ORD-00394,CUST-0532,2025-02-14 12:52:24,Chennai,Tier 1,OTC,0,940.99,0.00,Completed
ORD-00395,CUST-0124,2025-02-14 14:41:18,Bengaluru,Tier 1,Chronic,1,852.78,0.00,Completed
ORD-00396,CUST-1108,2025-02-14 15:39:46,Bengaluru,Tier 1,OTC,0,580.36,0.00,Completed
ORD-00397,CUST-0467,2025-02-14 18:16:08,Chennai,Tier 1,Chronic,1,1009.51,0.00,Completed
ORD-00398,CUST-0454,2025-02-14 19:48:03,Mumbai,Tier 1,Chronic,1,597.68,0.00,Completed
ORD-00399,CUST-0811,2025-02-14 20:51:53,Mumbai,Tier 1,Chronic,1,505.67,0.00,Completed
ORD-00400,CUST-0078,2025-02-14 20:59:52,Chennai,Tier 1,Chronic,1,1177.59,0.00,Completed
ORD-00401,CUST-0155,2025-02-14 21:09:27,Mumbai,Tier 1,Chronic,1,1193.60,0.00,Completed
ORD-00402,CUST-0174,2025-02-15 09:27:38,Indore,Tier 2,OTC,0,197.52,74.00,Completed
ORD-00403,CUST-0335,2025-02-15 11:33:31,Mumbai,Tier 1,OTC,1,263.47,41.00,Completed
ORD-00404,CUST-0160,2025-02-15 11:40:44,Jaipur,Tier 2,Chronic,1,885.53,0.00,Cancelled
ORD-00405,CUST-1101,2025-02-15 12:53:54,Mumbai,Tier 1,OTC,0,415.41,76.00,Completed
ORD-00406,CUST-1185,2025-02-15 13:15:50,Mumbai,Tier 1,Chronic,1,1246.52,0.00,Completed
ORD-00407,CUST-0983,2025-02-15 13:21:16,Jaipur,Tier 2,Chronic,1,1379.36,0.00,Completed
ORD-00408,CUST-0301,2025-02-15 14:24:26,Jaipur,Tier 2,Chronic,1,2390.87,0.00,Completed
ORD-00409,CUST-0673,2025-02-15 16:12:55,Indore,Tier 2,OTC,0,1601.55,0.00,Completed
ORD-00410,CUST-0093,2025-02-15 16:35:55,Bengaluru,Tier 1,OTC,0,382.17,72.00,Completed
ORD-00411,CUST-0515,2025-02-15 17:16:19,Delhi,Tier 1,Chronic,1,1696.86,0.00,Completed
ORD-00412,CUST-0091,2025-02-15 17:22:11,Mumbai,Tier 1,Chronic,1,1555.39,0.00,Completed
ORD-00413,CUST-1026,2025-02-15 17:45:02,Delhi,Tier 1,Chronic,1,951.71,0.00,Completed
ORD-00414,CUST-1194,2025-02-15 17:53:28,Indore,Tier 2,OTC,1,2526.50,0.00,Completed
ORD-00415,CUST-0055,2025-02-15 18:30:02,Chennai,Tier 1,OTC,0,899.18,0.00,Completed
ORD-00416,CUST-0896,2025-02-16 11:21:29,Lucknow,Tier 2,Chronic,1,1180.35,0.00,Completed
ORD-00417,CUST-0675,2025-02-16 11:30:07,Hyderabad,Tier 1,OTC,0,467.54,58.00,Completed
ORD-00418,CUST-0875,2025-02-16 12:52:38,Chennai,Tier 1,OTC,0,536.01,0.00,Completed
ORD-00419,CUST-0261,2025-02-16 13:29:57,Mumbai,Tier 1,OTC,1,131.36,80.00,Completed
ORD-00420,CUST-0839,2025-02-16 16:56:20,Bengaluru,Tier 1,OTC,0,189.21,59.00,Completed
ORD-00421,CUST-1124,2025-02-16 17:13:45,Mumbai,Tier 1,OTC,0,494.85,54.00,Completed
ORD-00422,CUST-0690,2025-02-16 17:20:56,Hyderabad,Tier 1,OTC,0,223.65,61.00,Completed
ORD-00423,CUST-0453,2025-02-16 17:53:50,Chennai,Tier 1,OTC,0,477.30,55.00,Completed
ORD-00424,CUST-0533,2025-02-16 20:51:12,Bengaluru,Tier 1,OTC,1,404.55,47.00,Completed
ORD-00425,CUST-0289,2025-02-16 20:53:04,Hyderabad,Tier 1,Chronic,1,1440.79,0.00,Completed
ORD-00426,CUST-0881,2025-02-16 22:57:56,Bengaluru,Tier 1,Chronic,1,2153.02,0.00,Cancelled
ORD-00427,CUST-0569,2025-02-17 03:28:49,Bengaluru,Tier 1,Chronic,1,1196.33,0.00,Completed
ORD-00428,CUST-0518,2025-02-17 08:16:56,Jaipur,Tier 2,Chronic,1,569.75,0.00,Completed
ORD-00429,CUST-0071,2025-02-17 09:14:40,Delhi,Tier 1,OTC,0,249.51,69.00,Completed
ORD-00430,CUST-0355,2025-02-17 10:25:56,Bengaluru,Tier 1,Chronic,1,1239.37,0.00,Completed
ORD-00431,CUST-0242,2025-02-17 11:45:59,Jaipur,Tier 2,OTC,0,498.29,54.00,Refunded
ORD-00432,CUST-0763,2025-02-17 14:16:03,Mumbai,Tier 1,OTC,1,1049.24,0.00,Completed
ORD-00433,CUST-0769,2025-02-17 14:26:51,Mumbai,Tier 1,OTC,0,271.38,63.00,Completed
ORD-00434,CUST-0179,2025-02-17 20:38:08,Lucknow,Tier 2,OTC,0,834.58,0.00,Completed
ORD-00435,CUST-1093,2025-02-17 23:08:44,Delhi,Tier 1,Chronic,1,573.57,0.00,Completed
ORD-00436,CUST-0183,2025-02-18 10:44:49,Hyderabad,Tier 1,OTC,0,370.70,77.00,Completed
ORD-00437,CUST-0882,2025-02-18 11:36:53,Hyderabad,Tier 1,OTC,0,740.86,0.00,Completed
ORD-00438,CUST-0327,2025-02-18 12:32:24,Jaipur,Tier 2,Chronic,1,796.10,0.00,Completed
ORD-00439,CUST-0621,2025-02-18 14:53:39,Jaipur,Tier 2,Chronic,1,739.78,0.00,Completed
ORD-00439,CUST-0621,2025-02-18 14:53:39,Indore,Tier 2,Chronic,1,1013.50,0.00,Completed
ORD-00440,CUST-0575,2025-02-18 15:35:16,Lucknow,Tier 2,OTC,0,191.04,77.00,Completed
ORD-00441,CUST-0418,2025-02-18 16:14:25,Jaipur,Tier 2,Chronic,1,2341.26,0.00,Refunded
ORD-00442,CUST-0002,2025-02-18 18:17:20,Bengaluru,Tier 1,Chronic,1,1277.91,0.00,Completed
ORD-00443,CUST-0786,2025-02-18 19:54:20,Bengaluru,Tier 1,OTC,0,276.11,50.00,Completed
ORD-00444,CUST-1112,2025-02-18 20:19:47,Bengaluru,Tier 1,OTC,0,1292.76,0.00,Completed
ORD-00445,CUST-0576,2025-02-18 22:34:16,Hyderabad,Tier 1,Chronic,1,2004.48,0.00,Cancelled
ORD-00446,CUST-0390,2025-02-19 08:55:40,Lucknow,Tier 2,Chronic,1,1752.93,0.00,Cancelled
ORD-00447,CUST-0444,2025-02-19 11:29:01,Delhi,Tier 1,OTC,0,807.53,0.00,Completed
ORD-00448,CUST-0129,2025-02-19 13:08:34,Mumbai,Tier 1,OTC,0,279.70,66.00,Completed
ORD-00449,CUST-0838,2025-02-19 13:29:44,Indore,Tier 2,OTC,0,201.74,73.00,Completed
ORD-00450,CUST-0477,2025-02-19 17:16:34,Bengaluru,Tier 1,Chronic,1,1432.03,0.00,Completed
ORD-00451,CUST-0136,2025-02-19 18:01:07,Mumbai,Tier 1,OTC,0,546.02,0.00,Completed
ORD-00452,CUST-1037,2025-02-19 19:13:33,Delhi,Tier 1,OTC,1,176.52,65.00,Completed
ORD-00453,CUST-0126,2025-02-19 20:26:48,Bengaluru,Tier 1,Chronic,1,689.03,0.00,Completed
ORD-00454,CUST-0145,2025-02-19 21:29:16,Bengaluru,Tier 1,OTC,0,417.70,57.00,Refunded
ORD-00455,CUST-0099,2025-02-19 21:37:11,Mumbai,Tier 1,OTC,0,234.62,54.00,Completed
ORD-00456,CUST-1141,2025-02-20 09:49:15,Bengaluru,Tier 1,OTC,0,639.26,0.00,Completed
ORD-00457,CUST-0177,2025-02-20 10:58:13,Bengaluru,Tier 1,OTC,1,1270.65,0.00,Completed
ORD-00458,CUST-0850,2025-02-20 11:04:29,Indore,Tier 2,OTC,0,372.23,71.00,Completed
ORD-00459,CUST-0905,2025-02-20 11:46:41,Indore,Tier 2,OTC,0,217.31,70.00,Completed
ORD-00460,CUST-0543,2025-02-20 15:41:23,Lucknow,Tier 2,Chronic,1,1141.10,0.00,Completed
ORD-00461,CUST-0658,2025-02-20 17:17:29,Delhi,Tier 1,OTC,0,846.64,0.00,Completed
ORD-00462,CUST-0919,2025-02-20 19:04:33,Delhi,Tier 1,Chronic,1,1473.44,0.00,Completed
ORD-00463,CUST-1106,2025-02-20 22:52:16,Jaipur,Tier 2,OTC,0,734.78,0.00,Completed
ORD-00464,CUST-0250,2025-02-21 06:29:10,Bengaluru,Tier 1,Chronic,1,1690.70,0.00,Completed
ORD-00465,CUST-0617,2025-02-21 09:19:08,Jaipur,Tier 2,OTC,0,249.85,40.00,Completed
ORD-00466,CUST-0557,2025-02-21 10:25:59,Delhi,Tier 1,Chronic,1,663.75,0.00,Completed
ORD-00467,CUST-0137,2025-02-21 10:47:27,Indore,Tier 2,Chronic,1,717.89,0.00,Completed
ORD-00468,CUST-1053,2025-02-21 12:20:37,Delhi,Tier 1,OTC,0,469.04,70.00,Completed
ORD-00469,CUST-0005,2025-02-21 12:45:45,Mumbai,Tier 1,OTC,0,531.58,0.00,Completed
ORD-00470,CUST-0051,2025-02-21 12:53:38,Delhi,Tier 1,OTC,0,294.09,79.00,Refunded
ORD-00471,CUST-0964,2025-02-21 14:47:22,Mumbai,Tier 1,OTC,0,572.22,0.00,Completed
ORD-00472,CUST-0629,2025-02-21 15:11:48,Hyderabad,Tier 1,OTC,1,182.94,71.00,Completed
ORD-00473,CUST-0182,2025-02-21 18:50:28,Lucknow,Tier 2,Chronic,1,1082.93,0.00,Completed
ORD-00474,CUST-0966,2025-02-21 20:08:17,Bengaluru,Tier 1,OTC,0,382.89,59.00,Completed
ORD-00475,CUST-0757,2025-02-21 21:39:56,Delhi,Tier 1,OTC,0,199.02,67.00,Completed
ORD-00476,CUST-0515,2025-02-22 07:18:09,Delhi,Tier 1,Chronic,1,1170.79,0.00,Completed
ORD-00477,CUST-0074,2025-02-22 10:28:58,Delhi,Tier 1,OTC,0,242.33,74.00,Completed
ORD-00478,CUST-0409,2025-02-22 10:58:39,Mumbai,Tier 1,OTC,0,414.03,51.00,Completed
ORD-00479,CUST-0550,2025-02-22 13:41:01,Bengaluru,Tier 1,OTC,0,525.87,0.00,Completed
ORD-00480,CUST-0671,2025-02-22 14:30:32,Mumbai,Tier 1,Chronic,1,936.57,0.00,Refunded
ORD-00481,CUST-0155,2025-02-22 14:56:22,Mumbai,Tier 1,OTC,0,390.14,80.00,Completed
ORD-00482,CUST-1017,2025-02-22 17:12:13,Chennai,Tier 1,Chronic,1,747.78,0.00,Completed
ORD-00483,CUST-0869,2025-02-22 17:15:11,Mumbai,Tier 1,OTC,1,398.12,53.00,Completed
ORD-00484,CUST-0689,2025-02-22 18:22:15,Jaipur,Tier 2,Chronic,1,507.92,0.00,Completed
ORD-00485,CUST-0634,2025-02-22 19:49:20,Bengaluru,Tier 1,OTC,0,667.42,0.00,Completed
ORD-00486,CUST-1183,2025-02-22 20:37:20,Mumbai,Tier 1,Chronic,1,2021.92,0.00,Completed
ORD-00487,CUST-0205,2025-02-22 21:04:45,Mumbai,Tier 1,Chronic,1,855.88,0.00,Completed
ORD-00488,CUST-0865,2025-02-23 08:56:42,Mumbai,Tier 1,OTC,0,679.64,0.00,Completed
ORD-00489,CUST-1146,2025-02-23 11:22:48,Delhi,Tier 1,OTC,0,1384.87,0.00,Completed
ORD-00490,CUST-0576,2025-02-23 13:32:09,Hyderabad,Tier 1,Chronic,1,3264.25,0.00,Completed
ORD-00491,CUST-1033,2025-02-23 14:27:34,Hyderabad,Tier 1,OTC,0,1097.81,0.00,Completed
ORD-00492,CUST-0064,2025-02-23 15:04:18,Jaipur,Tier 2,OTC,0,488.53,68.00,Completed
ORD-00493,CUST-1047,2025-02-23 17:04:24,Delhi,Tier 1,OTC,0,1421.13,0.00,Completed
ORD-00494,CUST-0649,2025-02-23 19:13:06,Chennai,Tier 1,Chronic,1,1056.27,0.00,Completed
ORD-00495,CUST-0335,2025-02-23 19:40:26,Mumbai,Tier 1,Chronic,1,2201.97,0.00,Completed
ORD-00496,CUST-0007,2025-02-23 20:27:57,Jaipur,Tier 2,OTC,0,481.00,48.00,Completed
ORD-00497,CUST-0392,2025-02-23 21:24:32,Mumbai,Tier 1,OTC,1,1339.00,0.00,Completed
ORD-00498,CUST-0376,2025-02-23 21:47:14,Mumbai,Tier 1,Chronic,1,712.30,0.00,Completed
ORD-00499,CUST-0463,2025-02-23 22:12:48,Indore,Tier 2,OTC,0,361.10,53.00,Completed
ORD-00500,CUST-0622,2025-02-24 08:48:24,Bengaluru,Tier 1,Chronic,1,702.13,0.00,Completed
ORD-00501,CUST-0784,2025-02-24 09:55:28,Hyderabad,Tier 1,Chronic,1,733.06,0.00,Completed
ORD-00502,CUST-1169,2025-02-24 10:46:38,Jaipur,Tier 2,Chronic,1,1576.29,0.00,Completed
ORD-00503,CUST-0751,2025-02-24 11:42:05,Delhi,Tier 1,Chronic,1,2327.90,0.00,Cancelled
ORD-00504,CUST-0998,2025-02-24 11:57:00,Mumbai,Tier 1,Chronic,1,2059.91,0.00,Completed
ORD-00505,CUST-0752,2025-02-24 16:54:01,Delhi,Tier 1,Chronic,1,1398.54,0.00,Refunded
ORD-00506,CUST-0182,2025-02-24 18:43:57,Lucknow,Tier 2,Chronic,1,955.15,0.00,Completed
ORD-00507,CUST-1003,2025-02-24 18:48:56,Mumbai,Tier 1,OTC,0,466.66,63.00,Completed
ORD-00508,CUST-1166,2025-02-24 19:04:05,Lucknow,Tier 2,Chronic,1,425.20,58.00,Completed
ORD-00509,CUST-0018,2025-02-24 21:52:17,Mumbai,Tier 1,Chronic,1,542.17,0.00,Completed
ORD-00510,CUST-0517,2025-02-24 21:56:27,Delhi,Tier 1,Chronic,1,456.84,57.00,Completed
ORD-00511,CUST-0840,2025-02-25 00:22:53,Hyderabad,Tier 1,OTC,1,475.11,60.00,Refunded
ORD-00512,CUST-1056,2025-02-25 06:27:43,Chennai,Tier 1,Chronic,1,622.48,0.00,Cancelled
ORD-00513,CUST-0723,2025-02-25 08:09:30,Mumbai,Tier 1,OTC,0,410.38,75.00,Completed
ORD-00514,CUST-0645,2025-02-25 11:34:53,Chennai,Tier 1,Chronic,1,728.50,0.00,Completed
ORD-00515,CUST-1172,2025-02-25 11:52:51,Jaipur,Tier 2,Chronic,1,1314.64,0.00,Completed
ORD-00516,CUST-0083,2025-02-25 11:53:27,Jaipur,Tier 2,OTC,0,208.21,66.00,Refunded
ORD-00517,CUST-0411,2025-02-25 13:58:08,Chennai,Tier 1,Chronic,1,609.03,0.00,Completed
ORD-00518,CUST-0242,2025-02-25 15:25:54,Jaipur,Tier 2,OTC,0,369.70,44.00,Completed
ORD-00519,CUST-0721,2025-02-25 18:46:49,Hyderabad,Tier 1,Chronic,1,702.90,0.00,Completed
ORD-00520,CUST-0763,2025-02-25 19:16:21,Mumbai,Tier 1,OTC,0,948.41,0.00,Completed
ORD-00521,CUST-0548,2025-02-25 20:14:55,Mumbai,Tier 1,OTC,0,425.88,41.00,Completed
ORD-00522,CUST-0892,2025-02-25 22:12:20,Indore,Tier 2,OTC,0,566.76,0.00,Completed
ORD-00523,CUST-0262,2025-02-25 22:34:15,Jaipur,Tier 2,OTC,1,1315.52,0.00,Completed
ORD-00524,CUST-0440,2025-02-26 06:11:28,Chennai,Tier 1,Chronic,1,446.02,73.00,Cancelled
ORD-00525,CUST-0471,2025-02-26 07:23:08,Bengaluru,Tier 1,OTC,0,571.96,0.00,Completed
ORD-00526,CUST-0016,2025-02-26 18:58:21,Delhi,Tier 1,Chronic,1,1473.41,0.00,Completed
ORD-00527,CUST-0778,2025-02-26 19:53:40,Mumbai,Tier 1,OTC,0,191.95,67.00,Completed
ORD-00528,CUST-0388,2025-02-26 21:21:18,Indore,Tier 2,Chronic,1,1174.74,0.00,Completed
ORD-00529,CUST-0509,2025-02-26 21:39:29,Bengaluru,Tier 1,OTC,0,476.93,60.00,Completed
ORD-00530,CUST-0757,2025-02-26 22:34:14,Delhi,Tier 1,Chronic,1,2261.12,0.00,Completed
ORD-00531,CUST-0518,2025-02-26 22:34:16,Jaipur,Tier 2,OTC,0,217.72,40.00,Refunded
ORD-00532,CUST-0345,2025-02-26 22:59:06,Jaipur,Tier 2,OTC,0,841.25,0.00,Completed
ORD-00533,CUST-0297,2025-02-27 06:48:00,Indore,Tier 2,OTC,0,469.68,72.00,Completed
ORD-00534,CUST-0142,2025-02-27 11:35:04,Bengaluru,Tier 1,Chronic,1,4602.57,0.00,Completed
ORD-00535,CUST-0073,2025-02-27 16:26:07,Lucknow,Tier 2,Chronic,1,1380.02,0.00,Completed
ORD-00536,CUST-0186,2025-02-27 18:34:34,Chennai,Tier 1,Chronic,1,1040.67,0.00,Completed
ORD-00537,CUST-0137,2025-02-28 00:06:42,Indore,Tier 2,OTC,0,1596.83,0.00,Refunded
ORD-00538,CUST-0099,2025-02-28 07:17:57,Mumbai,Tier 1,OTC,0,449.65,59.00,Cancelled
ORD-00539,CUST-0680,2025-02-28 08:05:30,Bengaluru,Tier 1,Chronic,1,1248.79,0.00,Completed
ORD-00540,CUST-0964,2025-02-28 09:05:18,Mumbai,Tier 1,Chronic,1,578.17,0.00,Completed
ORD-00541,CUST-0353,2025-02-28 15:00:51,Hyderabad,Tier 1,Chronic,1,1453.90,0.00,Completed
ORD-00542,CUST-0293,2025-02-28 16:49:38,Indore,Tier 2,OTC,0,1157.06,0.00,Completed
ORD-00543,CUST-0562,2025-02-28 17:35:36,Delhi,Tier 1,OTC,0,193.30,48.00,Completed
ORD-00544,CUST-0644,2025-02-28 17:47:49,Delhi,Tier 1,Chronic,1,1088.19,0.00,Completed
ORD-00545,CUST-0947,2025-02-28 19:16:35,Chennai,Tier 1,Chronic,1,2930.40,0.00,Completed
ORD-00546,CUST-0939,2025-03-01 03:34:00,Lucknow,Tier 2,OTC,0,200.22,80.00,Completed
ORD-00547,CUST-0498,2025-03-01 07:06:39,Chennai,Tier 1,Chronic,1,1530.45,0.00,Completed
ORD-00548,CUST-0998,2025-03-01 11:42:37,Mumbai,Tier 1,OTC,0,308.17,56.00,Completed
ORD-00549,CUST-0888,2025-03-01 13:04:10,Mumbai,Tier 1,Chronic,1,1673.78,0.00,Completed
ORD-00550,CUST-0140,2025-03-01 19:30:22,Mumbai,Tier 1,OTC,0,753.52,0.00,Completed
ORD-00551,CUST-0343,2025-03-01 20:17:37,Jaipur,Tier 2,Chronic,1,789.29,0.00,Completed
ORD-00552,CUST-0812,2025-03-01 20:59:47,Mumbai,Tier 1,Chronic,1,1202.03,0.00,Completed
ORD-00553,CUST-0821,2025-03-01 22:23:57,Mumbai,Tier 1,Chronic,1,1137.96,0.00,Refunded
ORD-00554,CUST-0797,2025-03-02 10:07:16,Mumbai,Tier 1,OTC,0,693.08,0.00,Completed
ORD-00555,CUST-0678,2025-03-02 10:25:33,Bengaluru,Tier 1,OTC,1,874.61,0.00,Completed
ORD-00556,CUST-0477,2025-03-02 13:27:42,Bengaluru,Tier 1,OTC,0,759.44,0.00,Completed
ORD-00557,CUST-0827,2025-03-02 13:50:46,Hyderabad,Tier 1,OTC,0,694.00,0.00,Completed
ORD-00558,CUST-0640,2025-03-02 16:19:16,Lucknow,Tier 2,OTC,0,981.34,0.00,Completed
ORD-00559,CUST-0148,2025-03-02 16:23:19,Hyderabad,Tier 1,Chronic,1,1200.97,0.00,Completed
ORD-00560,CUST-1181,2025-03-02 17:20:21,Jaipur,Tier 2,OTC,0,375.61,41.00,Completed
ORD-00561,CUST-0431,2025-03-02 20:55:09,Indore,Tier 2,Chronic,1,899.02,0.00,Completed
ORD-00562,CUST-0583,2025-03-02 21:07:24,Mumbai,Tier 1,Chronic,1,910.37,0.00,Completed
ORD-00563,CUST-0963,2025-03-02 21:45:19,Mumbai,Tier 1,Chronic,1,2328.19,0.00,Completed
ORD-00564,CUST-1057,2025-03-02 22:21:06,Lucknow,Tier 2,Chronic,1,1010.90,0.00,Completed
ORD-00565,CUST-0654,2025-03-03 10:03:16,Delhi,Tier 1,OTC,0,296.94,48.00,Completed
ORD-00566,CUST-0622,2025-03-03 12:38:57,Bengaluru,Tier 1,Chronic,1,1153.00,0.00,Completed
ORD-00567,CUST-0582,2025-03-03 13:36:55,Hyderabad,Tier 1,OTC,1,556.73,0.00,Completed
ORD-00568,CUST-0675,2025-03-03 15:56:59,Hyderabad,Tier 1,OTC,0,1151.73,0.00,Completed
ORD-00569,CUST-0892,2025-03-03 16:06:40,Indore,Tier 2,Chronic,1,595.81,0.00,Completed
ORD-00570,CUST-0651,2025-03-03 16:19:07,Bengaluru,Tier 1,OTC,0,429.76,51.00,Completed
ORD-00571,CUST-0535,2025-03-03 18:02:04,Mumbai,Tier 1,Chronic,1,1236.99,0.00,Completed
ORD-00572,CUST-1004,2025-03-03 19:20:01,Mumbai,Tier 1,Chronic,1,691.74,0.00,Completed
ORD-00573,CUST-0449,2025-03-04 07:05:50,Mumbai,Tier 1,Chronic,1,2049.09,0.00,Cancelled
ORD-00574,CUST-0806,2025-03-04 11:02:48,Mumbai,Tier 1,Chronic,1,1877.76,0.00,Completed
ORD-00575,CUST-1085,2025-03-04 12:31:55,Indore,Tier 2,OTC,0,204.44,64.00,Completed
ORD-00576,CUST-0929,2025-03-04 12:35:11,Hyderabad,Tier 1,OTC,0,521.94,0.00,Completed
ORD-00577,CUST-0544,2025-03-04 12:42:27,Indore,Tier 2,OTC,0,1582.44,0.00,Completed
ORD-00578,CUST-0663,2025-03-04 16:43:45,Delhi,Tier 1,OTC,0,1267.41,0.00,Completed
ORD-00579,CUST-0003,2025-03-04 17:49:01,Lucknow,Tier 2,OTC,0,1362.82,0.00,Completed
ORD-00580,CUST-0174,2025-03-04 18:38:32,Indore,Tier 2,Chronic,1,2043.50,0.00,Completed
ORD-00581,CUST-0863,2025-03-04 19:38:59,Jaipur,Tier 2,Chronic,1,1525.15,0.00,Completed
ORD-00582,CUST-0385,2025-03-04 19:59:05,Bengaluru,Tier 1,Chronic,1,381.15,44.00,Completed
ORD-00583,CUST-0050,2025-03-04 20:17:40,Mumbai,Tier 1,OTC,0,938.69,0.00,Completed
ORD-00584,CUST-0040,2025-03-04 21:45:22,Chennai,Tier 1,Chronic,1,2688.85,0.00,Completed
ORD-00585,CUST-0871,2025-03-04 22:16:17,Jaipur,Tier 2,OTC,0,449.44,68.00,Refunded
ORD-00586,CUST-0427,2025-03-04 22:35:36,Delhi,Tier 1,OTC,0,276.03,53.00,Completed
ORD-00587,CUST-0789,2025-03-05 08:04:33,Jaipur,Tier 2,Chronic,1,1169.95,0.00,Completed
ORD-00588,CUST-0982,2025-03-05 09:40:43,Jaipur,Tier 2,OTC,1,416.01,52.00,Refunded
ORD-00589,CUST-0152,2025-03-05 12:22:04,Lucknow,Tier 2,OTC,0,988.32,0.00,Completed
ORD-00590,CUST-0503,2025-03-05 12:45:24,Indore,Tier 2,OTC,0,1412.42,0.00,Completed
ORD-00591,CUST-0892,2025-03-05 14:58:21,Indore,Tier 2,OTC,0,423.05,73.00,Completed
ORD-00592,CUST-0571,2025-03-05 16:00:04,Delhi,Tier 1,OTC,0,699.37,0.00,Completed
ORD-00593,CUST-0994,2025-03-05 19:18:28,Delhi,Tier 1,OTC,0,574.48,0.00,Completed
ORD-00594,CUST-0830,2025-03-05 19:36:20,Delhi,Tier 1,Chronic,1,2405.75,0.00,Completed
ORD-00595,CUST-0226,2025-03-06 07:54:17,Indore,Tier 2,OTC,0,466.48,50.00,Completed
ORD-00596,CUST-0184,2025-03-06 10:55:31,Delhi,Tier 1,Chronic,1,1205.22,0.00,Completed
ORD-00597,CUST-0095,2025-03-06 11:25:00,Delhi,Tier 1,OTC,0,300.99,46.00,Refunded
ORD-00598,CUST-0426,2025-03-06 11:45:57,Jaipur,Tier 2,Chronic,1,619.49,0.00,Completed
ORD-00599,CUST-1158,2025-03-06 12:01:45,Mumbai,Tier 1,OTC,0,688.65,0.00,Completed
ORD-00600,CUST-0487,2025-03-06 12:16:40,Bengaluru,Tier 1,OTC,0,537.65,0.00,Completed
ORD-00601,CUST-0177,2025-03-06 12:24:34,Bengaluru,Tier 1,OTC,0,676.50,0.00,Completed
ORD-00602,CUST-0245,2025-03-06 12:44:14,Hyderabad,Tier 1,OTC,0,531.86,0.00,Completed
ORD-00603,CUST-1096,2025-03-06 13:38:50,Bengaluru,Tier 1,Chronic,1,924.77,0.00,Cancelled
ORD-00604,CUST-0810,2025-03-06 14:05:02,Indore,Tier 2,Chronic,1,1626.97,0.00,Completed
ORD-00605,CUST-0422,2025-03-06 15:04:50,Mumbai,Tier 1,OTC,0,1162.58,0.00,Completed
ORD-00606,CUST-0553,2025-03-06 15:30:13,Delhi,Tier 1,OTC,0,1841.84,0.00,Completed
ORD-00607,CUST-1115,2025-03-06 16:31:04,Indore,Tier 2,Chronic,1,1242.96,0.00,Completed
ORD-00608,CUST-0829,2025-03-06 17:32:55,Lucknow,Tier 2,Chronic,1,1550.19,0.00,Completed
ORD-00609,CUST-0558,2025-03-06 18:51:20,Bengaluru,Tier 1,Chronic,1,540.78,0.00,Cancelled
ORD-00610,CUST-0212,2025-03-06 19:07:21,Hyderabad,Tier 1,OTC,1,492.69,56.00,Completed
ORD-00611,CUST-0221,2025-03-06 19:35:52,Delhi,Tier 1,OTC,0,3284.98,0.00,Completed
ORD-00612,CUST-1195,2025-03-06 21:17:32,Lucknow,Tier 2,Chronic,1,2518.91,0.00,Completed
ORD-00613,CUST-0699,2025-03-06 23:27:11,Chennai,Tier 1,Chronic,1,1002.22,0.00,Completed
ORD-00614,CUST-0821,2025-03-07 08:25:38,Mumbai,Tier 1,OTC,1,587.61,0.00,Completed
ORD-00615,CUST-0706,2025-03-07 09:39:15,Hyderabad,Tier 1,OTC,0,364.38,67.00,Completed
ORD-00616,CUST-1034,2025-03-07 10:11:43,Lucknow,Tier 2,OTC,1,350.90,73.00,Completed
ORD-00617,CUST-1046,2025-03-07 10:29:03,Delhi,Tier 1,Chronic,1,926.53,0.00,Completed
ORD-00618,CUST-1120,2025-03-07 11:35:26,Lucknow,Tier 2,OTC,0,389.51,71.00,Completed
ORD-00619,CUST-1200,2025-03-07 12:23:07,Jaipur,Tier 2,Chronic,1,1226.18,0.00,Completed
ORD-00620,CUST-0411,2025-03-07 12:37:44,Chennai,Tier 1,Chronic,1,403.29,75.00,Completed
ORD-00621,CUST-0075,2025-03-07 16:55:58,Mumbai,Tier 1,OTC,0,465.90,52.00,Refunded
ORD-00622,CUST-0704,2025-03-08 02:00:53,Lucknow,Tier 2,Chronic,1,2229.84,0.00,Refunded
ORD-00623,CUST-0173,2025-03-08 08:52:08,Delhi,Tier 1,OTC,0,351.06,48.00,Completed
ORD-00624,CUST-0734,2025-03-08 12:43:38,Bengaluru,Tier 1,Chronic,1,2084.53,0.00,Cancelled
ORD-00625,CUST-0196,2025-03-08 13:32:52,Mumbai,Tier 1,Chronic,1,1391.41,0.00,Cancelled
ORD-00626,CUST-0802,2025-03-08 14:10:09,Delhi,Tier 1,Chronic,1,2087.54,0.00,Refunded
ORD-00627,CUST-0773,2025-03-08 16:55:47,Hyderabad,Tier 1,OTC,0,1027.49,0.00,Completed
ORD-00628,CUST-0300,2025-03-08 17:18:30,Chennai,Tier 1,Chronic,1,2293.19,0.00,Completed
ORD-00629,CUST-0896,2025-03-08 17:46:42,Lucknow,Tier 2,Chronic,1,1741.39,0.00,Completed
ORD-00630,CUST-0573,2025-03-08 19:00:14,Bengaluru,Tier 1,OTC,0,766.96,0.00,Completed
ORD-00631,CUST-0138,2025-03-08 20:42:01,Bengaluru,Tier 1,Chronic,1,1079.38,0.00,Completed
ORD-00632,CUST-0219,2025-03-08 23:51:06,Indore,Tier 2,OTC,0,1885.70,0.00,Completed
ORD-00633,CUST-0934,2025-03-09 07:03:38,Jaipur,Tier 2,Chronic,1,877.34,0.00,Completed
ORD-00634,CUST-0192,2025-03-09 10:53:52,Delhi,Tier 1,OTC,0,387.69,61.00,Cancelled
ORD-00635,CUST-0650,2025-03-09 15:53:57,Mumbai,Tier 1,OTC,0,380.25,67.00,Completed
ORD-00636,CUST-0238,2025-03-09 16:25:24,Jaipur,Tier 2,Chronic,1,1967.39,0.00,Completed
ORD-00637,CUST-0300,2025-03-09 20:31:24,Chennai,Tier 1,OTC,1,86.41,68.00,Completed
ORD-00638,CUST-0462,2025-03-09 20:43:05,Mumbai,Tier 1,Chronic,1,1103.02,0.00,Completed
ORD-00639,CUST-0114,2025-03-09 22:35:35,Hyderabad,Tier 1,Chronic,1,371.86,46.00,Completed
ORD-00640,CUST-0683,2025-03-10 10:36:55,Mumbai,Tier 1,Chronic,1,1412.82,0.00,Completed
ORD-00641,CUST-0995,2025-03-10 15:22:02,Indore,Tier 2,Chronic,1,789.69,0.00,Completed
ORD-00642,CUST-0455,2025-03-10 18:37:12,Mumbai,Tier 1,OTC,0,827.06,0.00,Cancelled
ORD-00643,CUST-1195,2025-03-10 19:54:42,Lucknow,Tier 2,OTC,0,408.53,52.00,Completed
ORD-00644,CUST-0555,2025-03-10 20:33:43,Mumbai,Tier 1,Chronic,1,1339.00,0.00,Completed
ORD-00645,CUST-0297,2025-03-10 20:56:11,Indore,Tier 2,OTC,0,309.44,67.00,Completed
ORD-00646,CUST-0129,2025-03-11 07:57:56,Mumbai,Tier 1,Chronic,1,1836.56,0.00,Completed
ORD-00647,CUST-0131,2025-03-11 08:03:34,Mumbai,Tier 1,OTC,0,315.31,49.00,Completed
ORD-00648,CUST-1042,2025-03-11 10:03:33,Chennai,Tier 1,Chronic,1,837.34,0.00,Completed
ORD-00649,CUST-0040,2025-03-11 11:03:57,Chennai,Tier 1,OTC,0,590.41,0.00,Completed
ORD-00650,CUST-0518,2025-03-11 12:07:08,Jaipur,Tier 2,Chronic,1,773.45,0.00,Completed
ORD-00651,CUST-0526,2025-03-11 13:11:27,Bengaluru,Tier 1,OTC,1,554.57,0.00,Completed
ORD-00652,CUST-0526,2025-03-11 14:48:58,Bengaluru,Tier 1,Chronic,1,869.54,0.00,Completed
ORD-00653,CUST-0411,2025-03-11 15:28:24,Chennai,Tier 1,Chronic,1,846.45,0.00,Completed
ORD-00654,CUST-0754,2025-03-11 15:51:46,Bengaluru,Tier 1,Chronic,1,921.96,0.00,Completed
ORD-00655,CUST-0170,2025-03-11 17:07:04,Indore,Tier 2,OTC,0,951.52,0.00,Completed
ORD-00656,CUST-0880,2025-03-11 18:13:12,Hyderabad,Tier 1,OTC,0,449.68,61.00,Completed
ORD-00657,CUST-0086,2025-03-11 19:38:52,Mumbai,Tier 1,OTC,0,296.24,41.00,Refunded
ORD-00658,CUST-0092,2025-03-11 20:55:01,Chennai,Tier 1,OTC,0,715.06,0.00,Cancelled
ORD-00659,CUST-0290,2025-03-12 06:11:35,Mumbai,Tier 1,OTC,0,808.03,0.00,Completed
ORD-00660,CUST-1013,2025-03-12 07:42:38,Bengaluru,Tier 1,Chronic,1,1017.55,0.00,Completed
ORD-00661,CUST-0196,2025-03-12 10:56:39,Mumbai,Tier 1,Chronic,1,1068.81,0.00,Completed
ORD-00662,CUST-0588,2025-03-12 11:13:25,Delhi,Tier 1,Chronic,1,971.79,0.00,Completed
ORD-00663,CUST-0155,2025-03-12 17:03:19,Mumbai,Tier 1,OTC,1,576.58,0.00,Refunded
ORD-00664,CUST-0641,2025-03-12 17:17:50,Jaipur,Tier 2,OTC,0,507.74,0.00,Completed
ORD-00665,CUST-0769,2025-03-12 18:13:53,Mumbai,Tier 1,Chronic,1,1712.93,0.00,Completed
ORD-00666,CUST-0023,2025-03-13 10:37:39,Indore,Tier 2,Chronic,1,1325.62,0.00,Completed
ORD-00667,CUST-0115,2025-03-13 11:51:30,Mumbai,Tier 1,OTC,0,1679.22,0.00,Completed
ORD-00668,CUST-0018,2025-03-13 14:21:30,Mumbai,Tier 1,Chronic,1,1575.04,0.00,Completed
ORD-00669,CUST-0474,2025-03-13 17:58:59,Mumbai,Tier 1,Chronic,1,1104.45,0.00,Completed
ORD-00670,CUST-0730,2025-03-13 18:20:32,Hyderabad,Tier 1,OTC,1,1167.00,0.00,Completed
ORD-00671,CUST-0733,2025-03-13 19:56:54,Mumbai,Tier 1,OTC,0,392.21,56.00,Completed
ORD-00672,CUST-0994,2025-03-13 22:56:49,Delhi,Tier 1,OTC,0,1267.64,0.00,Completed
ORD-00673,CUST-0926,2025-03-13 22:58:13,Delhi,Tier 1,Chronic,1,1292.86,0.00,Completed
ORD-00674,CUST-0678,2025-03-14 08:01:20,Bengaluru,Tier 1,OTC,0,673.63,0.00,Completed
ORD-00675,CUST-1049,2025-03-14 10:09:19,Lucknow,Tier 2,Chronic,1,1270.95,0.00,Completed
ORD-00676,CUST-0964,2025-03-14 11:40:35,Mumbai,Tier 1,Chronic,1,1126.32,0.00,Completed
ORD-00677,CUST-0395,2025-03-14 15:40:04,Mumbai,Tier 1,OTC,0,510.06,0.00,Completed
ORD-00678,CUST-0291,2025-03-14 17:15:42,Lucknow,Tier 2,Chronic,1,962.44,0.00,Cancelled
ORD-00679,CUST-0694,2025-03-14 18:00:40,Delhi,Tier 1,OTC,0,357.43,54.00,Completed
ORD-00680,CUST-1119,2025-03-14 18:21:10,Delhi,Tier 1,OTC,0,500.91,0.00,Completed
ORD-00681,CUST-0853,2025-03-14 20:02:25,Lucknow,Tier 2,OTC,0,571.92,0.00,Completed
ORD-00682,CUST-0740,2025-03-14 23:27:31,Bengaluru,Tier 1,OTC,0,938.02,0.00,Completed
ORD-00683,CUST-1017,2025-03-15 13:49:50,Chennai,Tier 1,OTC,0,240.82,76.00,Completed
ORD-00684,CUST-0653,2025-03-15 20:42:42,Chennai,Tier 1,Chronic,1,1363.53,0.00,Completed
ORD-00685,CUST-0797,2025-03-15 22:06:12,Mumbai,Tier 1,Chronic,1,602.85,0.00,Cancelled
ORD-00686,CUST-0018,2025-03-16 10:30:02,Mumbai,Tier 1,Chronic,1,1014.16,0.00,Cancelled
ORD-00687,CUST-0899,2025-03-16 14:05:44,Delhi,Tier 1,Chronic,1,2668.21,0.00,Completed
ORD-00688,CUST-0123,2025-03-16 14:09:12,Mumbai,Tier 1,OTC,0,580.68,0.00,Completed
ORD-00689,CUST-1177,2025-03-16 16:53:39,Bengaluru,Tier 1,OTC,0,1090.52,0.00,Completed
ORD-00690,CUST-0959,2025-03-16 18:14:14,Bengaluru,Tier 1,OTC,0,539.38,0.00,Completed
ORD-00691,CUST-0781,2025-03-16 23:41:37,Delhi,Tier 1,OTC,0,730.06,0.00,Refunded
ORD-00692,CUST-0707,2025-03-17 06:20:11,Jaipur,Tier 2,Chronic,1,2449.47,0.00,Completed
ORD-00693,CUST-0678,2025-03-17 09:04:41,Bengaluru,Tier 1,Chronic,1,446.55,59.00,Completed
ORD-00694,CUST-0441,2025-03-17 11:55:01,Lucknow,Tier 2,OTC,0,936.64,0.00,Completed
ORD-00695,CUST-0174,2025-03-17 12:50:08,Indore,Tier 2,OTC,0,258.65,64.00,Completed
ORD-00696,CUST-0738,2025-03-17 13:23:39,Delhi,Tier 1,OTC,0,403.90,64.00,Completed
ORD-00697,CUST-0303,2025-03-17 14:51:19,Hyderabad,Tier 1,Chronic,1,1004.08,0.00,Completed
ORD-00698,CUST-0781,2025-03-17 14:53:00,Delhi,Tier 1,Chronic,1,959.81,0.00,Completed
ORD-00699,CUST-0854,2025-03-17 19:14:25,Lucknow,Tier 2,Chronic,1,4350.49,0.00,Completed
ORD-00700,CUST-0458,2025-03-17 21:01:10,Bengaluru,Tier 1,OTC,0,358.91,74.00,Completed
ORD-00701,CUST-0116,2025-03-18 10:14:38,Lucknow,Tier 2,OTC,0,518.61,0.00,Completed
ORD-00702,CUST-0188,2025-03-18 10:51:32,Mumbai,Tier 1,Chronic,1,2712.81,0.00,Completed
ORD-00703,CUST-0297,2025-03-18 13:15:41,Indore,Tier 2,Chronic,1,950.07,0.00,Completed
ORD-00704,CUST-0359,2025-03-18 13:55:42,Bengaluru,Tier 1,Chronic,1,1685.12,0.00,Completed
ORD-00705,CUST-0788,2025-03-18 14:59:19,Delhi,Tier 1,Chronic,1,1090.42,0.00,Cancelled
ORD-00706,CUST-0976,2025-03-18 16:02:29,Hyderabad,Tier 1,Chronic,1,775.38,0.00,Completed
ORD-00707,CUST-0640,2025-03-18 19:08:31,Lucknow,Tier 2,OTC,0,1068.11,0.00,Completed
ORD-00708,CUST-0152,2025-03-18 21:50:05,Lucknow,Tier 2,OTC,0,306.17,52.00,Completed
ORD-00709,CUST-0491,2025-03-19 08:32:20,Chennai,Tier 1,OTC,0,1110.65,0.00,Completed
ORD-00710,CUST-0244,2025-03-19 09:22:50,Hyderabad,Tier 1,Chronic,1,706.94,0.00,Cancelled
ORD-00711,CUST-0970,2025-03-19 09:37:16,Delhi,Tier 1,OTC,0,1352.23,0.00,Completed
ORD-00712,CUST-0299,2025-03-19 10:09:58,Jaipur,Tier 2,OTC,0,106.91,45.00,Completed
ORD-00713,CUST-0914,2025-03-19 10:14:23,Indore,Tier 2,Chronic,1,601.49,0.00,Completed
ORD-00714,CUST-0064,2025-03-19 13:31:20,Jaipur,Tier 2,Chronic,1,5002.58,0.00,Completed
ORD-00715,CUST-0148,2025-03-19 17:37:36,Hyderabad,Tier 1,OTC,0,698.51,0.00,Completed
ORD-00716,CUST-0894,2025-03-19 18:06:41,Mumbai,Tier 1,OTC,0,559.37,0.00,Completed
ORD-00717,CUST-0311,2025-03-19 18:39:40,Bengaluru,Tier 1,Chronic,1,419.36,70.00,Refunded
ORD-00718,CUST-0599,2025-03-20 09:08:57,Indore,Tier 2,OTC,0,1370.35,0.00,Completed
ORD-00719,CUST-0069,2025-03-20 10:41:45,Mumbai,Tier 1,OTC,0,646.17,0.00,Completed
ORD-00720,CUST-0675,2025-03-20 11:05:24,Hyderabad,Tier 1,Chronic,1,900.91,0.00,Completed
ORD-00721,CUST-0873,2025-03-20 12:48:39,Indore,Tier 2,Chronic,1,1744.53,0.00,Completed
ORD-00722,CUST-0530,2025-03-20 16:04:39,Delhi,Tier 1,OTC,0,193.70,68.00,Completed
ORD-00723,CUST-0688,2025-03-20 17:25:26,Indore,Tier 2,Chronic,1,926.93,0.00,Completed
ORD-00724,CUST-0567,2025-03-20 21:22:30,Jaipur,Tier 2,OTC,1,481.28,52.00,Completed
ORD-00725,CUST-0964,2025-03-21 06:33:09,Mumbai,Tier 1,Chronic,1,1201.98,0.00,Completed
ORD-00726,CUST-0931,2025-03-21 11:55:16,Delhi,Tier 1,Chronic,1,1270.88,0.00,Completed
ORD-00727,CUST-1106,2025-03-21 12:41:01,Jaipur,Tier 2,Chronic,1,1664.66,0.00,Completed
ORD-00728,CUST-0588,2025-03-21 13:22:00,Delhi,Tier 1,OTC,0,689.05,0.00,Completed
ORD-00729,CUST-0212,2025-03-21 15:02:48,Hyderabad,Tier 1,OTC,0,795.53,0.00,Completed
ORD-00730,CUST-0400,2025-03-21 15:29:06,Bengaluru,Tier 1,OTC,0,268.55,42.00,Completed
ORD-00731,CUST-0657,2025-03-21 17:26:22,Lucknow,Tier 2,OTC,0,544.09,0.00,Completed
ORD-00732,CUST-1125,2025-03-21 18:39:29,Bengaluru,Tier 1,Chronic,1,457.30,61.00,Completed
ORD-00733,CUST-0499,2025-03-21 18:57:08,Bengaluru,Tier 1,OTC,0,571.12,0.00,Completed
ORD-00734,CUST-0735,2025-03-21 19:48:43,Mumbai,Tier 1,Chronic,1,702.56,0.00,Completed
ORD-00735,CUST-0136,2025-03-21 20:09:16,Mumbai,Tier 1,Chronic,1,628.55,0.00,Completed
ORD-00736,CUST-1076,2025-03-21 20:52:03,Delhi,Tier 1,OTC,0,1969.78,0.00,Completed
ORD-00737,CUST-0205,2025-03-21 20:56:13,Mumbai,Tier 1,OTC,0,627.19,0.00,Completed
ORD-00738,CUST-1119,2025-03-22 05:00:19,Delhi,Tier 1,OTC,0,491.71,60.00,Completed
ORD-00739,CUST-0123,2025-03-22 06:58:21,Mumbai,Tier 1,Chronic,1,919.09,0.00,Completed
ORD-00740,CUST-0865,2025-03-22 08:53:55,Mumbai,Tier 1,OTC,0,819.02,0.00,Completed
ORD-00741,CUST-1036,2025-03-22 10:00:33,Chennai,Tier 1,OTC,0,659.51,0.00,Completed
ORD-00742,CUST-0104,2025-03-22 12:19:42,Indore,Tier 2,OTC,0,512.04,0.00,Completed
ORD-00743,CUST-0767,2025-03-22 12:59:12,Delhi,Tier 1,OTC,0,214.33,60.00,Completed
ORD-00744,CUST-1185,2025-03-22 14:19:32,Mumbai,Tier 1,OTC,0,283.53,55.00,Completed
ORD-00745,CUST-0829,2025-03-22 15:34:15,Lucknow,Tier 2,Chronic,1,2711.13,0.00,Completed
ORD-00746,CUST-1141,2025-03-22 18:49:14,Bengaluru,Tier 1,Chronic,1,934.62,0.00,Completed
ORD-00747,CUST-0095,2025-03-22 19:12:55,Delhi,Tier 1,OTC,1,686.82,0.00,Completed
ORD-00748,CUST-0242,2025-03-22 19:14:11,Jaipur,Tier 2,Chronic,1,4824.47,0.00,Completed
ORD-00749,CUST-1045,2025-03-22 19:36:27,Mumbai,Tier 1,Chronic,1,586.98,0.00,Completed
ORD-00750,CUST-1050,2025-03-22 20:56:19,Delhi,Tier 1,OTC,0,368.84,42.00,Completed
ORD-00751,CUST-0426,2025-03-22 21:51:10,Jaipur,Tier 2,Chronic,1,3162.30,0.00,Completed
ORD-00752,CUST-0514,2025-03-23 07:59:04,Delhi,Tier 1,OTC,0,474.03,58.00,Completed
ORD-00753,CUST-0684,2025-03-23 08:40:12,Bengaluru,Tier 1,OTC,0,1338.82,0.00,Completed
ORD-00754,CUST-0780,2025-03-23 09:40:55,Lucknow,Tier 2,OTC,0,542.35,0.00,Refunded
ORD-00755,CUST-0138,2025-03-23 15:01:21,Bengaluru,Tier 1,OTC,1,214.20,78.00,Completed
ORD-00756,CUST-1065,2025-03-23 17:07:44,Delhi,Tier 1,Chronic,1,1952.06,0.00,Completed
ORD-00757,CUST-0017,2025-03-23 17:37:57,Hyderabad,Tier 1,Chronic,1,3887.54,0.00,Completed
ORD-00758,CUST-0395,2025-03-23 17:39:40,Mumbai,Tier 1,OTC,0,657.63,0.00,Completed
ORD-00759,CUST-0488,2025-03-23 17:43:36,Delhi,Tier 1,OTC,1,1120.86,0.00,Completed
ORD-00760,CUST-0480,2025-03-23 21:30:52,Bengaluru,Tier 1,OTC,1,630.64,0.00,Completed
ORD-00761,CUST-0337,2025-03-24 09:40:05,Mumbai,Tier 1,Chronic,1,1350.20,0.00,Completed
ORD-00762,CUST-1022,2025-03-24 10:17:23,Jaipur,Tier 2,Chronic,1,1679.69,0.00,Cancelled
ORD-00763,CUST-1026,2025-03-24 10:41:56,Delhi,Tier 1,Chronic,1,2740.87,0.00,Completed
ORD-00764,CUST-0804,2025-03-24 10:50:29,Hyderabad,Tier 1,OTC,1,472.33,40.00,Completed
ORD-00765,CUST-1190,2025-03-24 11:35:17,Chennai,Tier 1,Chronic,1,1432.09,0.00,Cancelled
ORD-00766,CUST-0445,2025-03-24 12:02:01,Delhi,Tier 1,OTC,0,1041.80,0.00,Completed
ORD-00767,CUST-0076,2025-03-24 15:20:46,Delhi,Tier 1,OTC,0,1029.08,0.00,Completed
ORD-00768,CUST-0041,2025-03-24 16:14:21,Bengaluru,Tier 1,OTC,0,518.31,0.00,Completed
ORD-00769,CUST-0519,2025-03-24 17:31:56,Mumbai,Tier 1,Chronic,1,2113.49,0.00,Completed
ORD-00770,CUST-1182,2025-03-24 17:56:47,Mumbai,Tier 1,OTC,1,1536.86,0.00,Completed
ORD-00771,CUST-0318,2025-03-24 18:14:11,Chennai,Tier 1,Chronic,1,1478.73,0.00,Completed
ORD-00772,CUST-1132,2025-03-24 19:21:51,Hyderabad,Tier 1,Chronic,1,846.39,0.00,Completed
ORD-00773,CUST-0692,2025-03-25 07:44:15,Lucknow,Tier 2,Chronic,1,1548.03,0.00,Completed
ORD-00774,CUST-1035,2025-03-25 07:53:25,Bengaluru,Tier 1,Chronic,1,1888.60,0.00,Completed
ORD-00775,CUST-0498,2025-03-25 10:35:36,Chennai,Tier 1,OTC,0,652.50,0.00,Completed
ORD-00776,CUST-1200,2025-03-25 11:38:06,Jaipur,Tier 2,OTC,0,710.72,0.00,Completed
ORD-00777,CUST-0822,2025-03-25 12:57:15,Hyderabad,Tier 1,Chronic,1,1138.33,0.00,Completed
ORD-00778,CUST-0223,2025-03-25 16:38:58,Chennai,Tier 1,Chronic,1,3046.66,0.00,Completed
ORD-00779,CUST-1055,2025-03-25 18:42:00,Delhi,Tier 1,OTC,0,578.34,0.00,Completed
ORD-00780,CUST-0194,2025-03-25 19:02:50,Lucknow,Tier 2,OTC,1,147.70,44.00,Completed
ORD-00781,CUST-0153,2025-03-25 20:10:14,Mumbai,Tier 1,OTC,0,574.81,0.00,Completed
ORD-00782,CUST-1023,2025-03-25 20:25:48,Indore,Tier 2,OTC,0,1097.87,0.00,Completed
ORD-00783,CUST-0458,2025-03-25 20:43:36,Bengaluru,Tier 1,OTC,0,183.99,55.00,Completed
ORD-00784,CUST-0746,2025-03-26 09:49:54,Bengaluru,Tier 1,OTC,1,507.15,0.00,Completed
ORD-00785,CUST-0715,2025-03-26 10:21:14,Jaipur,Tier 2,Chronic,1,1109.41,0.00,Completed
ORD-00786,CUST-0502,2025-03-26 11:00:50,Lucknow,Tier 2,OTC,0,377.52,75.00,Completed
ORD-00787,CUST-0623,2025-03-26 11:25:09,Indore,Tier 2,OTC,0,338.63,65.00,Completed
ORD-00788,CUST-0880,2025-03-26 13:16:27,Hyderabad,Tier 1,OTC,1,314.56,43.00,Cancelled
ORD-00789,CUST-0189,2025-03-26 16:21:19,Jaipur,Tier 2,OTC,0,1406.87,0.00,Completed
ORD-00790,CUST-0349,2025-03-26 17:47:05,Hyderabad,Tier 1,Chronic,1,5038.64,0.00,Completed
ORD-00791,CUST-0002,2025-03-26 19:27:19,Bengaluru,Tier 1,Chronic,1,999.59,0.00,Completed
ORD-00792,CUST-0845,2025-03-26 21:19:29,Mumbai,Tier 1,OTC,0,937.85,0.00,Completed
ORD-00793,CUST-0828,2025-03-26 21:56:17,Delhi,Tier 1,OTC,0,1665.04,0.00,Completed
ORD-00794,CUST-0951,2025-03-26 22:05:30,Hyderabad,Tier 1,Chronic,1,1705.07,0.00,Completed
ORD-00795,CUST-1058,2025-03-27 01:38:20,Delhi,Tier 1,Chronic,1,972.53,0.00,Completed
ORD-00796,CUST-0108,2025-03-27 07:23:21,Delhi,Tier 1,OTC,0,690.02,0.00,Completed
ORD-00797,CUST-0683,2025-03-27 08:55:22,Mumbai,Tier 1,Chronic,1,1424.81,0.00,Completed
ORD-00798,CUST-0524,2025-03-27 13:44:25,Hyderabad,Tier 1,Chronic,1,1841.02,0.00,Completed
ORD-00799,CUST-0156,2025-03-27 15:31:34,Chennai,Tier 1,OTC,1,405.48,75.00,Completed
ORD-00800,CUST-0904,2025-03-27 16:42:20,Bengaluru,Tier 1,Chronic,1,1749.13,0.00,Completed
ORD-00801,CUST-0548,2025-03-27 17:19:16,Mumbai,Tier 1,OTC,0,594.74,0.00,Refunded
ORD-00802,CUST-0337,2025-03-27 19:55:15,Mumbai,Tier 1,OTC,0,580.09,0.00,Completed
ORD-00803,CUST-0844,2025-03-27 21:25:30,Bengaluru,Tier 1,OTC,1,605.00,0.00,Cancelled
ORD-00804,CUST-0644,2025-03-28 09:00:16,Delhi,Tier 1,Chronic,1,910.32,0.00,Completed
ORD-00805,CUST-0631,2025-03-28 09:39:32,Indore,Tier 2,OTC,0,1040.88,0.00,Completed
ORD-00806,CUST-0556,2025-03-28 09:47:07,Delhi,Tier 1,OTC,0,421.55,65.00,Completed
ORD-00807,CUST-0099,2025-03-28 10:08:27,Mumbai,Tier 1,Chronic,1,3837.89,0.00,Completed
ORD-00808,CUST-0881,2025-03-28 11:18:17,Bengaluru,Tier 1,OTC,0,1601.60,0.00,Completed
ORD-00809,CUST-0295,2025-03-28 12:50:08,Lucknow,Tier 2,OTC,0,947.72,0.00,Completed
ORD-00810,CUST-0536,2025-03-28 13:05:18,Delhi,Tier 1,Chronic,1,824.38,0.00,Completed
ORD-00811,CUST-0875,2025-03-28 14:00:39,Chennai,Tier 1,OTC,0,530.00,0.00,Completed
ORD-00812,CUST-0556,2025-03-28 14:07:38,Delhi,Tier 1,Chronic,1,624.52,0.00,Completed
ORD-00813,CUST-0291,2025-03-28 15:36:02,Lucknow,Tier 2,Chronic,1,889.64,0.00,Completed
ORD-00814,CUST-0915,2025-03-28 18:03:42,Indore,Tier 2,Chronic,1,2717.84,0.00,Completed
ORD-00815,CUST-0642,2025-03-28 19:04:08,Jaipur,Tier 2,Chronic,1,526.78,0.00,Completed
ORD-00816,CUST-0708,2025-03-28 20:45:24,Jaipur,Tier 2,OTC,0,1087.94,0.00,Completed
ORD-00817,CUST-0451,2025-03-28 21:21:19,Mumbai,Tier 1,OTC,1,380.48,50.00,Completed
ORD-00818,CUST-1059,2025-03-28 23:59:39,Hyderabad,Tier 1,OTC,0,977.53,0.00,Completed
ORD-00819,CUST-1119,2025-03-29 08:56:06,Delhi,Tier 1,Chronic,1,1587.74,0.00,Completed
ORD-00820,CUST-0784,2025-03-29 09:05:41,Hyderabad,Tier 1,OTC,1,679.30,0.00,Completed
ORD-00821,CUST-0370,2025-03-29 09:16:48,Lucknow,Tier 2,Chronic,1,1053.54,0.00,Completed
ORD-00822,CUST-0685,2025-03-29 10:23:54,Chennai,Tier 1,Chronic,1,3498.30,0.00,Cancelled
ORD-00823,CUST-0126,2025-03-29 10:37:49,Bengaluru,Tier 1,Chronic,1,609.85,0.00,Completed
ORD-00824,CUST-1158,2025-03-29 11:22:14,Mumbai,Tier 1,OTC,0,1045.91,0.00,Completed
ORD-00825,CUST-1013,2025-03-29 11:53:00,Bengaluru,Tier 1,OTC,0,749.64,0.00,Completed
ORD-00826,CUST-0366,2025-03-29 12:50:07,Bengaluru,Tier 1,Chronic,1,1118.94,0.00,Cancelled
ORD-00827,CUST-0182,2025-03-29 16:45:16,Lucknow,Tier 2,OTC,0,561.98,0.00,Completed
ORD-00828,CUST-0517,2025-03-29 18:54:58,Delhi,Tier 1,OTC,0,668.10,0.00,Completed
ORD-00829,CUST-0540,2025-03-29 19:40:14,Lucknow,Tier 2,OTC,0,906.39,0.00,Completed
ORD-00830,CUST-0100,2025-03-30 00:38:02,Indore,Tier 2,OTC,0,350.46,40.00,Completed
ORD-00831,CUST-1065,2025-03-30 09:06:16,Delhi,Tier 1,OTC,0,590.90,0.00,Completed
ORD-00832,CUST-0723,2025-03-30 10:37:21,Mumbai,Tier 1,Chronic,1,2967.28,0.00,Completed
ORD-00833,CUST-0162,2025-03-30 11:59:46,,,OTC,0,442.49,64.00,Completed
ORD-00834,CUST-0876,2025-03-30 17:16:46,Lucknow,Tier 2,OTC,0,263.98,49.00,Completed
ORD-00835,CUST-0383,2025-03-30 17:40:01,Jaipur,Tier 2,Chronic,1,1384.72,0.00,Completed
ORD-00836,CUST-0963,2025-03-30 19:08:32,Mumbai,Tier 1,OTC,0,426.21,53.00,Completed
ORD-00837,CUST-0460,2025-03-30 21:57:11,Chennai,Tier 1,OTC,0,669.59,0.00,Completed
ORD-00838,CUST-0138,2025-03-31 08:56:37,Bengaluru,Tier 1,Chronic,1,608.24,0.00,Completed
ORD-00839,CUST-1114,2025-03-31 10:59:33,Indore,Tier 2,OTC,0,427.07,40.00,Completed
ORD-00840,CUST-0699,2025-03-31 19:15:11,Chennai,Tier 1,Chronic,1,1096.33,0.00,Completed
ORD-00841,CUST-0290,2025-03-31 19:38:13,Mumbai,Tier 1,OTC,0,221.56,74.00,Completed
ORD-00842,CUST-0643,2025-03-31 20:45:28,Mumbai,Tier 1,Chronic,1,1096.13,0.00,Completed
ORD-00843,CUST-0836,2025-04-01 09:16:22,Hyderabad,Tier 1,Chronic,1,1781.13,0.00,Completed
ORD-00844,CUST-0037,2025-04-01 13:08:05,Mumbai,Tier 1,OTC,0,540.72,0.00,Completed
ORD-00845,CUST-0224,2025-04-01 13:57:30,Indore,Tier 2,OTC,0,287.09,54.00,Completed
ORD-00846,CUST-0542,2025-04-01 15:37:57,Hyderabad,Tier 1,OTC,0,682.22,0.00,Completed
ORD-00847,CUST-0642,2025-04-01 16:28:00,Jaipur,Tier 2,Chronic,1,1419.36,0.00,Completed
ORD-00848,CUST-0673,2025-04-01 16:31:36,Indore,Tier 2,Chronic,1,603.02,0.00,Completed
ORD-00849,CUST-0640,2025-04-01 17:14:01,Lucknow,Tier 2,Chronic,1,1568.04,0.00,Completed
ORD-00850,CUST-0314,2025-04-01 18:17:09,Bengaluru,Tier 1,Chronic,1,1266.91,0.00,Completed
ORD-00851,CUST-1129,2025-04-01 19:28:29,Chennai,Tier 1,OTC,0,901.78,0.00,Refunded
ORD-00852,CUST-0723,2025-04-01 20:26:22,Mumbai,Tier 1,Chronic,1,2650.81,0.00,Completed
ORD-00853,CUST-0033,2025-04-01 20:29:10,Delhi,Tier 1,OTC,0,493.72,56.00,Completed
ORD-00854,CUST-0420,2025-04-01 21:08:26,Lucknow,Tier 2,Chronic,1,307.89,49.00,Completed
ORD-00855,CUST-0040,2025-04-01 22:20:04,Chennai,Tier 1,OTC,0,1094.60,0.00,Completed
ORD-00856,CUST-0288,2025-04-02 06:00:55,Bengaluru,Tier 1,Chronic,1,1869.53,0.00,Completed
ORD-00857,CUST-0964,2025-04-02 06:42:36,Mumbai,Tier 1,Chronic,1,842.62,0.00,Completed
ORD-00858,CUST-0002,2025-04-02 08:50:21,Bengaluru,Tier 1,Chronic,1,1658.50,0.00,Refunded
ORD-00859,CUST-0221,2025-04-02 09:16:23,Delhi,Tier 1,OTC,0,1072.40,0.00,Completed
ORD-00860,CUST-0584,2025-04-02 10:42:42,Bengaluru,Tier 1,OTC,0,903.17,0.00,Completed
ORD-00861,CUST-0300,2025-04-02 11:07:40,Chennai,Tier 1,Chronic,1,1395.34,0.00,Completed
ORD-00862,CUST-0894,2025-04-02 11:28:18,Mumbai,Tier 1,Chronic,1,641.43,0.00,Completed
ORD-00863,CUST-0760,2025-04-02 19:01:07,Bengaluru,Tier 1,Chronic,1,1127.41,0.00,Completed
ORD-00864,CUST-0767,2025-04-03 09:20:42,Delhi,Tier 1,OTC,0,549.79,0.00,Completed
ORD-00865,CUST-0594,2025-04-03 09:29:31,Hyderabad,Tier 1,Chronic,1,1160.50,0.00,Completed
ORD-00866,CUST-1132,2025-04-03 10:20:11,Hyderabad,Tier 1,OTC,0,591.72,0.00,Completed
ORD-00867,CUST-0792,2025-04-03 10:36:51,Bengaluru,Tier 1,OTC,0,1115.14,0.00,Completed
ORD-00868,CUST-0087,2025-04-03 11:21:56,Chennai,Tier 1,Chronic,1,1130.76,0.00,Completed
ORD-00869,CUST-0168,2025-04-03 13:52:37,Jaipur,Tier 2,Chronic,1,1023.85,0.00,Completed
ORD-00869,CUST-0168,2025-04-03 13:52:37,Jaipur,Tier 2,Chronic,1,1023.85,0.00,Completed
ORD-00870,CUST-0560,2025-04-03 14:09:35,Bengaluru,Tier 1,OTC,0,838.32,0.00,Completed
ORD-00871,CUST-0214,2025-04-03 15:48:32,Jaipur,Tier 2,Chronic,1,661.44,0.00,Completed
ORD-00872,CUST-0266,2025-04-03 17:23:01,Mumbai,Tier 1,OTC,0,708.42,0.00,Completed
ORD-00873,CUST-0995,2025-04-03 19:50:33,Indore,Tier 2,OTC,0,543.16,0.00,Refunded
ORD-00874,CUST-0113,2025-04-03 20:07:24,Delhi,Tier 1,Chronic,1,732.47,0.00,Refunded
ORD-00875,CUST-1032,2025-04-03 20:10:52,Chennai,Tier 1,Chronic,1,3862.00,0.00,Completed
ORD-00876,CUST-0018,2025-04-03 22:48:01,Mumbai,Tier 1,Chronic,1,1359.63,0.00,Completed
ORD-00877,CUST-0250,2025-04-03 22:58:00,Bengaluru,Tier 1,Chronic,1,1043.53,0.00,Completed
ORD-00878,CUST-0873,2025-04-03 23:01:33,Indore,Tier 2,OTC,0,1574.30,0.00,Completed
ORD-00879,CUST-0598,2025-04-04 07:29:00,Chennai,Tier 1,OTC,1,163.28,76.00,Completed
ORD-00880,CUST-1175,2025-04-04 08:24:22,Hyderabad,Tier 1,OTC,0,678.76,0.00,Completed
ORD-00881,CUST-0404,2025-04-04 09:41:08,Mumbai,Tier 1,OTC,0,320.57,41.00,Completed
ORD-00882,CUST-0246,2025-04-04 09:44:34,Lucknow,Tier 2,OTC,0,819.25,0.00,Completed
ORD-00883,CUST-0256,2025-04-04 10:12:17,Jaipur,Tier 2,Chronic,1,2357.92,0.00,Cancelled
ORD-00884,CUST-0853,2025-04-04 12:38:12,,,Chronic,1,816.65,0.00,Cancelled
ORD-00885,CUST-0764,2025-04-04 12:47:38,Mumbai,Tier 1,OTC,0,1453.91,0.00,Completed
ORD-00886,CUST-0178,2025-04-04 13:20:22,Indore,Tier 2,OTC,0,558.95,0.00,Completed
ORD-00887,CUST-0287,2025-04-04 16:02:03,Mumbai,Tier 1,OTC,1,917.70,0.00,Completed
ORD-00888,CUST-0650,2025-04-04 16:28:49,Mumbai,Tier 1,OTC,0,328.01,62.00,Completed
ORD-00889,CUST-0951,2025-04-04 16:42:49,Hyderabad,Tier 1,Chronic,1,1258.98,0.00,Completed
ORD-00890,CUST-1195,2025-04-04 16:55:15,Lucknow,Tier 2,Chronic,1,2026.29,0.00,Completed
ORD-00891,CUST-0658,2025-04-04 17:08:44,Delhi,Tier 1,Chronic,1,1116.93,0.00,Completed
ORD-00892,CUST-0205,2025-04-04 20:50:37,Mumbai,Tier 1,OTC,0,1401.84,0.00,Completed
ORD-00893,CUST-0685,2025-04-05 01:46:37,Chennai,Tier 1,OTC,0,322.20,52.00,Completed
ORD-00894,CUST-0186,2025-04-05 05:22:13,Chennai,Tier 1,OTC,0,130.40,63.00,Refunded
ORD-00895,CUST-0023,2025-04-05 09:05:59,Indore,Tier 2,OTC,0,196.50,53.00,Completed
ORD-00896,CUST-0274,2025-04-05 11:25:37,Hyderabad,Tier 1,Chronic,1,1617.55,0.00,Completed
ORD-00897,CUST-0557,2025-04-05 12:20:16,Delhi,Tier 1,Chronic,1,864.52,0.00,Completed
ORD-00898,CUST-0610,2025-04-05 12:53:37,Bengaluru,Tier 1,Chronic,1,914.57,0.00,Completed
ORD-00899,CUST-0723,2025-04-05 12:56:42,Mumbai,Tier 1,OTC,0,1292.39,0.00,Completed
ORD-00900,CUST-0617,2025-04-05 16:10:03,Jaipur,Tier 2,OTC,0,405.53,61.00,Completed
ORD-00901,CUST-0673,2025-04-05 17:05:02,Indore,Tier 2,Chronic,1,2749.31,0.00,Cancelled
ORD-00902,CUST-0060,2025-04-05 20:53:18,Mumbai,Tier 1,Chronic,1,673.55,0.00,Completed
ORD-00903,CUST-0097,2025-04-06 08:39:25,Bengaluru,Tier 1,OTC,0,379.97,75.00,Completed
ORD-00904,CUST-0182,2025-04-06 09:07:20,Lucknow,Tier 2,Chronic,1,1163.58,0.00,Completed
ORD-00905,CUST-0810,2025-04-06 11:06:36,Indore,Tier 2,Chronic,1,798.47,0.00,Completed
ORD-00906,CUST-1119,2025-04-06 11:35:42,Delhi,Tier 1,OTC,0,331.38,78.00,Completed
ORD-00907,CUST-1026,2025-04-06 11:46:29,Delhi,Tier 1,Chronic,1,1438.78,0.00,Cancelled
ORD-00908,CUST-0699,2025-04-06 13:03:40,Chennai,Tier 1,Chronic,1,727.81,0.00,Completed
ORD-00909,CUST-1013,2025-04-06 14:21:50,Bengaluru,Tier 1,OTC,0,757.76,0.00,Completed
ORD-00910,CUST-1192,2025-04-06 14:25:05,Bengaluru,Tier 1,Chronic,1,3373.57,0.00,Completed
ORD-00911,CUST-0368,2025-04-06 14:31:40,Chennai,Tier 1,OTC,1,576.02,0.00,Completed
ORD-00912,CUST-0778,2025-04-06 14:32:06,Mumbai,Tier 1,Chronic,1,2340.42,0.00,Completed
ORD-00913,CUST-0616,2025-04-06 14:38:01,Jaipur,Tier 2,OTC,0,1195.72,0.00,Completed
ORD-00914,CUST-0594,2025-04-06 15:37:01,Hyderabad,Tier 1,Chronic,1,2383.07,0.00,Completed
ORD-00915,CUST-1019,2025-04-06 19:43:55,Mumbai,Tier 1,OTC,0,900.51,0.00,Completed
ORD-00916,CUST-0463,2025-04-06 20:14:22,Indore,Tier 2,OTC,0,259.03,67.00,Completed
ORD-00917,CUST-0588,2025-04-06 20:53:30,Delhi,Tier 1,Chronic,1,824.31,0.00,Cancelled
ORD-00918,CUST-0278,2025-04-06 21:31:22,Hyderabad,Tier 1,Chronic,1,1583.01,0.00,Completed
ORD-00919,CUST-0353,2025-04-07 08:58:02,Hyderabad,Tier 1,OTC,0,1086.93,0.00,Completed
ORD-00920,CUST-0949,2025-04-07 09:16:19,Lucknow,Tier 2,OTC,1,450.40,80.00,Cancelled
ORD-00921,CUST-0164,2025-04-07 11:15:02,Mumbai,Tier 1,OTC,0,1018.10,0.00,Completed
ORD-00922,CUST-0974,2025-04-07 11:16:40,Lucknow,Tier 2,OTC,0,466.59,63.00,Completed
ORD-00923,CUST-0541,2025-04-07 12:41:03,Indore,Tier 2,OTC,1,644.12,0.00,Completed
ORD-00924,CUST-1022,2025-04-07 16:25:41,Jaipur,Tier 2,Chronic,1,880.09,0.00,Completed
ORD-00925,CUST-0055,2025-04-07 18:24:41,Chennai,Tier 1,Chronic,1,1370.58,0.00,Completed
ORD-00926,CUST-0748,2025-04-07 19:11:37,Bengaluru,Tier 1,OTC,0,154.10,68.00,Completed
ORD-00927,CUST-0884,2025-04-07 19:12:47,Bengaluru,Tier 1,Chronic,1,769.80,0.00,Completed
ORD-00928,CUST-0530,2025-04-07 19:18:40,Delhi,Tier 1,OTC,0,315.14,44.00,Completed
ORD-00929,CUST-0903,2025-04-07 19:43:32,Mumbai,Tier 1,Chronic,1,723.27,0.00,Completed
ORD-00930,CUST-0115,2025-04-08 00:23:23,Mumbai,Tier 1,Chronic,1,3276.94,0.00,Completed
ORD-00931,CUST-0349,2025-04-08 05:17:40,Hyderabad,Tier 1,OTC,1,3035.25,0.00,Completed
ORD-00932,CUST-0383,2025-04-08 08:06:29,Jaipur,Tier 2,Chronic,1,1199.03,0.00,Completed
ORD-00933,CUST-1015,2025-04-08 09:27:43,Delhi,Tier 1,OTC,0,1375.28,0.00,Cancelled
ORD-00934,CUST-0671,2025-04-08 12:59:25,Mumbai,Tier 1,OTC,0,1010.47,0.00,Completed
ORD-00935,CUST-1044,2025-04-08 13:29:45,Chennai,Tier 1,Chronic,1,1349.62,0.00,Completed
ORD-00936,CUST-0842,2025-04-08 15:35:26,Jaipur,Tier 2,OTC,0,773.03,0.00,Cancelled
ORD-00937,CUST-0123,2025-04-08 16:12:38,Mumbai,Tier 1,OTC,1,1246.08,0.00,Completed
ORD-00938,CUST-1087,2025-04-08 16:42:39,Jaipur,Tier 2,Chronic,1,632.12,0.00,Completed
ORD-00939,CUST-0269,2025-04-08 17:04:10,Mumbai,Tier 1,OTC,0,1140.26,0.00,Completed
ORD-00940,CUST-0934,2025-04-08 17:55:53,Jaipur,Tier 2,OTC,1,194.25,74.00,Completed
ORD-00941,CUST-1027,2025-04-08 18:30:11,Indore,Tier 2,OTC,0,273.23,69.00,Refunded
ORD-00942,CUST-0132,2025-04-08 19:28:21,Indore,Tier 2,OTC,0,1332.65,0.00,Completed
ORD-00943,CUST-0904,2025-04-08 20:37:15,Bengaluru,Tier 1,OTC,1,269.66,59.00,Completed
ORD-00944,CUST-0371,2025-04-08 22:13:24,Jaipur,Tier 2,OTC,0,1445.02,0.00,Completed
ORD-00945,CUST-0291,2025-04-09 06:36:09,Lucknow,Tier 2,Chronic,1,2341.36,0.00,Completed
ORD-00946,CUST-0983,2025-04-09 09:29:02,Jaipur,Tier 2,OTC,0,864.38,0.00,Completed
ORD-00947,CUST-0715,2025-04-09 11:08:46,Jaipur,Tier 2,OTC,0,255.12,58.00,Completed
ORD-00948,CUST-0351,2025-04-09 12:29:28,Hyderabad,Tier 1,Chronic,1,895.65,0.00,Completed
ORD-00949,CUST-0959,2025-04-09 12:43:30,Bengaluru,Tier 1,OTC,0,295.83,52.00,Completed
ORD-00950,CUST-0925,2025-04-09 17:03:46,Mumbai,Tier 1,OTC,0,292.13,61.00,Completed
ORD-00951,CUST-0973,2025-04-09 17:42:21,Mumbai,Tier 1,OTC,0,206.62,61.00,Completed
ORD-00952,CUST-0700,2025-04-09 17:42:30,Delhi,Tier 1,OTC,0,984.68,0.00,Refunded
ORD-00953,CUST-1183,2025-04-09 20:37:48,Mumbai,Tier 1,OTC,0,818.05,0.00,Refunded
ORD-00954,CUST-0671,2025-04-09 21:34:15,Mumbai,Tier 1,Chronic,1,812.46,0.00,Completed
ORD-00955,CUST-0876,2025-04-09 22:31:04,Lucknow,Tier 2,OTC,0,730.70,0.00,Cancelled
ORD-00956,CUST-0152,2025-04-10 08:39:44,Lucknow,Tier 2,OTC,0,446.73,52.00,Completed
ORD-00957,CUST-0267,2025-04-10 09:04:28,Delhi,Tier 1,OTC,0,264.96,77.00,Completed
ORD-00958,CUST-0582,2025-04-10 10:13:17,Hyderabad,Tier 1,Chronic,1,1454.31,0.00,Completed
ORD-00959,CUST-0879,2025-04-10 13:02:12,Hyderabad,Tier 1,OTC,0,383.74,54.00,Completed
ORD-00960,CUST-0217,2025-04-10 15:37:44,Mumbai,Tier 1,OTC,0,413.09,53.00,Completed
ORD-00961,CUST-0790,2025-04-10 16:31:35,Hyderabad,Tier 1,OTC,0,117.54,79.00,Completed
ORD-00962,CUST-0522,2025-04-10 16:44:05,Bengaluru,Tier 1,OTC,0,476.62,80.00,Completed
ORD-00963,CUST-1094,2025-04-10 16:53:54,Delhi,Tier 1,Chronic,1,2727.72,0.00,Completed
ORD-00964,CUST-0391,2025-04-10 17:52:57,Chennai,Tier 1,OTC,0,490.64,46.00,Completed
ORD-00965,CUST-0096,2025-04-10 19:56:17,Chennai,Tier 1,Chronic,1,1691.69,0.00,Completed
ORD-00966,CUST-0050,2025-04-10 21:31:28,Mumbai,Tier 1,OTC,0,247.67,70.00,Refunded
ORD-00967,CUST-0915,2025-04-11 05:09:45,Indore,Tier 2,Chronic,1,553.05,0.00,Cancelled
ORD-00968,CUST-0673,2025-04-11 07:20:45,Indore,Tier 2,Chronic,1,642.89,0.00,Completed
ORD-00969,CUST-0149,2025-04-11 08:12:24,Bengaluru,Tier 1,OTC,0,402.82,49.00,Refunded
ORD-00970,CUST-0794,2025-04-11 10:50:45,Mumbai,Tier 1,OTC,0,434.96,56.00,Completed
ORD-00971,CUST-0581,2025-04-11 11:53:59,Bengaluru,Tier 1,Chronic,1,1151.95,0.00,Completed
ORD-00972,CUST-1107,2025-04-11 12:09:07,,,OTC,0,823.35,0.00,Refunded
ORD-00973,CUST-0902,2025-04-11 18:22:51,Delhi,Tier 1,Chronic,1,1192.88,0.00,Completed
ORD-00974,CUST-0650,2025-04-12 06:44:38,Mumbai,Tier 1,OTC,0,564.69,0.00,Refunded
ORD-00975,CUST-1036,2025-04-12 08:19:13,Chennai,Tier 1,Chronic,1,1603.17,0.00,Completed
ORD-00976,CUST-0879,2025-04-12 09:40:41,Hyderabad,Tier 1,OTC,0,800.64,0.00,Completed
ORD-00977,CUST-1108,2025-04-12 09:48:06,Bengaluru,Tier 1,OTC,0,754.29,0.00,Refunded
ORD-00978,CUST-0229,2025-04-12 10:51:14,Chennai,Tier 1,Chronic,1,1485.68,0.00,Cancelled
ORD-00979,CUST-0902,2025-04-12 13:43:23,Delhi,Tier 1,Chronic,1,382.39,41.00,Completed
ORD-00980,CUST-0115,2025-04-12 13:50:22,Mumbai,Tier 1,Chronic,1,836.14,0.00,Refunded
ORD-00981,CUST-0606,2025-04-12 14:01:06,Jaipur,Tier 2,Chronic,1,1249.47,0.00,Completed
ORD-00982,CUST-0919,2025-04-12 15:27:49,Delhi,Tier 1,Chronic,1,622.50,0.00,Completed
ORD-00983,CUST-1140,2025-04-12 15:54:06,Chennai,Tier 1,Chronic,1,1066.85,0.00,Completed
ORD-00984,CUST-0580,2025-04-12 18:14:51,Delhi,Tier 1,Chronic,1,2212.43,0.00,Completed
ORD-00985,CUST-0209,2025-04-12 22:00:44,Mumbai,Tier 1,OTC,0,1284.62,0.00,Completed
ORD-00986,CUST-0495,2025-04-13 06:26:12,Jaipur,Tier 2,Chronic,1,916.16,0.00,Completed
ORD-00987,CUST-0957,2025-04-13 09:47:46,Jaipur,Tier 2,OTC,0,724.11,0.00,Completed
ORD-00988,CUST-0690,2025-04-13 12:05:59,Hyderabad,Tier 1,Chronic,1,1648.40,0.00,Completed
ORD-00989,CUST-0323,2025-04-13 12:52:40,Delhi,Tier 1,Chronic,1,241.96,67.00,Completed
ORD-00990,CUST-0477,2025-04-13 12:53:27,Bengaluru,Tier 1,OTC,1,1272.67,0.00,Completed
ORD-00991,CUST-0611,2025-04-13 13:50:01,Hyderabad,Tier 1,Chronic,1,766.10,0.00,Completed
ORD-00992,CUST-0298,2025-04-13 15:33:57,Jaipur,Tier 2,Chronic,1,1047.66,0.00,Cancelled
ORD-00993,CUST-0720,2025-04-13 16:28:00,Indore,Tier 2,OTC,0,313.06,80.00,Refunded
ORD-00994,CUST-1068,2025-04-13 16:49:46,Chennai,Tier 1,Chronic,1,804.00,0.00,Completed
ORD-00995,CUST-0321,2025-04-13 17:39:43,Lucknow,Tier 2,Chronic,1,1508.06,0.00,Completed
ORD-00996,CUST-0459,2025-04-13 18:10:57,Jaipur,Tier 2,OTC,0,1147.71,0.00,Cancelled
ORD-00997,CUST-0402,2025-04-13 20:29:54,Lucknow,Tier 2,Chronic,1,2957.46,0.00,Completed
ORD-00998,CUST-0392,2025-04-14 09:47:32,Mumbai,Tier 1,Chronic,1,1231.11,0.00,Completed
ORD-00999,CUST-0611,2025-04-14 10:11:42,Hyderabad,Tier 1,OTC,1,532.93,0.00,Completed
ORD-01000,CUST-0906,2025-04-14 11:04:38,Chennai,Tier 1,OTC,0,516.48,0.00,Completed
ORD-01001,CUST-0376,2025-04-14 12:12:10,Mumbai,Tier 1,OTC,0,1190.60,0.00,Completed
ORD-01002,CUST-0071,2025-04-14 14:57:45,Delhi,Tier 1,Chronic,1,1433.20,0.00,Completed
ORD-01003,CUST-0064,2025-04-14 18:07:08,Jaipur,Tier 2,Chronic,1,1199.43,0.00,Completed
ORD-01004,CUST-0581,2025-04-14 18:47:40,Bengaluru,Tier 1,OTC,0,340.43,44.00,Completed
ORD-01005,CUST-0892,2025-04-14 19:34:21,Indore,Tier 2,OTC,0,678.63,0.00,Cancelled
ORD-01006,CUST-0697,2025-04-14 20:43:35,Jaipur,Tier 2,OTC,0,991.73,0.00,Refunded
ORD-01007,CUST-0910,2025-04-14 21:07:04,Delhi,Tier 1,OTC,0,637.33,0.00,Refunded
ORD-01008,CUST-0120,2025-04-14 22:03:25,,,OTC,0,2471.39,0.00,Completed
ORD-01009,CUST-0498,2025-04-15 09:27:01,Chennai,Tier 1,OTC,0,359.00,53.00,Completed
ORD-01010,CUST-1036,2025-04-15 13:19:04,Chennai,Tier 1,Chronic,1,730.08,0.00,Completed
ORD-01011,CUST-0483,2025-04-15 13:43:39,Hyderabad,Tier 1,OTC,0,353.14,52.00,Completed
ORD-01012,CUST-0261,2025-04-15 17:26:35,Mumbai,Tier 1,OTC,0,267.81,79.00,Completed
ORD-01013,CUST-0526,2025-04-15 17:51:17,Bengaluru,Tier 1,OTC,0,514.99,0.00,Completed
ORD-01014,CUST-0217,2025-04-15 20:10:00,,,OTC,0,381.77,59.00,Completed
ORD-01015,CUST-0039,2025-04-15 22:01:48,Delhi,Tier 1,OTC,0,622.81,0.00,Completed
ORD-01016,CUST-0905,2025-04-16 04:39:06,Indore,Tier 2,OTC,0,618.74,0.00,Completed
ORD-01017,CUST-0854,2025-04-16 07:03:34,Lucknow,Tier 2,Chronic,1,1166.81,0.00,Cancelled
ORD-01018,CUST-0296,2025-04-16 07:20:10,Lucknow,Tier 2,OTC,0,734.29,0.00,Completed
ORD-01019,CUST-0023,2025-04-16 12:33:48,Indore,Tier 2,OTC,0,811.78,0.00,Completed
ORD-01020,CUST-0645,2025-04-16 14:24:41,Chennai,Tier 1,Chronic,1,3253.01,0.00,Completed
ORD-01021,CUST-1181,2025-04-16 14:48:36,Jaipur,Tier 2,OTC,0,776.62,0.00,Completed
ORD-01022,CUST-0261,2025-04-16 17:18:18,Mumbai,Tier 1,Chronic,1,737.68,0.00,Completed
ORD-01023,CUST-1010,2025-04-16 18:45:06,Bengaluru,Tier 1,OTC,0,903.89,0.00,Refunded
ORD-01024,CUST-1190,2025-04-16 19:45:03,Chennai,Tier 1,OTC,0,268.41,58.00,Completed
ORD-01025,CUST-0062,2025-04-16 19:50:05,Bengaluru,Tier 1,OTC,0,910.46,0.00,Completed
ORD-01026,CUST-1096,2025-04-16 20:22:49,Bengaluru,Tier 1,Chronic,1,930.53,0.00,Completed
ORD-01027,CUST-0810,2025-04-16 20:43:23,Indore,Tier 2,OTC,0,719.81,0.00,Completed
ORD-01028,CUST-0894,2025-04-16 20:48:31,Mumbai,Tier 1,Chronic,1,2744.71,0.00,Cancelled
ORD-01029,CUST-0651,2025-04-16 22:59:27,Bengaluru,Tier 1,OTC,0,520.19,0.00,Refunded
ORD-01030,CUST-0123,2025-04-16 23:45:38,Mumbai,Tier 1,Chronic,1,499.80,0.00,Cancelled
ORD-01031,CUST-0229,2025-04-17 08:53:16,Chennai,Tier 1,OTC,1,780.96,0.00,Completed
ORD-01032,CUST-0626,2025-04-17 09:09:44,Bengaluru,Tier 1,Chronic,1,636.83,0.00,Completed
ORD-01033,CUST-0562,2025-04-17 09:22:31,Delhi,Tier 1,OTC,1,244.31,60.00,Completed
ORD-01034,CUST-0512,2025-04-17 14:19:08,Lucknow,Tier 2,OTC,0,500.52,0.00,Completed
ORD-01035,CUST-0078,2025-04-17 14:40:18,Chennai,Tier 1,OTC,0,300.39,55.00,Completed
ORD-01036,CUST-0789,2025-04-17 15:17:55,Jaipur,Tier 2,OTC,0,409.00,45.00,Completed
ORD-01037,CUST-0639,2025-04-17 15:57:00,Jaipur,Tier 2,Chronic,1,2045.21,0.00,Completed
ORD-01038,CUST-0229,2025-04-17 19:15:51,Chennai,Tier 1,OTC,0,665.43,0.00,Completed
ORD-01039,CUST-0914,2025-04-17 20:34:40,Indore,Tier 2,OTC,0,698.14,0.00,Completed
ORD-01040,CUST-0649,2025-04-18 08:54:07,Chennai,Tier 1,OTC,0,655.27,0.00,Completed
ORD-01041,CUST-0054,2025-04-18 09:19:09,Chennai,Tier 1,OTC,0,579.11,0.00,Completed
ORD-01042,CUST-0755,2025-04-18 09:57:09,Chennai,Tier 1,OTC,0,738.97,0.00,Completed
ORD-01043,CUST-0301,2025-04-18 10:12:25,Jaipur,Tier 2,Chronic,1,633.83,0.00,Completed
ORD-01044,CUST-0131,2025-04-18 12:31:50,Mumbai,Tier 1,Chronic,1,1518.78,0.00,Completed
ORD-01045,CUST-0910,2025-04-18 13:10:01,Delhi,Tier 1,OTC,0,824.80,0.00,Completed
ORD-01046,CUST-0127,2025-04-18 15:33:09,Delhi,Tier 1,OTC,0,140.63,56.00,Completed
ORD-01047,CUST-0684,2025-04-19 06:16:54,Bengaluru,Tier 1,OTC,0,368.17,60.00,Completed
ORD-01048,CUST-0544,2025-04-19 08:01:03,Indore,Tier 2,OTC,0,525.42,0.00,Completed
ORD-01049,CUST-0467,2025-04-19 13:35:05,Chennai,Tier 1,OTC,1,995.92,0.00,Completed
ORD-01050,CUST-0396,2025-04-19 14:11:18,Bengaluru,Tier 1,OTC,0,308.56,42.00,Completed
ORD-01051,CUST-0862,2025-04-19 16:02:05,Jaipur,Tier 2,Chronic,1,1116.15,0.00,Cancelled
ORD-01052,CUST-0187,2025-04-19 17:38:12,Bengaluru,Tier 1,Chronic,1,1163.63,0.00,Completed
ORD-01053,CUST-0850,2025-04-19 17:47:11,Indore,Tier 2,OTC,0,988.73,0.00,Completed
ORD-01054,CUST-0469,2025-04-19 18:22:54,Mumbai,Tier 1,Chronic,1,987.70,0.00,Completed
ORD-01055,CUST-0539,2025-04-19 19:23:16,Mumbai,Tier 1,Chronic,1,1366.94,0.00,Completed
ORD-01056,CUST-0998,2025-04-19 21:50:18,Mumbai,Tier 1,OTC,0,616.67,0.00,Completed
ORD-01057,CUST-1198,2025-04-19 23:52:09,Chennai,Tier 1,OTC,1,766.50,0.00,Completed
ORD-01058,CUST-0733,2025-04-20 10:07:39,Mumbai,Tier 1,Chronic,1,1191.90,0.00,Completed
ORD-01059,CUST-1049,2025-04-20 10:16:33,Lucknow,Tier 2,Chronic,1,853.35,0.00,Completed
ORD-01060,CUST-0569,2025-04-20 10:43:25,Bengaluru,Tier 1,OTC,0,459.49,49.00,Completed
ORD-01061,CUST-0314,2025-04-20 10:56:52,Bengaluru,Tier 1,OTC,0,358.16,80.00,Completed
ORD-01062,CUST-0861,2025-04-20 12:07:05,Jaipur,Tier 2,Chronic,1,725.12,0.00,Completed
ORD-01063,CUST-0780,2025-04-20 12:39:19,Lucknow,Tier 2,OTC,0,537.51,0.00,Completed
ORD-01064,CUST-0153,2025-04-20 14:41:57,Mumbai,Tier 1,OTC,0,235.78,61.00,Completed
ORD-01065,CUST-0188,2025-04-20 15:53:28,Mumbai,Tier 1,OTC,0,2203.17,0.00,Completed
ORD-01066,CUST-0104,2025-04-20 16:10:47,Indore,Tier 2,Chronic,1,416.40,51.00,Cancelled
ORD-01067,CUST-0295,2025-04-20 17:44:37,Lucknow,Tier 2,OTC,0,417.08,59.00,Completed
ORD-01068,CUST-0435,2025-04-20 17:56:58,Mumbai,Tier 1,OTC,0,314.19,41.00,Refunded
ORD-01069,CUST-0301,2025-04-20 18:00:30,Jaipur,Tier 2,OTC,1,302.32,50.00,Cancelled
ORD-01070,CUST-0547,2025-04-20 18:01:18,Bengaluru,Tier 1,Chronic,1,1267.52,0.00,Completed
ORD-01071,CUST-0744,2025-04-20 18:20:50,Mumbai,Tier 1,OTC,0,995.51,0.00,Completed
ORD-01072,CUST-0146,2025-04-20 20:41:42,Delhi,Tier 1,OTC,0,850.52,0.00,Completed
ORD-01073,CUST-0246,2025-04-20 20:41:45,Lucknow,Tier 2,OTC,0,243.29,66.00,Completed
ORD-01074,CUST-0201,2025-04-20 21:32:30,Jaipur,Tier 2,Chronic,1,1049.89,0.00,Completed
ORD-01075,CUST-1091,2025-04-20 22:38:14,Delhi,Tier 1,Chronic,1,676.64,0.00,Completed
ORD-01076,CUST-1129,2025-04-20 22:42:13,Chennai,Tier 1,OTC,0,365.18,46.00,Completed
ORD-01077,CUST-0626,2025-04-21 00:55:30,Bengaluru,Tier 1,OTC,0,324.13,67.00,Completed
ORD-01078,CUST-0398,2025-04-21 09:09:52,Delhi,Tier 1,Chronic,1,1419.84,0.00,Completed
ORD-01079,CUST-0669,2025-04-21 09:57:42,Delhi,Tier 1,OTC,0,1130.88,0.00,Cancelled
ORD-01080,CUST-0838,2025-04-21 10:57:07,Indore,Tier 2,OTC,0,624.75,0.00,Completed
ORD-01081,CUST-1169,2025-04-21 11:08:14,Jaipur,Tier 2,Chronic,1,1012.56,0.00,Completed
ORD-01082,CUST-0643,2025-04-21 11:45:49,Mumbai,Tier 1,Chronic,1,473.07,80.00,Refunded
ORD-01083,CUST-0904,2025-04-21 14:53:12,Bengaluru,Tier 1,Chronic,1,1003.67,0.00,Completed
ORD-01084,CUST-0780,2025-04-21 16:16:17,Lucknow,Tier 2,Chronic,1,801.61,0.00,Completed
ORD-01084,CUST-0780,2025-04-21 16:16:17,Lucknow,Tier 2,Chronic,1,801.61,0.00,Completed
ORD-01085,CUST-0838,2025-04-21 16:29:21,Indore,Tier 2,Chronic,1,1795.98,0.00,Completed
ORD-01086,CUST-0506,2025-04-21 17:35:14,Jaipur,Tier 2,Chronic,1,1362.42,0.00,Completed
ORD-01087,CUST-0524,2025-04-21 18:57:44,Hyderabad,Tier 1,Chronic,1,466.00,57.00,Cancelled
ORD-01088,CUST-0583,2025-04-21 20:15:39,Mumbai,Tier 1,Chronic,1,2321.58,0.00,Completed
ORD-01089,CUST-0023,2025-04-21 22:24:23,Indore,Tier 2,OTC,0,295.00,55.00,Completed
ORD-01090,CUST-0919,2025-04-21 22:43:09,Delhi,Tier 1,OTC,0,833.64,0.00,Completed
ORD-01091,CUST-0339,2025-04-21 22:59:22,Mumbai,Tier 1,Chronic,1,871.80,0.00,Completed
ORD-01092,CUST-0814,2025-04-22 09:02:13,Hyderabad,Tier 1,OTC,1,560.20,0.00,Completed
ORD-01093,CUST-0217,2025-04-22 09:32:12,Mumbai,Tier 1,OTC,0,766.33,0.00,Cancelled
ORD-01094,CUST-0002,2025-04-22 10:48:44,Bengaluru,Tier 1,Chronic,1,1397.64,0.00,Completed
ORD-01095,CUST-0778,2025-04-22 11:39:33,Mumbai,Tier 1,OTC,0,689.83,0.00,Completed
ORD-01096,CUST-0425,2025-04-22 13:36:51,Hyderabad,Tier 1,Chronic,1,955.25,0.00,Completed
ORD-01097,CUST-0266,2025-04-22 13:42:15,Mumbai,Tier 1,Chronic,1,2567.39,0.00,Completed
ORD-01098,CUST-1059,2025-04-22 14:01:26,Hyderabad,Tier 1,OTC,0,387.94,63.00,Completed
ORD-01099,CUST-0954,2025-04-22 14:51:44,Mumbai,Tier 1,OTC,1,773.43,0.00,Refunded
ORD-01100,CUST-0182,2025-04-22 15:59:25,Lucknow,Tier 2,Chronic,1,1172.22,0.00,Completed
ORD-01101,CUST-0859,2025-04-22 16:57:44,Bengaluru,Tier 1,Chronic,1,1033.60,0.00,Completed
ORD-01102,CUST-0685,2025-04-22 18:26:04,Chennai,Tier 1,Chronic,1,1182.84,0.00,Completed
ORD-01103,CUST-0617,2025-04-22 23:40:40,Jaipur,Tier 2,Chronic,1,805.74,0.00,Completed
ORD-01104,CUST-0120,2025-04-23 08:11:03,Chennai,Tier 1,Chronic,1,2331.22,0.00,Completed
ORD-01105,CUST-0957,2025-04-23 10:33:33,Jaipur,Tier 2,OTC,0,250.76,43.00,Completed
ORD-01106,CUST-0373,2025-04-23 10:34:12,Bengaluru,Tier 1,Chronic,1,1064.34,0.00,Cancelled
ORD-01107,CUST-0479,2025-04-23 12:29:57,Chennai,Tier 1,OTC,0,1870.95,0.00,Completed
ORD-01108,CUST-0503,2025-04-23 15:56:24,Indore,Tier 2,Chronic,1,1765.09,0.00,Completed
ORD-01109,CUST-0514,2025-04-23 20:47:15,Delhi,Tier 1,OTC,0,251.50,58.00,Completed
ORD-01110,CUST-0108,2025-04-23 21:43:13,Delhi,Tier 1,Chronic,1,437.72,47.00,Completed
ORD-01111,CUST-0964,2025-04-24 00:34:56,Mumbai,Tier 1,Chronic,1,1507.97,0.00,Completed
ORD-01112,CUST-0784,2025-04-24 07:08:33,Hyderabad,Tier 1,Chronic,1,1015.84,0.00,Completed
ORD-01113,CUST-0845,2025-04-24 07:08:43,Mumbai,Tier 1,OTC,0,323.27,55.00,Completed
ORD-01114,CUST-0155,2025-04-24 08:26:19,Mumbai,Tier 1,OTC,0,891.85,0.00,Completed
ORD-01115,CUST-0359,2025-04-24 12:59:14,Bengaluru,Tier 1,Chronic,1,1023.61,0.00,Completed
ORD-01116,CUST-0575,2025-04-24 13:15:57,Lucknow,Tier 2,Chronic,1,1075.19,0.00,Completed
ORD-01117,CUST-0973,2025-04-24 14:56:02,Mumbai,Tier 1,OTC,0,449.49,58.00,Completed
ORD-01118,CUST-0724,2025-04-24 14:59:35,Indore,Tier 2,Chronic,1,958.38,0.00,Completed
ORD-01119,CUST-0905,2025-04-24 18:55:13,Indore,Tier 2,OTC,0,913.39,0.00,Completed
ORD-01120,CUST-0410,2025-04-24 19:27:06,Indore,Tier 2,Chronic,1,2515.35,0.00,Completed
ORD-01121,CUST-0787,2025-04-25 08:25:25,Jaipur,Tier 2,OTC,0,1153.33,0.00,Completed
ORD-01122,CUST-0478,2025-04-25 09:30:57,Hyderabad,Tier 1,OTC,0,715.19,0.00,Completed
ORD-01123,CUST-0962,2025-04-25 09:36:12,Bengaluru,Tier 1,OTC,1,582.64,0.00,Cancelled
ORD-01124,CUST-0274,2025-04-25 11:22:31,Hyderabad,Tier 1,OTC,0,360.62,63.00,Cancelled
ORD-01125,CUST-0171,2025-04-25 13:00:59,Delhi,Tier 1,Chronic,1,1949.74,0.00,Completed
ORD-01126,CUST-0811,2025-04-25 15:13:40,Mumbai,Tier 1,Chronic,1,1182.84,0.00,Completed
ORD-01127,CUST-0224,2025-04-25 19:32:16,Indore,Tier 2,Chronic,1,4642.96,0.00,Cancelled
ORD-01128,CUST-0261,2025-04-25 19:44:19,Mumbai,Tier 1,Chronic,1,1344.88,0.00,Completed
ORD-01129,CUST-0342,2025-04-25 19:54:25,Indore,Tier 2,OTC,0,355.57,45.00,Completed
ORD-01130,CUST-0014,2025-04-25 23:08:20,Jaipur,Tier 2,Chronic,1,953.53,0.00,Completed
ORD-01131,CUST-0985,2025-04-26 05:49:19,Mumbai,Tier 1,OTC,1,643.89,0.00,Completed
ORD-01132,CUST-1158,2025-04-26 10:42:37,Mumbai,Tier 1,Chronic,1,1434.68,0.00,Completed
ORD-01133,CUST-0054,2025-04-26 13:52:01,Chennai,Tier 1,Chronic,1,452.88,80.00,Completed
ORD-01134,CUST-1129,2025-04-26 15:19:12,Chennai,Tier 1,OTC,0,1276.57,0.00,Completed
ORD-01135,CUST-0014,2025-04-26 16:32:49,Jaipur,Tier 2,Chronic,1,1326.80,0.00,Completed
ORD-01136,CUST-1193,2025-04-26 17:34:19,Lucknow,Tier 2,Chronic,1,1470.88,0.00,Completed
ORD-01137,CUST-0429,2025-04-26 19:30:15,Mumbai,Tier 1,OTC,1,311.67,59.00,Completed
ORD-01138,CUST-0336,2025-04-26 19:37:58,Hyderabad,Tier 1,OTC,0,530.56,0.00,Completed
ORD-01139,CUST-1114,2025-04-26 19:53:11,Indore,Tier 2,OTC,0,698.47,0.00,Completed
ORD-01140,CUST-0199,2025-04-26 21:00:15,Delhi,Tier 1,OTC,0,377.42,69.00,Completed
ORD-01141,CUST-1166,2025-04-27 11:35:12,Lucknow,Tier 2,Chronic,1,451.97,51.00,Refunded
ORD-01142,CUST-0041,2025-04-27 15:21:12,Bengaluru,Tier 1,OTC,0,1561.83,0.00,Completed
ORD-01143,CUST-1178,2025-04-27 17:20:00,Bengaluru,Tier 1,Chronic,1,634.74,0.00,Refunded
ORD-01144,CUST-0869,2025-04-27 23:16:56,Mumbai,Tier 1,OTC,1,403.10,43.00,Completed
ORD-01145,CUST-0002,2025-04-28 07:43:04,,,OTC,0,416.20,48.00,Completed
ORD-01146,CUST-0934,2025-04-28 08:26:38,Jaipur,Tier 2,OTC,0,264.16,47.00,Completed
ORD-01147,CUST-0426,2025-04-28 09:12:00,Jaipur,Tier 2,OTC,0,610.24,0.00,Cancelled
ORD-01148,CUST-0076,2025-04-28 10:59:23,Delhi,Tier 1,OTC,0,790.00,0.00,Completed
ORD-01149,CUST-0290,2025-04-28 11:02:28,Mumbai,Tier 1,OTC,0,457.14,77.00,Completed
ORD-01150,CUST-0064,2025-04-28 12:12:24,Jaipur,Tier 2,OTC,1,833.44,0.00,Completed
ORD-01151,CUST-0262,2025-04-28 12:31:10,Jaipur,Tier 2,Chronic,1,1547.68,0.00,Refunded
ORD-01152,CUST-0755,2025-04-28 14:55:43,Chennai,Tier 1,OTC,0,582.22,0.00,Completed
ORD-01153,CUST-0225,2025-04-28 19:50:50,Delhi,Tier 1,Chronic,1,1834.12,0.00,Completed
ORD-01154,CUST-0993,2025-04-28 20:48:36,Jaipur,Tier 2,OTC,0,570.29,0.00,Cancelled
ORD-01155,CUST-0087,2025-04-28 21:32:25,Chennai,Tier 1,OTC,0,442.14,46.00,Completed
ORD-01156,CUST-0209,2025-04-29 08:46:48,Mumbai,Tier 1,Chronic,1,359.29,58.00,Completed
ORD-01157,CUST-0824,2025-04-29 09:09:27,Chennai,Tier 1,OTC,0,802.06,0.00,Refunded
ORD-01158,CUST-0297,2025-04-29 09:26:19,Indore,Tier 2,OTC,0,579.13,0.00,Completed
ORD-01159,CUST-1037,2025-04-29 10:04:36,Delhi,Tier 1,Chronic,1,666.78,0.00,Completed
ORD-01160,CUST-1018,2025-04-29 10:45:57,Lucknow,Tier 2,OTC,0,429.45,72.00,Refunded
ORD-01161,CUST-0025,2025-04-29 12:22:19,Jaipur,Tier 2,Chronic,1,1553.79,0.00,Completed
ORD-01162,CUST-0120,2025-04-29 13:38:49,Chennai,Tier 1,Chronic,1,2065.48,0.00,Completed
ORD-01163,CUST-0708,2025-04-29 15:52:58,Jaipur,Tier 2,OTC,0,1831.89,0.00,Completed
ORD-01164,CUST-0423,2025-04-29 19:46:00,Mumbai,Tier 1,OTC,0,401.69,48.00,Cancelled
ORD-01165,CUST-0411,2025-04-29 22:03:59,Chennai,Tier 1,Chronic,1,1386.73,0.00,Cancelled
ORD-01166,CUST-0364,2025-04-30 06:45:02,Mumbai,Tier 1,Chronic,1,427.03,67.00,Completed
ORD-01167,CUST-0637,2025-04-30 08:25:30,Chennai,Tier 1,OTC,0,152.68,70.00,Completed
ORD-01168,CUST-0754,2025-04-30 10:08:50,Bengaluru,Tier 1,OTC,0,323.85,47.00,Completed
ORD-01169,CUST-1156,2025-04-30 11:38:47,Mumbai,Tier 1,Chronic,1,1727.92,0.00,Completed
ORD-01170,CUST-0878,2025-04-30 12:33:21,Delhi,Tier 1,Chronic,1,1202.59,0.00,Completed
ORD-01171,CUST-0740,2025-04-30 17:07:59,Bengaluru,Tier 1,OTC,0,224.26,53.00,Completed
ORD-01172,CUST-0040,2025-04-30 18:00:56,Chennai,Tier 1,OTC,0,895.55,0.00,Completed
ORD-01173,CUST-0335,2025-04-30 19:36:50,Mumbai,Tier 1,Chronic,1,1900.54,0.00,Completed
ORD-01174,CUST-1172,2025-04-30 20:27:49,Jaipur,Tier 2,Chronic,1,6692.86,0.00,Completed
ORD-01175,CUST-0414,2025-04-30 23:42:37,Lucknow,Tier 2,OTC,0,930.31,0.00,Completed
ORD-01176,CUST-0576,2025-05-01 10:24:47,Hyderabad,Tier 1,Chronic,1,852.24,0.00,Completed
ORD-01177,CUST-0002,2025-05-01 11:47:41,Bengaluru,Tier 1,Chronic,1,1072.82,0.00,Cancelled
ORD-01178,CUST-0926,2025-05-01 15:24:22,Delhi,Tier 1,Chronic,1,760.39,0.00,Completed
ORD-01179,CUST-1061,2025-05-01 18:06:35,Indore,Tier 2,OTC,0,515.12,0.00,Completed
ORD-01180,CUST-0487,2025-05-01 18:45:56,Bengaluru,Tier 1,OTC,0,707.01,0.00,Completed
ORD-01181,CUST-0817,2025-05-01 19:39:20,Lucknow,Tier 2,Chronic,1,1387.67,0.00,Completed
ORD-01182,CUST-0855,2025-05-01 19:45:29,Delhi,Tier 1,OTC,0,435.29,56.00,Completed
ORD-01183,CUST-0291,2025-05-01 20:23:09,Lucknow,Tier 2,Chronic,1,1071.63,0.00,Completed
ORD-01184,CUST-0508,2025-05-01 22:45:52,Lucknow,Tier 2,OTC,0,745.82,0.00,Completed
ORD-01185,CUST-0710,2025-05-02 07:02:12,Bengaluru,Tier 1,OTC,0,344.70,73.00,Completed
ORD-01186,CUST-1146,2025-05-02 09:09:27,Delhi,Tier 1,Chronic,1,2764.14,0.00,Completed
ORD-01187,CUST-0963,2025-05-02 09:57:27,Mumbai,Tier 1,Chronic,1,1186.16,0.00,Completed
ORD-01188,CUST-0889,2025-05-02 10:09:23,Mumbai,Tier 1,Chronic,1,1516.01,0.00,Completed
ORD-01189,CUST-1115,2025-05-02 13:26:33,Indore,Tier 2,Chronic,1,2227.27,0.00,Completed
ORD-01190,CUST-0567,2025-05-02 16:04:15,Jaipur,Tier 2,OTC,0,290.69,52.00,Refunded
ORD-01191,CUST-0675,2025-05-02 20:05:49,Hyderabad,Tier 1,OTC,0,146.41,63.00,Completed
ORD-01192,CUST-0018,2025-05-02 21:07:00,Mumbai,Tier 1,Chronic,1,2104.77,0.00,Completed
ORD-01193,CUST-0928,2025-05-03 00:31:26,Lucknow,Tier 2,Chronic,1,1136.05,0.00,Completed
ORD-01194,CUST-0877,2025-05-03 09:58:49,Bengaluru,Tier 1,OTC,0,598.48,0.00,Completed
ORD-01195,CUST-1121,2025-05-03 10:38:43,Chennai,Tier 1,Chronic,1,1052.47,0.00,Completed
ORD-01196,CUST-1156,2025-05-03 10:51:34,Mumbai,Tier 1,Chronic,1,1627.66,0.00,Completed
ORD-01197,CUST-0689,2025-05-03 11:03:39,Jaipur,Tier 2,OTC,0,4502.72,0.00,Completed
ORD-01198,CUST-0964,2025-05-03 11:14:48,Mumbai,Tier 1,OTC,1,176.77,76.00,Completed
ORD-01199,CUST-1127,2025-05-03 12:15:20,Hyderabad,Tier 1,Chronic,1,902.84,0.00,Completed
ORD-01200,CUST-0409,2025-05-03 12:31:45,Mumbai,Tier 1,OTC,0,605.31,0.00,Completed
ORD-01201,CUST-1162,2025-05-03 14:30:38,Chennai,Tier 1,Chronic,1,4009.18,0.00,Completed
ORD-01202,CUST-1081,2025-05-03 15:02:51,Delhi,Tier 1,Chronic,1,956.95,0.00,Completed
ORD-01203,CUST-0532,2025-05-03 17:17:41,Chennai,Tier 1,OTC,0,394.08,73.00,Completed
ORD-01204,CUST-0474,2025-05-03 18:39:17,Mumbai,Tier 1,Chronic,1,993.90,0.00,Completed
ORD-01205,CUST-0576,2025-05-03 18:47:08,Hyderabad,Tier 1,OTC,0,657.37,0.00,Completed
ORD-01206,CUST-0514,2025-05-03 19:23:38,Delhi,Tier 1,OTC,0,230.30,70.00,Completed
ORD-01207,CUST-0064,2025-05-03 21:38:13,Jaipur,Tier 2,Chronic,1,1251.22,0.00,Completed
ORD-01208,CUST-0142,2025-05-04 10:11:43,Bengaluru,Tier 1,Chronic,1,882.69,0.00,Completed
ORD-01209,CUST-0656,2025-05-04 10:55:42,Delhi,Tier 1,OTC,0,958.76,0.00,Completed
ORD-01210,CUST-0477,2025-05-04 11:11:21,Bengaluru,Tier 1,OTC,0,430.69,73.00,Completed
ORD-01210,CUST-0477,2025-05-04 11:11:21,Indore,Tier 1,OTC,0,590.05,73.00,Completed
ORD-01211,CUST-0594,2025-05-04 17:36:17,Hyderabad,Tier 1,Chronic,1,1298.72,0.00,Completed
ORD-01212,CUST-1085,2025-05-04 18:37:22,Indore,Tier 2,OTC,0,1199.10,0.00,Completed
ORD-01213,CUST-0678,2025-05-04 20:05:29,Bengaluru,Tier 1,OTC,0,476.61,55.00,Completed
ORD-01214,CUST-0177,2025-05-04 20:37:12,Bengaluru,Tier 1,OTC,0,770.13,0.00,Completed
ORD-01215,CUST-0488,2025-05-05 11:34:20,Delhi,Tier 1,OTC,0,338.37,55.00,Completed
ORD-01216,CUST-1159,2025-05-05 13:43:00,Bengaluru,Tier 1,OTC,0,306.97,49.00,Completed
ORD-01217,CUST-0085,2025-05-05 15:42:45,Mumbai,Tier 1,OTC,0,588.85,0.00,Refunded
ORD-01218,CUST-0225,2025-05-05 16:58:36,Delhi,Tier 1,OTC,0,354.01,42.00,Completed
ORD-01219,CUST-0830,2025-05-05 17:28:51,Delhi,Tier 1,Chronic,1,511.89,0.00,Completed
ORD-01220,CUST-0694,2025-05-05 18:26:52,Delhi,Tier 1,Chronic,1,2332.49,0.00,Refunded
ORD-01221,CUST-1133,2025-05-05 18:48:41,Mumbai,Tier 1,OTC,0,618.30,0.00,Completed
ORD-01222,CUST-0569,2025-05-05 18:54:16,Bengaluru,Tier 1,Chronic,1,1790.39,0.00,Completed
ORD-01223,CUST-0692,2025-05-05 19:22:09,Lucknow,Tier 2,Chronic,1,569.53,0.00,Completed
ORD-01224,CUST-0997,2025-05-05 21:56:56,Chennai,Tier 1,Chronic,1,2013.60,0.00,Completed
ORD-01225,CUST-0681,2025-05-06 08:22:42,,,OTC,0,763.45,0.00,Completed
ORD-01226,CUST-0149,2025-05-06 09:43:03,Bengaluru,Tier 1,Chronic,1,1249.52,0.00,Completed
ORD-01227,CUST-0890,2025-05-06 11:12:16,Chennai,Tier 1,Chronic,1,418.75,47.00,Completed
ORD-01228,CUST-0975,2025-05-06 12:11:54,Delhi,Tier 1,Chronic,1,910.49,0.00,Cancelled
ORD-01229,CUST-0558,2025-05-06 12:29:29,Bengaluru,Tier 1,Chronic,1,3066.57,0.00,Completed
ORD-01230,CUST-0140,2025-05-06 15:29:24,Mumbai,Tier 1,Chronic,1,1226.99,0.00,Completed
ORD-01231,CUST-1042,2025-05-06 16:08:17,Chennai,Tier 1,Chronic,1,3714.23,0.00,Completed
ORD-01232,CUST-0168,2025-05-06 17:38:39,Jaipur,Tier 2,OTC,1,612.07,0.00,Completed
ORD-01233,CUST-0738,2025-05-06 19:00:30,Delhi,Tier 1,OTC,0,446.93,69.00,Completed
ORD-01234,CUST-1158,2025-05-06 21:27:06,Mumbai,Tier 1,OTC,1,627.90,0.00,Completed
ORD-01235,CUST-0899,2025-05-06 21:28:45,Delhi,Tier 1,OTC,0,178.36,71.00,Completed
ORD-01236,CUST-1108,2025-05-07 07:29:08,Bengaluru,Tier 1,OTC,0,4624.68,0.00,Completed
ORD-01237,CUST-0723,2025-05-07 10:45:59,Mumbai,Tier 1,Chronic,1,2687.29,0.00,Completed
ORD-01238,CUST-0364,2025-05-07 11:21:16,Mumbai,Tier 1,OTC,0,631.81,0.00,Completed
ORD-01239,CUST-0928,2025-05-07 13:28:58,Lucknow,Tier 2,OTC,1,683.82,0.00,Completed
ORD-01240,CUST-0173,2025-05-07 16:00:42,Delhi,Tier 1,OTC,0,653.94,0.00,Completed
ORD-01241,CUST-1165,2025-05-07 18:38:45,Mumbai,Tier 1,OTC,0,306.18,66.00,Completed
ORD-01242,CUST-0215,2025-05-07 19:53:50,Chennai,Tier 1,OTC,1,328.72,56.00,Completed
ORD-01243,CUST-0999,2025-05-07 19:55:12,Indore,Tier 2,Chronic,1,618.95,0.00,Completed
ORD-01244,CUST-0665,2025-05-07 21:35:27,Delhi,Tier 1,OTC,0,723.03,0.00,Completed
ORD-01245,CUST-0225,2025-05-08 14:31:58,Delhi,Tier 1,Chronic,1,1270.38,0.00,Cancelled
ORD-01246,CUST-0407,2025-05-08 15:09:51,Delhi,Tier 1,Chronic,1,1106.57,0.00,Completed
ORD-01247,CUST-0051,2025-05-08 16:08:11,Delhi,Tier 1,Chronic,1,2666.96,0.00,Refunded
ORD-01248,CUST-0573,2025-05-08 17:45:02,Bengaluru,Tier 1,OTC,0,580.71,0.00,Completed
ORD-01249,CUST-0044,2025-05-08 19:12:38,Delhi,Tier 1,Chronic,1,1081.25,0.00,Completed
ORD-01250,CUST-0023,2025-05-09 07:04:50,Indore,Tier 2,OTC,0,1581.40,0.00,Completed
ORD-01251,CUST-0127,2025-05-09 09:43:29,Delhi,Tier 1,OTC,0,328.99,46.00,Completed
ORD-01252,CUST-0331,2025-05-09 13:39:24,Jaipur,Tier 2,OTC,0,1135.47,0.00,Completed
ORD-01253,CUST-1000,2025-05-09 14:29:55,Delhi,Tier 1,OTC,0,494.77,75.00,Completed
ORD-01254,CUST-0280,2025-05-09 15:22:36,Lucknow,Tier 2,OTC,0,1374.89,0.00,Refunded
ORD-01255,CUST-0495,2025-05-09 16:30:11,Jaipur,Tier 2,Chronic,1,1973.74,0.00,Completed
ORD-01256,CUST-1115,2025-05-09 18:07:33,Indore,Tier 2,Chronic,1,1029.57,0.00,Completed
ORD-01257,CUST-0510,2025-05-09 19:16:52,Mumbai,Tier 1,OTC,0,1129.81,0.00,Completed
ORD-01258,CUST-0495,2025-05-09 20:38:36,Jaipur,Tier 2,Chronic,1,385.15,55.00,Completed
ORD-01259,CUST-0555,2025-05-10 08:30:14,Mumbai,Tier 1,Chronic,1,840.06,0.00,Cancelled
ORD-01260,CUST-0827,2025-05-10 10:17:08,Hyderabad,Tier 1,Chronic,1,1265.66,0.00,Completed
ORD-01261,CUST-0865,2025-05-10 11:29:46,Mumbai,Tier 1,OTC,0,1205.65,0.00,Completed
ORD-01262,CUST-0072,2025-05-10 12:45:18,Bengaluru,Tier 1,Chronic,1,1302.40,0.00,Completed
ORD-01263,CUST-0274,2025-05-10 13:29:22,Hyderabad,Tier 1,OTC,0,1519.94,0.00,Completed
ORD-01264,CUST-0045,2025-05-10 14:32:59,Lucknow,Tier 2,OTC,0,355.41,59.00,Completed
ORD-01265,CUST-0071,2025-05-10 18:27:34,Delhi,Tier 1,OTC,0,551.36,0.00,Completed
ORD-01266,CUST-0601,2025-05-10 19:48:28,Bengaluru,Tier 1,OTC,0,448.15,65.00,Completed
ORD-01267,CUST-1194,2025-05-10 20:36:23,Indore,Tier 2,OTC,0,812.90,0.00,Completed
ORD-01268,CUST-1161,2025-05-10 21:30:51,Mumbai,Tier 1,OTC,1,450.67,42.00,Completed
ORD-01269,CUST-1001,2025-05-11 09:37:53,Mumbai,Tier 1,OTC,1,664.67,0.00,Completed
ORD-01270,CUST-0546,2025-05-11 12:38:00,Bengaluru,Tier 1,Chronic,1,2114.41,0.00,Completed
ORD-01271,CUST-0086,2025-05-11 12:57:32,Mumbai,Tier 1,Chronic,1,1093.12,0.00,Completed
ORD-01272,CUST-1108,2025-05-11 16:07:30,Bengaluru,Tier 1,Chronic,1,915.35,0.00,Cancelled
ORD-01273,CUST-1022,2025-05-11 16:19:36,Jaipur,Tier 2,Chronic,1,677.32,0.00,Completed
ORD-01274,CUST-0621,2025-05-11 16:39:50,Jaipur,Tier 2,Chronic,1,902.40,0.00,Completed
ORD-01275,CUST-0205,2025-05-11 18:55:02,Mumbai,Tier 1,OTC,0,1188.84,0.00,Completed
ORD-01276,CUST-0032,2025-05-11 19:21:01,Indore,Tier 2,Chronic,1,1375.77,0.00,Completed
ORD-01277,CUST-0874,2025-05-11 19:32:21,Bengaluru,Tier 1,Chronic,1,469.55,56.00,Completed
ORD-01278,CUST-0355,2025-05-11 20:08:55,Bengaluru,Tier 1,OTC,0,545.12,0.00,Completed
ORD-01279,CUST-0175,2025-05-11 20:53:20,Mumbai,Tier 1,Chronic,1,1588.92,0.00,Completed
ORD-01280,CUST-0541,2025-05-11 21:07:01,Indore,Tier 2,OTC,0,666.49,0.00,Completed
ORD-01281,CUST-0159,2025-05-12 10:01:09,Chennai,Tier 1,Chronic,1,1118.44,0.00,Completed
ORD-01282,CUST-0657,2025-05-12 10:12:29,Lucknow,Tier 2,OTC,0,242.51,49.00,Completed
ORD-01283,CUST-0108,2025-05-12 12:03:32,Delhi,Tier 1,Chronic,1,1880.04,0.00,Completed
ORD-01284,CUST-0512,2025-05-12 13:47:31,Lucknow,Tier 2,OTC,0,569.50,0.00,Completed
ORD-01285,CUST-0229,2025-05-12 16:17:18,Chennai,Tier 1,Chronic,1,1028.88,0.00,Completed
ORD-01286,CUST-0778,2025-05-12 17:31:02,Mumbai,Tier 1,Chronic,1,4875.97,0.00,Completed
ORD-01287,CUST-0101,2025-05-12 18:30:39,Lucknow,Tier 2,Chronic,1,1284.36,0.00,Completed
ORD-01288,CUST-0797,2025-05-12 19:44:40,Mumbai,Tier 1,OTC,0,525.73,0.00,Completed
ORD-01289,CUST-0673,2025-05-12 19:53:30,Indore,Tier 2,OTC,0,468.64,49.00,Completed
ORD-01290,CUST-0023,2025-05-12 20:04:19,Indore,Tier 2,OTC,0,715.93,0.00,Completed
ORD-01291,CUST-0979,2025-05-13 09:46:24,Hyderabad,Tier 1,OTC,0,436.03,68.00,Completed
ORD-01292,CUST-0769,2025-05-13 12:03:19,Mumbai,Tier 1,OTC,0,762.50,0.00,Completed
ORD-01293,CUST-0059,2025-05-13 12:14:42,Mumbai,Tier 1,OTC,1,207.36,64.00,Completed
ORD-01294,CUST-0360,2025-05-13 13:17:06,Hyderabad,Tier 1,Chronic,1,2055.55,0.00,Completed
ORD-01295,CUST-0554,2025-05-13 13:38:44,Lucknow,Tier 2,OTC,0,273.40,48.00,Completed
ORD-01296,CUST-0076,2025-05-13 18:08:52,Delhi,Tier 1,OTC,0,478.40,43.00,Completed
ORD-01297,CUST-0645,2025-05-13 18:17:41,Chennai,Tier 1,OTC,0,406.02,54.00,Completed
ORD-01298,CUST-1021,2025-05-13 19:33:57,Lucknow,Tier 2,Chronic,1,950.04,0.00,Cancelled
ORD-01299,CUST-0854,2025-05-13 19:50:37,Lucknow,Tier 2,OTC,0,298.48,76.00,Completed
ORD-01300,CUST-0718,2025-05-13 21:04:34,Mumbai,Tier 1,OTC,0,859.70,0.00,Completed
ORD-01301,CUST-0516,2025-05-14 05:22:00,Mumbai,Tier 1,OTC,0,1178.59,0.00,Refunded
ORD-01302,CUST-0383,2025-05-14 10:36:37,Jaipur,Tier 2,OTC,0,1383.50,0.00,Completed
ORD-01303,CUST-1052,2025-05-14 11:08:44,Mumbai,Tier 1,OTC,1,181.79,65.00,Completed
ORD-01304,CUST-0854,2025-05-14 11:26:03,Lucknow,Tier 2,Chronic,1,2137.69,0.00,Refunded
ORD-01305,CUST-0559,2025-05-14 18:00:33,Hyderabad,Tier 1,OTC,1,135.59,53.00,Completed
ORD-01306,CUST-0449,2025-05-14 19:21:28,Mumbai,Tier 1,OTC,0,1126.77,0.00,Refunded
ORD-01307,CUST-1136,2025-05-14 22:33:03,Delhi,Tier 1,OTC,0,801.93,0.00,Completed
ORD-01308,CUST-1026,2025-05-15 05:39:58,Delhi,Tier 1,OTC,0,902.01,0.00,Completed
ORD-01309,CUST-1161,2025-05-15 07:06:09,Mumbai,Tier 1,Chronic,1,1584.42,0.00,Cancelled
ORD-01310,CUST-0712,2025-05-15 11:06:07,Chennai,Tier 1,OTC,0,920.53,0.00,Completed
ORD-01311,CUST-0230,2025-05-15 11:22:54,Mumbai,Tier 1,Chronic,1,1852.06,0.00,Completed
ORD-01312,CUST-1010,2025-05-15 12:14:34,Bengaluru,Tier 1,OTC,1,500.99,0.00,Refunded
ORD-01313,CUST-0485,2025-05-15 13:28:32,Mumbai,Tier 1,OTC,0,776.07,0.00,Completed
ORD-01314,CUST-1082,2025-05-15 19:03:14,Lucknow,Tier 2,OTC,0,338.46,78.00,Completed
ORD-01315,CUST-0060,2025-05-15 22:57:31,Mumbai,Tier 1,Chronic,1,1041.68,0.00,Completed
ORD-01316,CUST-0123,2025-05-16 07:38:18,Mumbai,Tier 1,Chronic,1,1058.79,0.00,Completed
ORD-01317,CUST-1001,2025-05-16 12:27:35,Mumbai,Tier 1,OTC,0,291.72,42.00,Cancelled
ORD-01318,CUST-0086,2025-05-16 12:32:00,Mumbai,Tier 1,OTC,0,349.68,50.00,Completed
ORD-01319,CUST-0651,2025-05-16 13:38:49,Bengaluru,Tier 1,Chronic,1,347.30,63.00,Completed
ORD-01320,CUST-0641,2025-05-16 14:32:41,Jaipur,Tier 2,OTC,0,210.07,52.00,Refunded
ORD-01321,CUST-0656,2025-05-16 14:38:33,Delhi,Tier 1,OTC,0,936.66,0.00,Completed
ORD-01322,CUST-1119,2025-05-16 16:15:17,Delhi,Tier 1,OTC,0,322.05,58.00,Completed
ORD-01323,CUST-0811,2025-05-16 17:31:47,Mumbai,Tier 1,OTC,0,383.08,58.00,Completed
ORD-01324,CUST-0297,2025-05-16 18:15:47,Indore,Tier 2,OTC,0,566.23,0.00,Completed
ORD-01325,CUST-1166,2025-05-16 23:10:21,Lucknow,Tier 2,OTC,0,424.99,75.00,Completed
ORD-01326,CUST-0737,2025-05-16 23:44:17,Delhi,Tier 1,OTC,1,968.19,0.00,Completed
ORD-01327,CUST-0659,2025-05-17 07:27:11,Hyderabad,Tier 1,OTC,0,1609.43,0.00,Completed
ORD-01328,CUST-0076,2025-05-17 10:27:12,Delhi,Tier 1,Chronic,1,1369.15,0.00,Completed
ORD-01329,CUST-1166,2025-05-17 11:14:43,Lucknow,Tier 2,Chronic,1,2263.26,0.00,Cancelled
ORD-01330,CUST-0780,2025-05-17 14:33:05,Lucknow,Tier 2,OTC,0,1110.07,0.00,Completed
ORD-01331,CUST-0361,2025-05-17 18:28:17,Indore,Tier 2,OTC,0,453.46,63.00,Completed
ORD-01332,CUST-1086,2025-05-17 19:30:05,Jaipur,Tier 2,OTC,0,1053.17,0.00,Completed
ORD-01333,CUST-0462,2025-05-17 19:34:48,Mumbai,Tier 1,Chronic,1,1201.03,0.00,Completed
ORD-01334,CUST-1138,2025-05-17 19:38:26,Bengaluru,Tier 1,OTC,0,1082.74,0.00,Completed
ORD-01335,CUST-1085,2025-05-17 21:22:08,Indore,Tier 2,Chronic,1,395.27,70.00,Completed
ORD-01336,CUST-0310,2025-05-18 03:59:12,Mumbai,Tier 1,OTC,0,389.19,62.00,Completed
ORD-01337,CUST-0212,2025-05-18 08:15:03,Hyderabad,Tier 1,Chronic,1,970.86,0.00,Completed
ORD-01338,CUST-0173,2025-05-18 08:30:28,Delhi,Tier 1,Chronic,1,3148.58,0.00,Completed
ORD-01339,CUST-0410,2025-05-18 09:31:46,Indore,Tier 2,Chronic,1,1506.27,0.00,Completed
ORD-01340,CUST-0343,2025-05-18 10:04:10,Jaipur,Tier 2,OTC,0,685.29,0.00,Cancelled
ORD-01341,CUST-0895,2025-05-18 13:25:16,Jaipur,Tier 2,OTC,0,339.23,77.00,Completed
ORD-01342,CUST-0533,2025-05-18 14:31:24,Bengaluru,Tier 1,OTC,0,698.53,0.00,Completed
ORD-01343,CUST-1069,2025-05-18 15:05:30,Mumbai,Tier 1,Chronic,1,1219.35,0.00,Cancelled
ORD-01344,CUST-0560,2025-05-18 18:30:19,Bengaluru,Tier 1,Chronic,1,3261.11,0.00,Completed
ORD-01345,CUST-1059,2025-05-18 19:59:24,Hyderabad,Tier 1,Chronic,1,724.32,0.00,Completed
ORD-01345,CUST-1059,2025-05-18 19:59:24,Hyderabad,Tier 1,Chronic,1,724.32,0.00,Completed
ORD-01346,CUST-0438,2025-05-18 20:05:34,Hyderabad,Tier 1,OTC,0,577.12,0.00,Completed
ORD-01347,CUST-1113,2025-05-18 21:40:24,Hyderabad,Tier 1,Chronic,1,1004.08,0.00,Completed
ORD-01348,CUST-0985,2025-05-19 08:57:32,Mumbai,Tier 1,Chronic,1,1179.99,0.00,Completed
ORD-01349,CUST-0469,2025-05-19 09:53:05,Mumbai,Tier 1,Chronic,1,2136.86,0.00,Completed
ORD-01350,CUST-0138,2025-05-19 10:06:20,Bengaluru,Tier 1,Chronic,1,2282.73,0.00,Completed
ORD-01351,CUST-0428,2025-05-19 10:52:54,Lucknow,Tier 2,OTC,0,1068.25,0.00,Completed
ORD-01352,CUST-0570,2025-05-19 17:16:40,Hyderabad,Tier 1,OTC,0,230.27,62.00,Completed
ORD-01353,CUST-0400,2025-05-19 20:45:12,Bengaluru,Tier 1,Chronic,1,414.64,44.00,Completed
ORD-01354,CUST-0569,2025-05-19 21:09:22,Bengaluru,Tier 1,Chronic,1,401.71,64.00,Completed
ORD-01355,CUST-0140,2025-05-19 21:15:37,Mumbai,Tier 1,OTC,0,195.68,60.00,Completed
ORD-01356,CUST-0262,2025-05-19 21:30:42,Jaipur,Tier 2,OTC,0,666.08,0.00,Completed
ORD-01357,CUST-0510,2025-05-20 06:39:16,Mumbai,Tier 1,OTC,1,748.51,0.00,Completed
ORD-01358,CUST-0562,2025-05-20 10:21:06,Delhi,Tier 1,OTC,0,419.29,50.00,Completed
ORD-01359,CUST-1012,2025-05-20 10:48:35,Hyderabad,Tier 1,OTC,0,2037.96,0.00,Completed
ORD-01360,CUST-1045,2025-05-20 11:00:35,Mumbai,Tier 1,OTC,0,1582.94,0.00,Completed
ORD-01361,CUST-0508,2025-05-20 11:01:36,Lucknow,Tier 2,Chronic,1,1772.70,0.00,Completed
ORD-01362,CUST-1123,2025-05-20 11:22:00,Lucknow,Tier 2,OTC,0,450.56,72.00,Completed
ORD-01363,CUST-0784,2025-05-20 11:52:03,Hyderabad,Tier 1,OTC,0,446.51,63.00,Completed
ORD-01364,CUST-1127,2025-05-20 12:04:49,Hyderabad,Tier 1,Chronic,1,2038.40,0.00,Completed
ORD-01365,CUST-0879,2025-05-20 15:47:28,Hyderabad,Tier 1,Chronic,1,778.17,0.00,Completed
ORD-01366,CUST-0679,2025-05-20 17:30:40,Mumbai,Tier 1,OTC,0,440.73,47.00,Completed
ORD-01367,CUST-1200,2025-05-20 17:43:02,Jaipur,Tier 2,Chronic,1,310.70,56.00,Completed
ORD-01368,CUST-0774,2025-05-20 17:53:46,Lucknow,Tier 2,OTC,0,343.30,62.00,Completed
ORD-01369,CUST-0344,2025-05-20 19:33:21,Hyderabad,Tier 1,Chronic,1,1532.68,0.00,Completed
ORD-01370,CUST-0555,2025-05-20 19:44:57,Mumbai,Tier 1,OTC,0,899.00,0.00,Completed
ORD-01371,CUST-0123,2025-05-21 05:44:12,,,OTC,0,604.27,0.00,Completed
ORD-01372,CUST-1013,2025-05-21 08:19:57,Bengaluru,Tier 1,OTC,0,392.02,40.00,Refunded
ORD-01373,CUST-0962,2025-05-21 12:16:24,Bengaluru,Tier 1,Chronic,1,1089.17,0.00,Completed
ORD-01374,CUST-0114,2025-05-21 12:29:29,Hyderabad,Tier 1,OTC,0,505.66,0.00,Completed
ORD-01375,CUST-0414,2025-05-21 12:47:04,Lucknow,Tier 2,OTC,0,1254.09,0.00,Completed
ORD-01376,CUST-0265,2025-05-21 16:50:39,Indore,Tier 2,OTC,0,403.29,51.00,Refunded
ORD-01377,CUST-0484,2025-05-21 20:55:07,Delhi,Tier 1,Chronic,1,1803.63,0.00,Completed
ORD-01378,CUST-0014,2025-05-21 21:50:50,Jaipur,Tier 2,OTC,0,693.66,0.00,Completed
ORD-01379,CUST-0308,2025-05-22 07:51:27,Chennai,Tier 1,OTC,0,1209.81,0.00,Completed
ORD-01380,CUST-0385,2025-05-22 08:08:43,Bengaluru,Tier 1,Chronic,1,4012.24,0.00,Cancelled
ORD-01381,CUST-0603,2025-05-22 13:41:32,Lucknow,Tier 2,OTC,0,817.59,0.00,Completed
ORD-01382,CUST-1183,2025-05-22 14:52:12,Mumbai,Tier 1,Chronic,1,1572.81,0.00,Completed
ORD-01383,CUST-0179,2025-05-22 15:18:04,Lucknow,Tier 2,OTC,0,968.92,0.00,Completed
ORD-01384,CUST-0355,2025-05-22 16:00:30,Bengaluru,Tier 1,OTC,0,609.69,0.00,Completed
ORD-01385,CUST-0526,2025-05-22 16:28:21,Bengaluru,Tier 1,OTC,0,97.10,46.00,Completed
ORD-01386,CUST-0867,2025-05-22 18:51:35,Lucknow,Tier 2,OTC,0,2031.09,0.00,Completed
ORD-01387,CUST-0155,2025-05-22 19:23:05,Mumbai,Tier 1,OTC,0,384.21,69.00,Completed
ORD-01388,CUST-0811,2025-05-22 19:33:08,Mumbai,Tier 1,OTC,0,430.10,56.00,Completed
ORD-01389,CUST-0425,2025-05-22 22:02:20,Hyderabad,Tier 1,Chronic,1,1348.20,0.00,Completed
ORD-01390,CUST-0182,2025-05-23 09:24:10,Lucknow,Tier 2,OTC,0,302.46,65.00,Completed
ORD-01391,CUST-0734,2025-05-23 12:19:54,Bengaluru,Tier 1,Chronic,1,1342.55,0.00,Completed
ORD-01392,CUST-0138,2025-05-23 12:41:04,Bengaluru,Tier 1,OTC,0,255.29,69.00,Completed
ORD-01393,CUST-0569,2025-05-23 14:48:10,Bengaluru,Tier 1,OTC,1,1134.90,0.00,Cancelled
ORD-01394,CUST-0693,2025-05-23 15:41:57,Delhi,Tier 1,OTC,0,286.38,75.00,Completed
ORD-01395,CUST-0968,2025-05-23 17:58:57,Mumbai,Tier 1,OTC,0,1170.18,0.00,Refunded
ORD-01396,CUST-0824,2025-05-23 18:30:30,Chennai,Tier 1,Chronic,1,887.99,0.00,Completed
ORD-01397,CUST-0925,2025-05-23 19:30:38,Mumbai,Tier 1,OTC,0,422.89,59.00,Completed
ORD-01398,CUST-0314,2025-05-23 23:54:52,Bengaluru,Tier 1,Chronic,1,2138.07,0.00,Completed
ORD-01399,CUST-0136,2025-05-24 04:53:33,Mumbai,Tier 1,Chronic,1,8715.84,0.00,Completed
ORD-01400,CUST-0434,2025-05-24 06:07:11,Lucknow,Tier 2,Chronic,1,1077.08,0.00,Completed
ORD-01401,CUST-0297,2025-05-24 10:12:22,Indore,Tier 2,Chronic,1,876.52,0.00,Completed
ORD-01402,CUST-0138,2025-05-24 10:25:18,Bengaluru,Tier 1,Chronic,1,2127.10,0.00,Completed
ORD-01403,CUST-0344,2025-05-24 10:56:48,Hyderabad,Tier 1,Chronic,1,1084.22,0.00,Completed
ORD-01404,CUST-0766,2025-05-24 12:27:32,Mumbai,Tier 1,Chronic,1,1625.86,0.00,Completed
ORD-01405,CUST-1190,2025-05-24 12:48:12,Chennai,Tier 1,OTC,0,355.90,65.00,Completed
ORD-01406,CUST-0573,2025-05-24 14:01:28,Bengaluru,Tier 1,OTC,0,321.63,48.00,Completed
ORD-01407,CUST-1191,2025-05-24 16:49:55,Bengaluru,Tier 1,OTC,0,408.16,58.00,Completed
ORD-01408,CUST-0506,2025-05-24 20:06:58,Jaipur,Tier 2,Chronic,1,2235.20,0.00,Refunded
ORD-01409,CUST-0405,2025-05-24 22:59:05,Indore,Tier 2,Chronic,1,870.87,0.00,Completed
ORD-01410,CUST-0863,2025-05-25 00:33:27,Jaipur,Tier 2,Chronic,1,1323.86,0.00,Completed
ORD-01411,CUST-0825,2025-05-25 09:16:14,Lucknow,Tier 2,Chronic,1,826.08,0.00,Completed
ORD-01412,CUST-1183,2025-05-25 11:28:30,Mumbai,Tier 1,Chronic,1,3560.88,0.00,Completed
ORD-01413,CUST-0854,2025-05-25 11:37:43,Lucknow,Tier 2,OTC,0,591.65,0.00,Refunded
ORD-01414,CUST-0794,2025-05-25 12:17:26,Mumbai,Tier 1,OTC,1,1392.97,0.00,Completed
ORD-01415,CUST-0577,2025-05-25 12:29:13,Lucknow,Tier 2,OTC,1,307.49,62.00,Completed
ORD-01416,CUST-0274,2025-05-25 16:30:42,Hyderabad,Tier 1,OTC,0,597.36,0.00,Completed
ORD-01417,CUST-0996,2025-05-25 18:26:09,Bengaluru,Tier 1,Chronic,1,1172.82,0.00,Cancelled
ORD-01418,CUST-0138,2025-05-25 19:35:31,Bengaluru,Tier 1,Chronic,1,1758.35,0.00,Completed
ORD-01419,CUST-0804,2025-05-25 21:35:58,Hyderabad,Tier 1,Chronic,1,569.75,0.00,Completed
ORD-01420,CUST-0940,2025-05-26 05:29:53,Mumbai,Tier 1,Chronic,1,1058.25,0.00,Completed
ORD-01421,CUST-0905,2025-05-26 06:09:51,Indore,Tier 2,OTC,0,2336.06,0.00,Completed
ORD-01422,CUST-0049,2025-05-26 09:38:33,Chennai,Tier 1,Chronic,1,1281.43,0.00,Completed
ORD-01423,CUST-0954,2025-05-26 10:22:08,Mumbai,Tier 1,Chronic,1,1458.18,0.00,Completed
ORD-01424,CUST-0296,2025-05-26 10:54:11,Lucknow,Tier 2,OTC,0,277.97,44.00,Completed
ORD-01425,CUST-0383,2025-05-26 13:45:24,Jaipur,Tier 2,Chronic,1,1132.00,0.00,Refunded
ORD-01426,CUST-0351,2025-05-26 15:44:36,Hyderabad,Tier 1,Chronic,1,1819.28,0.00,Completed
ORD-01427,CUST-0020,2025-05-26 20:04:44,Chennai,Tier 1,OTC,0,831.08,0.00,Completed
ORD-01428,CUST-0355,2025-05-27 11:08:22,Bengaluru,Tier 1,Chronic,1,1281.57,0.00,Completed
ORD-01429,CUST-0414,2025-05-27 11:43:21,Lucknow,Tier 2,OTC,1,334.75,42.00,Completed
ORD-01430,CUST-0555,2025-05-27 12:47:53,Mumbai,Tier 1,Chronic,1,2212.47,0.00,Completed
ORD-01431,CUST-0118,2025-05-27 13:02:16,Chennai,Tier 1,OTC,0,310.69,65.00,Completed
ORD-01432,CUST-1137,2025-05-27 14:16:58,Bengaluru,Tier 1,OTC,0,331.29,42.00,Completed
ORD-01433,CUST-0628,2025-05-27 15:09:02,Mumbai,Tier 1,OTC,0,346.22,73.00,Completed
ORD-01434,CUST-0536,2025-05-27 18:41:04,Delhi,Tier 1,Chronic,1,1566.95,0.00,Completed
ORD-01435,CUST-0358,2025-05-27 18:56:06,Jaipur,Tier 2,OTC,0,344.64,71.00,Completed
ORD-01436,CUST-0700,2025-05-27 20:15:18,Delhi,Tier 1,Chronic,1,1082.85,0.00,Completed
ORD-01437,CUST-0555,2025-05-27 20:53:45,Mumbai,Tier 1,OTC,0,1316.31,0.00,Completed
ORD-01438,CUST-0452,2025-05-28 06:51:59,Lucknow,Tier 2,OTC,0,403.18,80.00,Completed
ORD-01439,CUST-0113,2025-05-28 09:22:57,Delhi,Tier 1,Chronic,1,496.46,69.00,Completed
ORD-01440,CUST-1042,2025-05-28 10:08:28,Chennai,Tier 1,OTC,0,324.67,50.00,Completed
ORD-01441,CUST-0231,2025-05-28 12:17:01,Mumbai,Tier 1,OTC,0,808.75,0.00,Completed
ORD-01442,CUST-0040,2025-05-28 14:31:33,Chennai,Tier 1,Chronic,1,1924.76,0.00,Completed
ORD-01443,CUST-1119,2025-05-28 15:00:34,Delhi,Tier 1,OTC,0,1456.74,0.00,Completed
ORD-01444,CUST-0879,2025-05-28 17:22:12,Hyderabad,Tier 1,Chronic,1,1075.77,0.00,Refunded
ORD-01445,CUST-0494,2025-05-28 18:17:36,Delhi,Tier 1,OTC,0,299.70,48.00,Completed
ORD-01446,CUST-0078,2025-05-28 19:48:27,Chennai,Tier 1,OTC,0,255.63,76.00,Completed
ORD-01447,CUST-0161,2025-05-28 22:29:57,Mumbai,Tier 1,OTC,0,316.96,66.00,Completed
ORD-01448,CUST-0571,2025-05-29 10:24:28,Delhi,Tier 1,Chronic,1,751.26,0.00,Completed
ORD-01449,CUST-0586,2025-05-29 12:59:34,Chennai,Tier 1,OTC,0,275.06,75.00,Refunded
ORD-01450,CUST-0554,2025-05-29 13:45:31,Lucknow,Tier 2,OTC,0,334.52,62.00,Completed
ORD-01451,CUST-0611,2025-05-29 14:08:20,Hyderabad,Tier 1,Chronic,1,964.28,0.00,Completed
ORD-01452,CUST-0972,2025-05-29 19:20:47,Mumbai,Tier 1,OTC,0,410.56,52.00,Completed
ORD-01453,CUST-0032,2025-05-29 20:10:27,Indore,Tier 2,OTC,0,1943.44,0.00,Completed
ORD-01454,CUST-0718,2025-05-30 09:23:52,Mumbai,Tier 1,OTC,0,1261.36,0.00,Completed
ORD-01455,CUST-0905,2025-05-30 09:47:59,Indore,Tier 2,OTC,0,193.70,62.00,Completed
ORD-01456,CUST-0426,2025-05-30 10:35:55,Jaipur,Tier 2,OTC,0,609.30,0.00,Completed
ORD-01457,CUST-0537,2025-05-30 10:46:14,Hyderabad,Tier 1,OTC,0,1009.41,0.00,Completed
ORD-01458,CUST-0806,2025-05-30 15:26:44,Mumbai,Tier 1,OTC,0,567.11,0.00,Completed
ORD-01459,CUST-0253,2025-05-30 15:38:56,Bengaluru,Tier 1,OTC,0,277.08,57.00,Cancelled
ORD-01460,CUST-0943,2025-05-30 16:22:13,Mumbai,Tier 1,OTC,1,122.02,48.00,Cancelled
ORD-01461,CUST-0581,2025-05-30 17:03:26,Bengaluru,Tier 1,Chronic,1,786.42,0.00,Completed
ORD-01462,CUST-0300,2025-05-30 17:18:16,Chennai,Tier 1,Chronic,1,1291.54,0.00,Completed
ORD-01463,CUST-0362,2025-05-30 18:36:32,Mumbai,Tier 1,Chronic,1,1208.48,0.00,Completed
ORD-01464,CUST-0413,2025-05-30 19:10:02,Mumbai,Tier 1,Chronic,1,1711.17,0.00,Completed
ORD-01465,CUST-0487,2025-05-30 22:01:05,Bengaluru,Tier 1,OTC,0,429.04,41.00,Completed
ORD-01466,CUST-0420,2025-05-31 01:58:26,Lucknow,Tier 2,OTC,0,489.24,66.00,Completed
ORD-01467,CUST-0320,2025-05-31 06:12:47,Indore,Tier 2,Chronic,1,1406.87,0.00,Completed
ORD-01468,CUST-0524,2025-05-31 07:21:51,Hyderabad,Tier 1,Chronic,1,1766.28,0.00,Completed
ORD-01469,CUST-1132,2025-05-31 09:06:34,Hyderabad,Tier 1,Chronic,1,453.20,73.00,Completed
ORD-01470,CUST-1098,2025-05-31 09:58:06,Jaipur,Tier 2,OTC,0,481.81,48.00,Completed
ORD-01471,CUST-0892,2025-05-31 11:36:18,Indore,Tier 2,OTC,0,293.67,68.00,Completed
ORD-01472,CUST-0561,2025-05-31 12:02:04,Mumbai,Tier 1,OTC,0,273.95,41.00,Refunded
ORD-01473,CUST-0688,2025-05-31 14:01:40,Indore,Tier 2,OTC,0,2155.97,0.00,Completed
ORD-01474,CUST-0962,2025-05-31 16:25:29,Bengaluru,Tier 1,Chronic,1,1759.73,0.00,Completed
ORD-01475,CUST-1160,2025-05-31 17:23:32,Jaipur,Tier 2,Chronic,1,1561.85,0.00,Completed
ORD-01476,CUST-1115,2025-05-31 19:00:48,Indore,Tier 2,Chronic,1,1005.15,0.00,Completed
ORD-01477,CUST-1031,2025-05-31 19:25:26,Hyderabad,Tier 1,OTC,0,1445.88,0.00,Completed
ORD-01478,CUST-0945,2025-06-01 08:34:32,Bengaluru,Tier 1,OTC,0,958.71,0.00,Completed
ORD-01479,CUST-0154,2025-06-01 09:24:30,Hyderabad,Tier 1,OTC,0,1012.44,0.00,Completed
ORD-01480,CUST-0440,2025-06-01 10:56:27,Chennai,Tier 1,Chronic,1,1198.69,0.00,Completed
ORD-01481,CUST-0684,2025-06-01 11:43:35,Bengaluru,Tier 1,Chronic,1,990.97,0.00,Completed
ORD-01482,CUST-0075,2025-06-01 12:51:36,Mumbai,Tier 1,OTC,0,154.81,78.00,Completed
ORD-01483,CUST-0531,2025-06-01 13:57:59,Chennai,Tier 1,OTC,0,818.22,0.00,Completed
ORD-01484,CUST-0102,2025-06-01 18:01:01,Chennai,Tier 1,OTC,0,528.18,0.00,Completed
ORD-01485,CUST-0850,2025-06-01 18:09:30,Indore,Tier 2,OTC,0,1100.45,0.00,Completed
ORD-01486,CUST-0136,2025-06-01 18:32:52,Mumbai,Tier 1,Chronic,1,1459.22,0.00,Completed
ORD-01487,CUST-0178,2025-06-02 00:30:21,Indore,Tier 2,OTC,0,396.17,60.00,Completed
ORD-01488,CUST-0349,2025-06-02 10:19:12,Hyderabad,Tier 1,OTC,0,399.43,48.00,Refunded
ORD-01489,CUST-1120,2025-06-02 10:36:35,Lucknow,Tier 2,OTC,1,302.81,42.00,Completed
ORD-01490,CUST-1121,2025-06-02 10:58:54,Chennai,Tier 1,Chronic,1,4042.58,0.00,Completed
ORD-01491,CUST-0354,2025-06-02 11:43:57,Hyderabad,Tier 1,OTC,1,1563.50,0.00,Completed
ORD-01492,CUST-0825,2025-06-02 13:06:32,Lucknow,Tier 2,Chronic,1,261.45,65.00,Completed
ORD-01493,CUST-0294,2025-06-02 14:25:07,Mumbai,Tier 1,OTC,1,318.90,48.00,Completed
ORD-01494,CUST-1195,2025-06-02 15:57:25,Lucknow,Tier 2,Chronic,1,1024.48,0.00,Completed
ORD-01495,CUST-0776,2025-06-02 16:00:20,Lucknow,Tier 2,Chronic,1,565.42,0.00,Completed
ORD-01496,CUST-0406,2025-06-02 16:10:50,Lucknow,Tier 2,Chronic,1,1083.91,0.00,Cancelled
ORD-01497,CUST-0517,2025-06-02 16:11:10,Delhi,Tier 1,OTC,0,92.58,71.00,Completed
ORD-01498,CUST-1195,2025-06-02 16:23:13,Lucknow,Tier 2,OTC,0,584.48,0.00,Refunded
ORD-01499,CUST-1152,2025-06-02 17:09:00,Lucknow,Tier 2,OTC,0,670.62,0.00,Completed
ORD-01500,CUST-0664,2025-06-02 20:23:44,Mumbai,Tier 1,OTC,0,440.45,61.00,Completed
ORD-01501,CUST-1127,2025-06-02 21:29:01,Hyderabad,Tier 1,OTC,0,1456.21,0.00,Completed
ORD-01502,CUST-0434,2025-06-03 10:23:15,Lucknow,Tier 2,OTC,0,1737.20,0.00,Completed
ORD-01503,CUST-0140,2025-06-03 10:25:19,Mumbai,Tier 1,Chronic,1,3228.08,0.00,Completed
ORD-01504,CUST-1108,2025-06-03 11:53:46,Bengaluru,Tier 1,OTC,0,540.73,0.00,Completed
ORD-01505,CUST-0237,2025-06-03 12:02:25,Bengaluru,Tier 1,Chronic,1,927.71,0.00,Completed
ORD-01506,CUST-0795,2025-06-03 16:17:08,Mumbai,Tier 1,OTC,0,319.00,77.00,Completed
ORD-01506,CUST-0795,2025-06-03 16:17:08,Mumbai,Tier 1,OTC,0,319.00,77.00,Completed
ORD-01507,CUST-0543,2025-06-03 19:21:58,Lucknow,Tier 2,OTC,1,589.19,0.00,Completed
ORD-01508,CUST-0869,2025-06-03 19:46:28,Mumbai,Tier 1,Chronic,1,920.35,0.00,Completed
ORD-01509,CUST-1115,2025-06-03 21:29:49,Indore,Tier 2,Chronic,1,924.60,0.00,Completed
ORD-01510,CUST-0632,2025-06-04 06:44:34,Jaipur,Tier 2,OTC,0,263.37,48.00,Completed
ORD-01511,CUST-1149,2025-06-04 07:39:46,Bengaluru,Tier 1,OTC,0,286.57,42.00,Completed
ORD-01512,CUST-0811,2025-06-04 12:17:28,Mumbai,Tier 1,Chronic,1,2513.78,0.00,Cancelled
ORD-01513,CUST-0533,2025-06-04 15:23:02,Bengaluru,Tier 1,OTC,0,644.49,0.00,Completed
ORD-01514,CUST-0912,2025-06-04 18:10:50,Lucknow,Tier 2,OTC,0,811.25,0.00,Refunded
ORD-01515,CUST-0426,2025-06-04 18:22:42,Jaipur,Tier 2,OTC,0,568.78,0.00,Completed
ORD-01516,CUST-0335,2025-06-04 18:35:15,Mumbai,Tier 1,Chronic,1,900.99,0.00,Completed
ORD-01517,CUST-0183,2025-06-04 19:34:56,Hyderabad,Tier 1,Chronic,1,898.48,0.00,Completed
ORD-01518,CUST-0123,2025-06-04 21:40:19,Mumbai,Tier 1,Chronic,1,3942.84,0.00,Completed
ORD-01519,CUST-0336,2025-06-04 21:57:55,Hyderabad,Tier 1,Chronic,1,1276.38,0.00,Completed
ORD-01520,CUST-0644,2025-06-05 05:28:51,Delhi,Tier 1,OTC,0,2158.90,0.00,Completed
ORD-01521,CUST-0425,2025-06-05 08:34:39,Hyderabad,Tier 1,OTC,0,334.03,68.00,Completed
ORD-01522,CUST-0332,2025-06-05 09:44:57,Delhi,Tier 1,OTC,0,953.55,0.00,Completed
ORD-01523,CUST-0401,2025-06-05 10:59:08,Delhi,Tier 1,OTC,1,415.80,46.00,Completed
ORD-01524,CUST-0804,2025-06-05 11:21:23,Hyderabad,Tier 1,OTC,0,700.82,0.00,Completed
ORD-01525,CUST-0352,2025-06-05 11:42:13,Mumbai,Tier 1,Chronic,1,1423.18,0.00,Completed
ORD-01526,CUST-0148,2025-06-05 12:08:57,Hyderabad,Tier 1,Chronic,1,1279.29,0.00,Completed
ORD-01527,CUST-1149,2025-06-05 13:47:22,Bengaluru,Tier 1,Chronic,1,570.92,0.00,Completed
ORD-01528,CUST-0100,2025-06-05 14:07:55,Indore,Tier 2,Chronic,1,3630.61,0.00,Completed
ORD-01529,CUST-0408,2025-06-05 16:49:10,Lucknow,Tier 2,Chronic,1,1499.93,0.00,Completed
ORD-01530,CUST-0782,2025-06-05 17:59:26,Lucknow,Tier 2,Chronic,1,1610.39,0.00,Completed
ORD-01531,CUST-1200,2025-06-05 18:16:33,Jaipur,Tier 2,OTC,0,917.06,0.00,Completed
ORD-01532,CUST-0843,2025-06-05 19:59:20,Hyderabad,Tier 1,OTC,0,1329.27,0.00,Completed
ORD-01533,CUST-0664,2025-06-05 20:03:27,Mumbai,Tier 1,Chronic,1,1447.73,0.00,Completed
ORD-01534,CUST-0723,2025-06-05 20:11:22,Mumbai,Tier 1,Chronic,1,727.03,0.00,Completed
ORD-01535,CUST-0948,2025-06-05 21:18:12,Lucknow,Tier 2,Chronic,1,427.68,54.00,Completed
ORD-01536,CUST-0478,2025-06-05 21:28:38,Hyderabad,Tier 1,Chronic,1,422.32,64.00,Refunded
ORD-01537,CUST-0538,2025-06-06 07:11:10,Mumbai,Tier 1,OTC,0,582.26,0.00,Completed
ORD-01538,CUST-0983,2025-06-06 11:34:34,Jaipur,Tier 2,Chronic,1,1914.95,0.00,Completed
ORD-01539,CUST-0050,2025-06-06 11:48:11,Mumbai,Tier 1,OTC,1,926.01,0.00,Completed
ORD-01540,CUST-0225,2025-06-06 12:49:23,Delhi,Tier 1,OTC,0,934.36,0.00,Completed
ORD-01541,CUST-0845,2025-06-06 13:20:33,Mumbai,Tier 1,OTC,0,648.81,0.00,Completed
ORD-01542,CUST-0806,2025-06-06 15:06:37,Mumbai,Tier 1,Chronic,1,1037.06,0.00,Completed
ORD-01543,CUST-0561,2025-06-06 18:28:26,Mumbai,Tier 1,OTC,0,688.52,0.00,Completed
ORD-01544,CUST-0349,2025-06-06 18:46:01,Hyderabad,Tier 1,Chronic,1,1185.90,0.00,Completed
ORD-01545,CUST-0837,2025-06-06 19:16:52,Jaipur,Tier 2,OTC,1,734.68,0.00,Completed
ORD-01546,CUST-0318,2025-06-06 19:50:03,Chennai,Tier 1,OTC,0,440.85,60.00,Completed
ORD-01547,CUST-0370,2025-06-06 20:54:24,Lucknow,Tier 2,Chronic,1,910.60,0.00,Completed
ORD-01548,CUST-0811,2025-06-06 20:55:25,Mumbai,Tier 1,Chronic,1,1525.69,0.00,Completed
ORD-01549,CUST-0335,2025-06-06 22:11:19,Mumbai,Tier 1,OTC,0,2066.90,0.00,Completed
ORD-01550,CUST-0873,2025-06-06 22:51:46,Indore,Tier 2,OTC,1,492.90,68.00,Completed
ORD-01551,CUST-0168,2025-06-07 08:01:21,Jaipur,Tier 2,OTC,0,825.88,0.00,Completed
ORD-01552,CUST-0495,2025-06-07 08:06:07,Jaipur,Tier 2,Chronic,1,637.92,0.00,Completed
ORD-01553,CUST-0570,2025-06-07 08:35:28,Hyderabad,Tier 1,OTC,0,1391.39,0.00,Completed
ORD-01554,CUST-1163,2025-06-07 10:27:43,Jaipur,Tier 2,Chronic,1,2935.26,0.00,Completed
ORD-01555,CUST-0671,2025-06-07 15:18:35,Mumbai,Tier 1,OTC,0,510.30,0.00,Completed
ORD-01556,CUST-0367,2025-06-07 16:41:26,Jaipur,Tier 2,Chronic,1,1842.18,0.00,Completed
ORD-01557,CUST-0969,2025-06-07 18:25:31,Hyderabad,Tier 1,Chronic,1,1665.94,0.00,Completed
ORD-01558,CUST-0372,2025-06-07 19:03:18,Delhi,Tier 1,Chronic,1,945.08,0.00,Completed
ORD-01559,CUST-1027,2025-06-07 19:33:13,Indore,Tier 2,OTC,0,210.47,74.00,Completed
ORD-01560,CUST-0954,2025-06-07 20:03:09,Mumbai,Tier 1,Chronic,1,2002.33,0.00,Completed
ORD-01561,CUST-0575,2025-06-07 21:13:04,Lucknow,Tier 2,OTC,0,2202.23,0.00,Completed
ORD-01562,CUST-0445,2025-06-08 08:10:05,Delhi,Tier 1,Chronic,1,2446.23,0.00,Completed
ORD-01563,CUST-0265,2025-06-08 09:47:53,Indore,Tier 2,OTC,0,296.90,71.00,Completed
ORD-01564,CUST-1159,2025-06-08 09:55:09,Bengaluru,Tier 1,OTC,0,502.62,0.00,Completed
ORD-01565,CUST-0288,2025-06-08 11:18:51,Bengaluru,Tier 1,Chronic,1,1854.34,0.00,Completed
ORD-01566,CUST-0091,2025-06-08 15:14:09,Mumbai,Tier 1,Chronic,1,1979.83,0.00,Cancelled
ORD-01567,CUST-0129,2025-06-08 17:59:27,Mumbai,Tier 1,OTC,0,698.56,0.00,Completed
ORD-01568,CUST-0660,2025-06-08 18:17:11,Bengaluru,Tier 1,OTC,0,1028.96,0.00,Completed
ORD-01569,CUST-0051,2025-06-08 20:45:29,Delhi,Tier 1,OTC,1,946.65,0.00,Completed
ORD-01570,CUST-0383,2025-06-08 22:49:58,Jaipur,Tier 2,Chronic,1,990.96,0.00,Refunded
ORD-01571,CUST-1129,2025-06-09 07:18:05,Chennai,Tier 1,Chronic,1,722.03,0.00,Cancelled
ORD-01572,CUST-0997,2025-06-09 08:09:19,Chennai,Tier 1,Chronic,1,957.09,0.00,Completed
ORD-01573,CUST-0940,2025-06-09 09:05:09,Mumbai,Tier 1,OTC,0,458.34,63.00,Completed
ORD-01574,CUST-0297,2025-06-09 10:00:42,Indore,Tier 2,OTC,0,619.43,0.00,Completed
ORD-01575,CUST-0788,2025-06-09 12:46:01,Delhi,Tier 1,OTC,0,1405.66,0.00,Completed
ORD-01576,CUST-0267,2025-06-09 13:41:22,Delhi,Tier 1,OTC,0,182.03,80.00,Completed
ORD-01577,CUST-0235,2025-06-09 20:49:32,Indore,Tier 2,OTC,0,480.87,47.00,Completed
ORD-01578,CUST-0274,2025-06-09 21:49:15,Hyderabad,Tier 1,Chronic,1,1345.20,0.00,Completed
ORD-01579,CUST-0854,2025-06-10 09:34:25,Lucknow,Tier 2,OTC,0,364.17,41.00,Completed
ORD-01580,CUST-0673,2025-06-10 10:29:18,Indore,Tier 2,Chronic,1,1421.40,0.00,Completed
ORD-01581,CUST-0830,2025-06-10 10:40:38,Delhi,Tier 1,Chronic,1,1248.53,0.00,Completed
ORD-01582,CUST-0651,2025-06-10 11:04:33,Bengaluru,Tier 1,Chronic,1,787.85,0.00,Completed
ORD-01583,CUST-0738,2025-06-10 13:45:35,Delhi,Tier 1,OTC,0,445.96,55.00,Refunded
ORD-01584,CUST-0403,2025-06-10 14:06:18,Jaipur,Tier 2,Chronic,1,512.28,0.00,Completed
ORD-01585,CUST-0571,2025-06-10 16:39:39,Delhi,Tier 1,OTC,0,682.83,0.00,Completed
ORD-01586,CUST-0410,2025-06-10 18:04:41,Indore,Tier 2,OTC,0,439.33,46.00,Completed
ORD-01587,CUST-0962,2025-06-10 22:30:18,Bengaluru,Tier 1,Chronic,1,1563.92,0.00,Completed
ORD-01588,CUST-0754,2025-06-11 06:41:30,Bengaluru,Tier 1,OTC,0,986.52,0.00,Completed
ORD-01589,CUST-1106,2025-06-11 09:11:15,Jaipur,Tier 2,Chronic,1,596.07,0.00,Cancelled
ORD-01590,CUST-0547,2025-06-11 12:06:44,Bengaluru,Tier 1,Chronic,1,752.34,0.00,Completed
ORD-01591,CUST-0384,2025-06-11 15:14:59,Bengaluru,Tier 1,OTC,0,1664.74,0.00,Completed
ORD-01592,CUST-0575,2025-06-11 17:22:34,Lucknow,Tier 2,OTC,0,2358.95,0.00,Completed
ORD-01593,CUST-0301,2025-06-11 17:42:25,Jaipur,Tier 2,OTC,1,378.21,73.00,Completed
ORD-01594,CUST-1185,2025-06-11 17:51:50,Mumbai,Tier 1,Chronic,1,832.24,0.00,Completed
ORD-01595,CUST-1010,2025-06-11 18:18:37,Bengaluru,Tier 1,Chronic,1,1483.21,0.00,Completed
ORD-01596,CUST-0771,2025-06-11 18:19:27,Delhi,Tier 1,OTC,0,636.81,0.00,Refunded
ORD-01597,CUST-1106,2025-06-12 08:49:49,Jaipur,Tier 2,Chronic,1,1684.70,0.00,Cancelled
ORD-01598,CUST-1073,2025-06-12 10:16:09,Bengaluru,Tier 1,OTC,0,194.07,66.00,Completed
ORD-01599,CUST-0065,2025-06-12 11:28:37,Chennai,Tier 1,Chronic,1,2020.44,0.00,Completed
ORD-01600,CUST-0184,2025-06-12 13:32:06,Delhi,Tier 1,Chronic,1,2575.27,0.00,Completed
ORD-01601,CUST-0011,2025-06-12 13:40:00,Bengaluru,Tier 1,Chronic,1,793.24,0.00,Completed
ORD-01602,CUST-0620,2025-06-12 14:22:48,Mumbai,Tier 1,Chronic,1,896.44,0.00,Completed
ORD-01603,CUST-1059,2025-06-12 16:41:49,Hyderabad,Tier 1,Chronic,1,1402.19,0.00,Completed
ORD-01604,CUST-0610,2025-06-12 16:48:19,Bengaluru,Tier 1,OTC,0,496.57,78.00,Completed
ORD-01605,CUST-0493,2025-06-12 17:04:46,Chennai,Tier 1,OTC,0,794.16,0.00,Completed
ORD-01606,CUST-0046,2025-06-12 17:15:30,Jaipur,Tier 2,OTC,0,988.66,0.00,Completed
ORD-01607,CUST-0870,2025-06-12 17:33:24,Delhi,Tier 1,Chronic,1,851.84,0.00,Completed
ORD-01608,CUST-1038,2025-06-12 20:52:39,Bengaluru,Tier 1,Chronic,1,790.10,0.00,Completed
ORD-01609,CUST-0469,2025-06-12 22:26:26,Mumbai,Tier 1,Chronic,1,1207.27,0.00,Completed
ORD-01610,CUST-1064,2025-06-12 23:57:25,Chennai,Tier 1,OTC,0,820.74,0.00,Completed
ORD-01611,CUST-0187,2025-06-13 06:29:39,Bengaluru,Tier 1,Chronic,1,617.26,0.00,Completed
ORD-01612,CUST-0290,2025-06-13 10:26:46,Mumbai,Tier 1,Chronic,1,298.44,58.00,Completed
ORD-01613,CUST-0758,2025-06-13 11:10:59,Indore,Tier 2,Chronic,1,1539.51,0.00,Completed
ORD-01614,CUST-0550,2025-06-13 11:18:12,Bengaluru,Tier 1,OTC,0,162.96,48.00,Completed
ORD-01615,CUST-0549,2025-06-13 11:22:24,Jaipur,Tier 2,OTC,0,855.10,0.00,Completed
ORD-01616,CUST-0091,2025-06-13 12:17:02,Mumbai,Tier 1,Chronic,1,1438.93,0.00,Cancelled
ORD-01617,CUST-0241,2025-06-13 13:31:06,Jaipur,Tier 2,Chronic,1,892.51,0.00,Completed
ORD-01618,CUST-0626,2025-06-13 13:35:06,Bengaluru,Tier 1,OTC,1,816.60,0.00,Completed
ORD-01619,CUST-0816,2025-06-13 15:51:42,Lucknow,Tier 2,Chronic,1,1941.09,0.00,Completed
ORD-01620,CUST-0310,2025-06-13 19:14:41,Mumbai,Tier 1,Chronic,1,1815.20,0.00,Completed
ORD-01621,CUST-0824,2025-06-13 21:40:05,Chennai,Tier 1,Chronic,1,1463.64,0.00,Completed
ORD-01622,CUST-0532,2025-06-13 21:55:57,Chennai,Tier 1,Chronic,1,832.73,0.00,Completed
ORD-01623,CUST-0778,2025-06-13 22:07:32,Mumbai,Tier 1,Chronic,1,1993.16,0.00,Cancelled
ORD-01624,CUST-0799,2025-06-14 09:51:30,Chennai,Tier 1,Chronic,1,1103.61,0.00,Completed
ORD-01625,CUST-0794,2025-06-14 10:25:09,Mumbai,Tier 1,OTC,1,899.99,0.00,Refunded
ORD-01626,CUST-0723,2025-06-14 10:34:58,Mumbai,Tier 1,Chronic,1,538.14,0.00,Completed
ORD-01627,CUST-1188,2025-06-14 10:36:50,Indore,Tier 2,Chronic,1,1482.02,0.00,Cancelled
ORD-01628,CUST-0190,2025-06-14 11:57:07,Delhi,Tier 1,OTC,1,1190.64,0.00,Completed
ORD-01629,CUST-1196,2025-06-14 12:52:37,Delhi,Tier 1,Chronic,1,1071.20,0.00,Completed
ORD-01630,CUST-0242,2025-06-14 14:57:12,Jaipur,Tier 2,OTC,0,427.04,44.00,Completed
ORD-01631,CUST-1050,2025-06-14 17:31:36,Delhi,Tier 1,OTC,0,615.84,0.00,Completed
ORD-01632,CUST-0805,2025-06-14 17:44:04,Mumbai,Tier 1,OTC,0,946.33,0.00,Completed
ORD-01633,CUST-0469,2025-06-14 19:34:13,Mumbai,Tier 1,OTC,1,1478.02,0.00,Completed
ORD-01634,CUST-1103,2025-06-14 21:03:07,Jaipur,Tier 2,Chronic,1,719.07,0.00,Cancelled
ORD-01635,CUST-0182,2025-06-15 09:44:25,Lucknow,Tier 2,Chronic,1,805.15,0.00,Completed
ORD-01636,CUST-1077,2025-06-15 10:29:14,Hyderabad,Tier 1,OTC,0,601.89,0.00,Completed
ORD-01637,CUST-1172,2025-06-15 11:56:23,Jaipur,Tier 2,Chronic,1,591.42,0.00,Completed
ORD-01638,CUST-0626,2025-06-15 14:41:59,Bengaluru,Tier 1,OTC,0,245.43,60.00,Completed
ORD-01639,CUST-0812,2025-06-15 15:50:14,Mumbai,Tier 1,Chronic,1,1146.23,0.00,Completed
ORD-01640,CUST-1194,2025-06-15 16:38:16,Indore,Tier 2,Chronic,1,982.02,0.00,Refunded
ORD-01641,CUST-0177,2025-06-15 18:38:24,Bengaluru,Tier 1,Chronic,1,931.49,0.00,Completed
ORD-01642,CUST-0300,2025-06-15 18:56:10,Chennai,Tier 1,Chronic,1,411.16,66.00,Completed
ORD-01643,CUST-0202,2025-06-15 19:02:59,Indore,Tier 2,Chronic,1,850.45,0.00,Completed
ORD-01644,CUST-0849,2025-06-15 19:13:11,Mumbai,Tier 1,Chronic,1,1558.69,0.00,Cancelled
ORD-01645,CUST-1022,2025-06-15 20:28:18,Jaipur,Tier 2,OTC,0,512.07,0.00,Completed
ORD-01646,CUST-0549,2025-06-15 20:52:32,Jaipur,Tier 2,OTC,0,592.95,0.00,Completed
ORD-01647,CUST-0613,2025-06-16 05:45:54,Indore,Tier 2,OTC,0,348.41,56.00,Cancelled
ORD-01648,CUST-0219,2025-06-16 07:38:42,Indore,Tier 2,OTC,0,721.15,0.00,Completed
ORD-01649,CUST-0349,2025-06-16 07:56:40,Hyderabad,Tier 1,OTC,0,2243.81,0.00,Completed
ORD-01650,CUST-0811,2025-06-16 10:03:24,Mumbai,Tier 1,OTC,0,435.50,69.00,Completed
ORD-01651,CUST-0414,2025-06-16 10:37:23,Lucknow,Tier 2,Chronic,1,1752.67,0.00,Completed
ORD-01652,CUST-0175,2025-06-16 11:46:00,Mumbai,Tier 1,OTC,0,332.19,40.00,Completed
ORD-01653,CUST-0164,2025-06-16 12:07:55,Mumbai,Tier 1,Chronic,1,459.68,61.00,Completed
ORD-01654,CUST-0485,2025-06-16 12:10:29,Mumbai,Tier 1,OTC,0,776.68,0.00,Completed
ORD-01655,CUST-0230,2025-06-16 13:07:19,Mumbai,Tier 1,Chronic,1,826.36,0.00,Completed
ORD-01656,CUST-0081,2025-06-16 13:28:50,Chennai,Tier 1,OTC,0,571.79,0.00,Completed
ORD-01657,CUST-0954,2025-06-16 13:29:11,Mumbai,Tier 1,OTC,0,929.78,0.00,Completed
ORD-01658,CUST-0265,2025-06-16 13:53:17,Indore,Tier 2,OTC,1,533.69,0.00,Completed
ORD-01659,CUST-0465,2025-06-16 13:57:58,Hyderabad,Tier 1,OTC,0,476.49,72.00,Completed
ORD-01660,CUST-0426,2025-06-16 17:42:11,Jaipur,Tier 2,OTC,0,687.40,0.00,Cancelled
ORD-01661,CUST-0560,2025-06-16 20:00:50,Bengaluru,Tier 1,Chronic,1,977.63,0.00,Completed
ORD-01662,CUST-0258,2025-06-16 20:07:24,Mumbai,Tier 1,OTC,0,833.01,0.00,Completed
ORD-01663,CUST-0045,2025-06-16 20:26:16,Lucknow,Tier 2,OTC,0,946.05,0.00,Cancelled
ORD-01664,CUST-0376,2025-06-17 11:39:15,Mumbai,Tier 1,Chronic,1,1585.93,0.00,Completed
ORD-01665,CUST-0300,2025-06-17 11:45:42,Chennai,Tier 1,Chronic,1,1864.68,0.00,Completed
ORD-01666,CUST-0708,2025-06-17 12:07:30,Jaipur,Tier 2,Chronic,1,2015.32,0.00,Completed
ORD-01667,CUST-0125,2025-06-17 13:16:39,Mumbai,Tier 1,OTC,0,1378.53,0.00,Refunded
ORD-01668,CUST-0029,2025-06-17 14:44:55,Mumbai,Tier 1,Chronic,1,574.53,0.00,Completed
ORD-01669,CUST-0639,2025-06-17 15:59:35,Jaipur,Tier 2,Chronic,1,1610.06,0.00,Completed
ORD-01670,CUST-0688,2025-06-17 17:08:22,Indore,Tier 2,OTC,0,1296.56,0.00,Refunded
ORD-01671,CUST-0366,2025-06-17 19:34:49,Bengaluru,Tier 1,OTC,0,505.42,0.00,Cancelled
ORD-01672,CUST-0214,2025-06-17 20:46:26,Jaipur,Tier 2,Chronic,1,865.81,0.00,Completed
ORD-01673,CUST-1034,2025-06-17 22:47:17,Lucknow,Tier 2,Chronic,1,582.29,0.00,Completed
ORD-01674,CUST-0103,2025-06-17 22:58:37,Delhi,Tier 1,OTC,0,748.73,0.00,Completed
ORD-01675,CUST-0111,2025-06-18 06:59:33,Bengaluru,Tier 1,OTC,0,688.22,0.00,Completed
ORD-01676,CUST-0925,2025-06-18 10:57:16,Mumbai,Tier 1,Chronic,1,414.83,47.00,Completed
ORD-01677,CUST-1023,2025-06-18 11:30:49,Indore,Tier 2,OTC,0,705.78,0.00,Completed
ORD-01678,CUST-0824,2025-06-18 18:05:53,Chennai,Tier 1,OTC,0,969.76,0.00,Completed
ORD-01679,CUST-0334,2025-06-18 18:42:24,Lucknow,Tier 2,OTC,0,231.23,50.00,Completed
ORD-01680,CUST-0734,2025-06-18 20:36:06,Bengaluru,Tier 1,OTC,0,535.43,0.00,Completed
ORD-01681,CUST-0161,2025-06-18 23:10:16,Mumbai,Tier 1,Chronic,1,848.79,0.00,Cancelled
ORD-01682,CUST-1185,2025-06-18 23:47:04,Mumbai,Tier 1,OTC,0,516.60,0.00,Completed
ORD-01683,CUST-1056,2025-06-19 07:12:25,Chennai,Tier 1,OTC,0,332.06,79.00,Completed
ORD-01684,CUST-0373,2025-06-19 10:32:40,Bengaluru,Tier 1,OTC,0,524.56,0.00,Cancelled
ORD-01685,CUST-1070,2025-06-19 11:08:27,Bengaluru,Tier 1,Chronic,1,1873.51,0.00,Completed
ORD-01686,CUST-0964,2025-06-19 11:37:11,Mumbai,Tier 1,Chronic,1,1061.21,0.00,Completed
ORD-01687,CUST-0570,2025-06-19 14:32:30,Hyderabad,Tier 1,OTC,0,133.62,48.00,Refunded
ORD-01688,CUST-0543,2025-06-19 15:06:30,Lucknow,Tier 2,Chronic,1,300.40,41.00,Completed
ORD-01689,CUST-0002,2025-06-19 16:22:33,Bengaluru,Tier 1,OTC,0,426.20,41.00,Completed
ORD-01689,CUST-0002,2025-06-19 16:22:33,Indore,Tier 1,OTC,0,583.89,41.00,Completed
ORD-01690,CUST-0793,2025-06-19 17:21:48,Delhi,Tier 1,OTC,0,864.34,0.00,Completed
ORD-01691,CUST-0010,2025-06-19 18:21:33,Bengaluru,Tier 1,OTC,0,428.15,61.00,Completed
ORD-01692,CUST-1051,2025-06-19 18:52:08,,,Chronic,1,860.93,0.00,Cancelled
ORD-01693,CUST-1179,2025-06-19 19:16:52,Delhi,Tier 1,OTC,1,300.65,63.00,Completed
ORD-01694,CUST-0141,2025-06-19 20:32:52,Bengaluru,Tier 1,OTC,1,2193.07,0.00,Completed
ORD-01695,CUST-1062,2025-06-19 20:55:56,Hyderabad,Tier 1,Chronic,1,1529.89,0.00,Completed
ORD-01696,CUST-0760,2025-06-19 21:06:22,Bengaluru,Tier 1,OTC,0,272.87,64.00,Completed
ORD-01697,CUST-0091,2025-06-20 03:33:13,Mumbai,Tier 1,Chronic,1,895.47,0.00,Completed
ORD-01698,CUST-0088,2025-06-20 06:06:47,Bengaluru,Tier 1,OTC,0,1041.42,0.00,Completed
ORD-01699,CUST-0328,2025-06-20 08:15:30,Hyderabad,Tier 1,Chronic,1,600.57,0.00,Completed
ORD-01700,CUST-0002,2025-06-20 09:08:47,Bengaluru,Tier 1,Chronic,1,928.42,0.00,Completed
ORD-01701,CUST-1056,2025-06-20 09:18:44,Chennai,Tier 1,OTC,0,294.65,47.00,Completed
ORD-01702,CUST-0007,2025-06-20 10:25:30,Jaipur,Tier 2,OTC,0,742.22,0.00,Completed
ORD-01703,CUST-0575,2025-06-20 11:01:57,Lucknow,Tier 2,Chronic,1,889.67,0.00,Completed
ORD-01704,CUST-0374,2025-06-20 11:49:12,Delhi,Tier 1,OTC,0,817.66,0.00,Completed
ORD-01705,CUST-0950,2025-06-20 12:11:23,Delhi,Tier 1,OTC,0,1168.36,0.00,Completed
ORD-01706,CUST-1061,2025-06-20 12:47:43,Indore,Tier 2,OTC,0,527.90,0.00,Completed
ORD-01707,CUST-0517,2025-06-20 15:41:24,Delhi,Tier 1,OTC,0,1199.18,0.00,Completed
ORD-01708,CUST-1134,2025-06-20 16:53:05,Chennai,Tier 1,Chronic,1,1586.27,0.00,Completed
ORD-01709,CUST-0413,2025-06-20 17:37:25,Mumbai,Tier 1,Chronic,1,974.04,0.00,Completed
ORD-01710,CUST-0300,2025-06-20 20:16:47,Chennai,Tier 1,Chronic,1,925.39,0.00,Completed
ORD-01711,CUST-0699,2025-06-21 09:28:57,Chennai,Tier 1,OTC,0,659.20,0.00,Completed
ORD-01712,CUST-0548,2025-06-21 09:48:25,Mumbai,Tier 1,OTC,0,435.27,42.00,Completed
ORD-01713,CUST-0510,2025-06-21 10:28:30,Mumbai,Tier 1,OTC,0,1314.71,0.00,Completed
ORD-01714,CUST-0524,2025-06-21 10:31:59,Hyderabad,Tier 1,Chronic,1,1660.08,0.00,Cancelled
ORD-01715,CUST-0460,2025-06-21 11:13:23,Chennai,Tier 1,OTC,0,1473.97,0.00,Completed
ORD-01716,CUST-1039,2025-06-21 11:28:04,Bengaluru,Tier 1,Chronic,1,310.62,71.00,Completed
ORD-01717,CUST-0518,2025-06-21 11:49:28,Jaipur,Tier 2,Chronic,1,1295.86,0.00,Completed
ORD-01718,CUST-0782,2025-06-21 11:53:29,Lucknow,Tier 2,Chronic,1,451.93,51.00,Completed
ORD-01719,CUST-0923,2025-06-21 13:24:04,Hyderabad,Tier 1,Chronic,1,6780.55,0.00,Completed
ORD-01720,CUST-0784,2025-06-21 13:58:43,Hyderabad,Tier 1,OTC,0,483.74,69.00,Completed
ORD-01721,CUST-0837,2025-06-21 15:40:38,Jaipur,Tier 2,Chronic,1,3023.16,0.00,Completed
ORD-01722,CUST-0469,2025-06-21 17:57:03,Mumbai,Tier 1,Chronic,1,534.35,0.00,Completed
ORD-01723,CUST-0877,2025-06-21 18:36:52,Bengaluru,Tier 1,OTC,0,902.93,0.00,Completed
ORD-01724,CUST-1022,2025-06-21 18:46:31,Jaipur,Tier 2,Chronic,1,636.82,0.00,Completed
ORD-01725,CUST-0148,2025-06-21 19:39:49,Hyderabad,Tier 1,OTC,0,597.94,0.00,Completed
ORD-01726,CUST-1008,2025-06-21 20:42:57,Delhi,Tier 1,OTC,0,1482.82,0.00,Completed
ORD-01727,CUST-0811,2025-06-21 21:46:48,Mumbai,Tier 1,OTC,1,497.72,65.00,Completed
ORD-01728,CUST-0869,2025-06-22 10:52:02,Mumbai,Tier 1,Chronic,1,1351.43,0.00,Completed
ORD-01729,CUST-0691,2025-06-22 12:31:35,Delhi,Tier 1,Chronic,1,1168.66,0.00,Completed
ORD-01730,CUST-0060,2025-06-22 12:58:12,Mumbai,Tier 1,Chronic,1,690.04,0.00,Completed
ORD-01731,CUST-0892,2025-06-22 13:12:33,Indore,Tier 2,Chronic,1,715.17,0.00,Completed
ORD-01732,CUST-0230,2025-06-22 13:29:07,Mumbai,Tier 1,Chronic,1,332.85,40.00,Completed
ORD-01733,CUST-0373,2025-06-22 13:31:46,Bengaluru,Tier 1,Chronic,1,353.52,58.00,Completed
ORD-01734,CUST-1140,2025-06-22 17:49:04,Chennai,Tier 1,Chronic,1,582.16,0.00,Completed
ORD-01735,CUST-0789,2025-06-22 18:50:30,Jaipur,Tier 2,Chronic,1,917.16,0.00,Completed
ORD-01736,CUST-0005,2025-06-22 19:17:31,Mumbai,Tier 1,OTC,0,2357.07,0.00,Completed
ORD-01737,CUST-0710,2025-06-22 21:01:05,Bengaluru,Tier 1,OTC,0,266.72,74.00,Completed
ORD-01738,CUST-0146,2025-06-22 21:27:48,Delhi,Tier 1,Chronic,1,824.88,0.00,Completed
ORD-01739,CUST-0873,2025-06-22 21:28:50,Indore,Tier 2,Chronic,1,1192.73,0.00,Completed
ORD-01740,CUST-1144,2025-06-22 21:44:30,Jaipur,Tier 2,Chronic,1,655.47,0.00,Completed
ORD-01741,CUST-0175,2025-06-22 21:44:40,Mumbai,Tier 1,OTC,0,248.46,62.00,Completed
ORD-01742,CUST-0336,2025-06-23 07:20:28,Hyderabad,Tier 1,Chronic,1,1788.01,0.00,Completed
ORD-01743,CUST-0021,2025-06-23 11:35:19,Jaipur,Tier 2,OTC,0,1956.91,0.00,Completed
ORD-01744,CUST-1166,2025-06-23 11:57:31,Lucknow,Tier 2,Chronic,1,856.40,0.00,Completed
ORD-01745,CUST-0494,2025-06-23 13:58:13,Delhi,Tier 1,Chronic,1,691.60,0.00,Completed
ORD-01746,CUST-0290,2025-06-23 15:17:26,Mumbai,Tier 1,Chronic,1,2420.48,0.00,Completed
ORD-01747,CUST-0121,2025-06-23 16:22:48,Hyderabad,Tier 1,OTC,0,803.14,0.00,Completed
ORD-01748,CUST-0043,2025-06-23 17:22:03,Chennai,Tier 1,OTC,0,991.29,0.00,Completed
ORD-01749,CUST-0759,2025-06-23 17:33:17,Mumbai,Tier 1,OTC,0,651.89,0.00,Completed
ORD-01750,CUST-0062,2025-06-23 18:37:25,Bengaluru,Tier 1,Chronic,1,1776.59,0.00,Completed
ORD-01751,CUST-0395,2025-06-23 20:06:39,Mumbai,Tier 1,Chronic,1,672.98,0.00,Completed
ORD-01752,CUST-1172,2025-06-23 21:54:03,Jaipur,Tier 2,OTC,0,722.23,0.00,Completed
ORD-01753,CUST-0730,2025-06-24 04:48:49,Hyderabad,Tier 1,Chronic,1,1955.15,0.00,Completed
ORD-01754,CUST-1173,2025-06-24 09:01:41,Delhi,Tier 1,OTC,0,514.52,0.00,Completed
ORD-01755,CUST-0140,2025-06-24 09:18:47,Mumbai,Tier 1,OTC,1,245.45,68.00,Refunded
ORD-01756,CUST-0144,2025-06-24 09:28:53,Hyderabad,Tier 1,OTC,0,648.03,0.00,Completed
ORD-01757,CUST-0790,2025-06-24 10:29:50,Hyderabad,Tier 1,OTC,0,258.03,56.00,Cancelled
ORD-01758,CUST-1193,2025-06-24 11:29:09,Lucknow,Tier 2,OTC,0,1537.33,0.00,Completed
ORD-01759,CUST-0950,2025-06-24 11:54:34,Delhi,Tier 1,OTC,0,2507.55,0.00,Completed
ORD-01760,CUST-0628,2025-06-24 12:21:23,Mumbai,Tier 1,OTC,0,647.68,0.00,Completed
ORD-01761,CUST-0545,2025-06-24 12:23:15,Mumbai,Tier 1,OTC,0,249.36,75.00,Completed
ORD-01762,CUST-0638,2025-06-24 12:41:07,Chennai,Tier 1,Chronic,1,1304.91,0.00,Cancelled
ORD-01763,CUST-0951,2025-06-24 14:02:03,Hyderabad,Tier 1,OTC,0,838.43,0.00,Completed
ORD-01764,CUST-0413,2025-06-24 16:03:24,Mumbai,Tier 1,OTC,0,716.23,0.00,Completed
ORD-01765,CUST-0766,2025-06-24 16:35:14,Mumbai,Tier 1,Chronic,1,906.01,0.00,Completed
ORD-01766,CUST-0109,2025-06-24 17:06:18,Mumbai,Tier 1,OTC,0,287.79,47.00,Completed
ORD-01767,CUST-0230,2025-06-24 17:12:43,Mumbai,Tier 1,Chronic,1,1180.33,0.00,Refunded
ORD-01768,CUST-0419,2025-06-24 19:01:02,Delhi,Tier 1,OTC,0,683.76,0.00,Completed
ORD-01769,CUST-0078,2025-06-24 19:04:20,Chennai,Tier 1,OTC,0,376.40,71.00,Completed
ORD-01770,CUST-0397,2025-06-24 19:09:50,Jaipur,Tier 2,OTC,0,525.23,0.00,Refunded
ORD-01771,CUST-0959,2025-06-24 19:35:58,Bengaluru,Tier 1,OTC,0,208.99,80.00,Completed
ORD-01772,CUST-0882,2025-06-25 09:09:22,Hyderabad,Tier 1,Chronic,1,1173.00,0.00,Cancelled
ORD-01773,CUST-0244,2025-06-25 09:19:40,Hyderabad,Tier 1,Chronic,1,720.16,0.00,Completed
ORD-01774,CUST-0139,2025-06-25 10:02:45,Jaipur,Tier 2,OTC,0,641.59,0.00,Completed
ORD-01775,CUST-0504,2025-06-25 10:21:18,Hyderabad,Tier 1,OTC,0,383.96,57.00,Completed
ORD-01776,CUST-0639,2025-06-25 11:18:17,Jaipur,Tier 2,OTC,0,312.67,40.00,Refunded
ORD-01777,CUST-0214,2025-06-25 11:57:36,Jaipur,Tier 2,OTC,0,628.87,0.00,Completed
ORD-01778,CUST-0187,2025-06-25 13:51:08,Bengaluru,Tier 1,OTC,0,355.48,73.00,Completed
ORD-01779,CUST-0826,2025-06-25 14:09:06,Mumbai,Tier 1,OTC,0,403.30,62.00,Completed
ORD-01780,CUST-0319,2025-06-25 15:00:47,Delhi,Tier 1,OTC,1,195.00,62.00,Completed
ORD-01780,CUST-0319,2025-06-25 15:00:47,Delhi,Tier 1,OTC,1,195.00,62.00,Completed
ORD-01781,CUST-0265,2025-06-25 16:39:39,Indore,Tier 2,OTC,0,309.75,73.00,Completed
ORD-01782,CUST-0535,2025-06-25 17:39:13,Mumbai,Tier 1,OTC,0,1798.39,0.00,Completed
ORD-01783,CUST-1011,2025-06-25 17:59:37,Chennai,Tier 1,OTC,0,162.93,60.00,Completed
ORD-01784,CUST-0739,2025-06-25 19:18:58,Bengaluru,Tier 1,OTC,0,561.25,0.00,Completed
ORD-01785,CUST-0258,2025-06-25 19:38:55,Mumbai,Tier 1,OTC,0,759.85,0.00,Completed
ORD-01786,CUST-0926,2025-06-25 20:32:08,Delhi,Tier 1,OTC,0,564.99,0.00,Completed
ORD-01787,CUST-0450,2025-06-25 20:56:24,Hyderabad,Tier 1,OTC,0,415.19,79.00,Completed
ORD-01788,CUST-0266,2025-06-25 21:03:52,Mumbai,Tier 1,Chronic,1,1800.70,0.00,Completed
ORD-01789,CUST-0612,2025-06-26 07:22:55,Chennai,Tier 1,OTC,0,999.80,0.00,Refunded
ORD-01790,CUST-0929,2025-06-26 07:33:57,Hyderabad,Tier 1,OTC,0,208.27,60.00,Completed
ORD-01791,CUST-0606,2025-06-26 11:30:23,Jaipur,Tier 2,Chronic,1,776.95,0.00,Completed
ORD-01792,CUST-0065,2025-06-26 16:24:03,Chennai,Tier 1,Chronic,1,1101.96,0.00,Completed
ORD-01793,CUST-0384,2025-06-26 17:33:35,Bengaluru,Tier 1,Chronic,1,801.99,0.00,Completed
ORD-01794,CUST-0652,2025-06-26 18:17:39,Lucknow,Tier 2,OTC,0,807.98,0.00,Completed
ORD-01795,CUST-0778,2025-06-26 20:30:20,Mumbai,Tier 1,OTC,0,465.71,47.00,Completed
ORD-01796,CUST-1153,2025-06-26 20:57:52,Mumbai,Tier 1,OTC,0,636.91,0.00,Completed
ORD-01797,CUST-0582,2025-06-27 11:24:33,Hyderabad,Tier 1,Chronic,1,1593.29,0.00,Completed
ORD-01798,CUST-0302,2025-06-27 11:31:10,Mumbai,Tier 1,OTC,0,432.15,59.00,Completed
ORD-01799,CUST-1057,2025-06-27 12:14:17,Lucknow,Tier 2,Chronic,1,502.79,0.00,Completed
ORD-01800,CUST-1190,2025-06-27 13:36:16,Chennai,Tier 1,OTC,0,732.05,0.00,Completed
ORD-01801,CUST-0656,2025-06-27 14:06:28,Delhi,Tier 1,OTC,0,77.06,59.00,Completed
ORD-01802,CUST-0495,2025-06-27 17:07:43,Jaipur,Tier 2,Chronic,1,805.48,0.00,Completed
ORD-01803,CUST-0536,2025-06-27 17:37:11,Delhi,Tier 1,Chronic,1,1115.89,0.00,Completed
ORD-01804,CUST-0016,2025-06-27 17:45:37,Delhi,Tier 1,OTC,0,376.76,77.00,Completed
ORD-01805,CUST-0499,2025-06-27 17:45:43,Bengaluru,Tier 1,Chronic,1,1786.70,0.00,Completed
ORD-01806,CUST-0723,2025-06-27 18:09:10,Mumbai,Tier 1,Chronic,1,776.97,0.00,Completed
ORD-01807,CUST-0394,2025-06-28 05:08:26,Chennai,Tier 1,OTC,0,633.24,0.00,Completed
ORD-01808,CUST-0812,2025-06-28 09:06:51,Mumbai,Tier 1,Chronic,1,2939.52,0.00,Completed
ORD-01809,CUST-0963,2025-06-28 09:28:44,Mumbai,Tier 1,Chronic,1,1280.16,0.00,Completed
ORD-01810,CUST-0959,2025-06-28 10:39:53,Bengaluru,Tier 1,OTC,0,218.53,75.00,Completed
ORD-01811,CUST-0569,2025-06-28 10:59:33,Bengaluru,Tier 1,Chronic,1,3141.16,0.00,Completed
ORD-01812,CUST-0055,2025-06-28 12:04:20,Chennai,Tier 1,Chronic,1,1407.53,0.00,Completed
ORD-01813,CUST-0791,2025-06-28 12:09:06,Delhi,Tier 1,Chronic,1,1287.64,0.00,Completed
ORD-01814,CUST-1132,2025-06-28 13:51:04,Hyderabad,Tier 1,OTC,0,1044.96,0.00,Completed
ORD-01815,CUST-0620,2025-06-28 14:44:13,Mumbai,Tier 1,Chronic,1,620.17,0.00,Cancelled
ORD-01816,CUST-0267,2025-06-28 15:30:36,Delhi,Tier 1,OTC,0,817.58,0.00,Completed
ORD-01817,CUST-0624,2025-06-28 18:28:07,Bengaluru,Tier 1,Chronic,1,2082.20,0.00,Completed
ORD-01818,CUST-0823,2025-06-28 20:56:57,Delhi,Tier 1,Chronic,1,3570.84,0.00,Completed
ORD-01819,CUST-1034,2025-06-28 22:23:00,Lucknow,Tier 2,OTC,0,354.86,70.00,Completed
ORD-01820,CUST-0652,2025-06-29 07:11:08,Lucknow,Tier 2,Chronic,1,1816.78,0.00,Completed
ORD-01821,CUST-0183,2025-06-29 09:26:45,Hyderabad,Tier 1,OTC,0,703.40,0.00,Completed
ORD-01822,CUST-0091,2025-06-29 11:48:21,Mumbai,Tier 1,OTC,0,432.78,51.00,Completed
ORD-01823,CUST-0878,2025-06-29 12:00:36,Delhi,Tier 1,Chronic,1,1342.38,0.00,Completed
ORD-01824,CUST-0680,2025-06-29 13:01:57,Bengaluru,Tier 1,OTC,0,1177.95,0.00,Refunded
ORD-01825,CUST-0055,2025-06-29 16:29:23,Chennai,Tier 1,Chronic,1,1282.03,0.00,Completed
ORD-01826,CUST-0903,2025-06-29 17:05:19,Mumbai,Tier 1,OTC,0,1442.61,0.00,Completed
ORD-01827,CUST-0275,2025-06-29 19:15:16,Chennai,Tier 1,Chronic,1,1196.38,0.00,Completed
ORD-01828,CUST-0032,2025-06-29 19:25:17,Indore,Tier 2,Chronic,1,813.79,0.00,Completed
ORD-01829,CUST-0890,2025-06-29 19:38:26,Chennai,Tier 1,OTC,0,521.40,0.00,Completed
ORD-01830,CUST-0461,2025-06-29 22:21:49,Hyderabad,Tier 1,Chronic,1,440.97,67.00,Completed
ORD-01831,CUST-0174,2025-06-30 03:52:37,Indore,Tier 2,Chronic,1,803.28,0.00,Completed
ORD-01832,CUST-0055,2025-06-30 11:26:03,Chennai,Tier 1,OTC,0,1287.18,0.00,Completed
ORD-01833,CUST-0641,2025-06-30 15:21:11,Jaipur,Tier 2,Chronic,1,1554.37,0.00,Completed
ORD-01834,CUST-0806,2025-06-30 17:59:12,Mumbai,Tier 1,Chronic,1,839.09,0.00,Completed
ORD-01835,CUST-0657,2025-06-30 22:16:26,Lucknow,Tier 2,Chronic,1,1004.02,0.00,Completed
ORD-01836,CUST-0241,2025-07-01 07:55:59,Jaipur,Tier 2,OTC,1,318.34,80.00,Completed
ORD-01837,CUST-1028,2025-07-01 09:14:48,Bengaluru,Tier 1,OTC,0,256.55,75.00,Cancelled
ORD-01838,CUST-0549,2025-07-01 10:18:32,Jaipur,Tier 2,Chronic,1,706.42,0.00,Completed
ORD-01839,CUST-0902,2025-07-01 11:42:03,Delhi,Tier 1,Chronic,1,1625.39,0.00,Completed
ORD-01840,CUST-0575,2025-07-01 12:42:22,Lucknow,Tier 2,Chronic,1,902.78,0.00,Completed
ORD-01841,CUST-0554,2025-07-01 14:12:54,Lucknow,Tier 2,OTC,0,748.04,0.00,Completed
ORD-01842,CUST-0461,2025-07-01 16:08:47,Hyderabad,Tier 1,Chronic,1,1257.39,0.00,Completed
ORD-01843,CUST-0083,2025-07-01 16:45:48,Jaipur,Tier 2,OTC,0,1092.00,0.00,Completed
ORD-01844,CUST-0533,2025-07-01 22:15:37,Bengaluru,Tier 1,OTC,0,609.90,0.00,Completed
ORD-01845,CUST-0548,2025-07-01 22:49:57,Mumbai,Tier 1,OTC,0,446.99,78.00,Completed
ORD-01846,CUST-0968,2025-07-02 02:31:03,Mumbai,Tier 1,Chronic,1,684.10,0.00,Completed
ORD-01847,CUST-0369,2025-07-02 06:10:34,Delhi,Tier 1,OTC,0,1479.32,0.00,Refunded
ORD-01848,CUST-0788,2025-07-02 08:43:40,Delhi,Tier 1,Chronic,1,905.76,0.00,Completed
ORD-01849,CUST-1200,2025-07-02 09:09:56,Jaipur,Tier 2,Chronic,1,511.75,0.00,Completed
ORD-01850,CUST-0928,2025-07-02 09:39:32,Lucknow,Tier 2,OTC,0,1004.74,0.00,Completed
ORD-01851,CUST-0788,2025-07-02 10:20:38,Delhi,Tier 1,OTC,0,457.72,69.00,Completed
ORD-01852,CUST-0558,2025-07-02 11:18:10,Bengaluru,Tier 1,Chronic,1,948.68,0.00,Completed
ORD-01853,CUST-0560,2025-07-02 11:40:35,Bengaluru,Tier 1,Chronic,1,1933.32,0.00,Completed
ORD-01854,CUST-0853,2025-07-02 11:45:14,Lucknow,Tier 2,OTC,0,289.28,70.00,Completed
ORD-01855,CUST-0029,2025-07-02 14:16:11,Mumbai,Tier 1,OTC,0,567.45,0.00,Completed
ORD-01856,CUST-0214,2025-07-02 14:38:29,Jaipur,Tier 2,OTC,0,654.05,0.00,Completed
ORD-01857,CUST-0224,2025-07-02 17:05:48,Indore,Tier 2,OTC,0,542.88,0.00,Completed
ORD-01858,CUST-1115,2025-07-02 17:21:18,Indore,Tier 2,Chronic,1,2048.47,0.00,Refunded
ORD-01859,CUST-0463,2025-07-02 18:13:37,Indore,Tier 2,OTC,0,396.26,45.00,Completed
ORD-01860,CUST-0049,2025-07-02 19:04:29,Chennai,Tier 1,Chronic,1,629.20,0.00,Completed
ORD-01861,CUST-0465,2025-07-02 21:20:38,Hyderabad,Tier 1,Chronic,1,720.93,0.00,Completed
ORD-01862,CUST-0354,2025-07-03 07:35:36,Hyderabad,Tier 1,Chronic,1,1753.57,0.00,Completed
ORD-01863,CUST-0892,2025-07-03 10:31:38,Indore,Tier 2,OTC,0,185.92,52.00,Completed
ORD-01864,CUST-1042,2025-07-03 13:33:21,Chennai,Tier 1,Chronic,1,680.86,0.00,Completed
ORD-01865,CUST-0406,2025-07-03 22:51:10,Lucknow,Tier 2,Chronic,1,1530.19,0.00,Completed
ORD-01866,CUST-1012,2025-07-04 04:34:47,Hyderabad,Tier 1,Chronic,1,2074.81,0.00,Completed
ORD-01867,CUST-0886,2025-07-04 07:22:17,,,OTC,0,500.78,0.00,Completed
ORD-01868,CUST-0736,2025-07-04 10:54:29,Chennai,Tier 1,OTC,0,963.90,0.00,Completed
ORD-01869,CUST-0087,2025-07-04 12:16:04,Chennai,Tier 1,Chronic,1,1619.49,0.00,Completed
ORD-01870,CUST-0626,2025-07-04 15:27:11,Bengaluru,Tier 1,OTC,1,183.45,69.00,Completed
ORD-01871,CUST-0222,2025-07-04 17:55:44,Bengaluru,Tier 1,OTC,0,1095.94,0.00,Completed
ORD-01872,CUST-1113,2025-07-04 18:56:59,Hyderabad,Tier 1,OTC,0,329.30,40.00,Completed
ORD-01873,CUST-0214,2025-07-04 19:06:58,Jaipur,Tier 2,OTC,0,602.79,0.00,Completed
ORD-01874,CUST-0763,2025-07-04 19:13:46,Mumbai,Tier 1,OTC,0,742.51,0.00,Completed
ORD-01875,CUST-0951,2025-07-04 19:35:02,Hyderabad,Tier 1,Chronic,1,1669.47,0.00,Completed
ORD-01876,CUST-0791,2025-07-04 19:36:22,Delhi,Tier 1,OTC,0,235.97,49.00,Completed
ORD-01877,CUST-0546,2025-07-04 20:42:44,Bengaluru,Tier 1,Chronic,1,977.56,0.00,Completed
ORD-01878,CUST-0277,2025-07-05 07:26:24,Delhi,Tier 1,Chronic,1,2426.93,0.00,Completed
ORD-01879,CUST-0989,2025-07-05 08:06:46,Delhi,Tier 1,OTC,0,1953.29,0.00,Completed
ORD-01880,CUST-1191,2025-07-05 09:50:36,Bengaluru,Tier 1,OTC,0,506.36,0.00,Completed
ORD-01881,CUST-1132,2025-07-05 10:29:44,Hyderabad,Tier 1,OTC,0,519.65,0.00,Completed
ORD-01882,CUST-0393,2025-07-05 11:02:19,Hyderabad,Tier 1,OTC,0,300.56,62.00,Completed
ORD-01883,CUST-0324,2025-07-05 12:08:50,Hyderabad,Tier 1,Chronic,1,753.98,0.00,Completed
ORD-01884,CUST-0242,2025-07-05 12:19:24,Jaipur,Tier 2,Chronic,1,1390.50,0.00,Completed
ORD-01885,CUST-0708,2025-07-05 12:26:20,Jaipur,Tier 2,Chronic,1,2390.23,0.00,Completed
ORD-01886,CUST-0780,2025-07-05 14:44:23,Lucknow,Tier 2,Chronic,1,1178.41,0.00,Cancelled
ORD-01887,CUST-1010,2025-07-05 18:05:47,Bengaluru,Tier 1,OTC,0,307.13,60.00,Refunded
ORD-01888,CUST-0032,2025-07-05 18:34:33,Indore,Tier 2,Chronic,1,1034.84,0.00,Cancelled
ORD-01889,CUST-0083,2025-07-05 19:29:48,Jaipur,Tier 2,OTC,0,480.71,72.00,Completed
ORD-01890,CUST-0008,2025-07-05 20:58:12,Jaipur,Tier 2,Chronic,1,1403.03,0.00,Completed
ORD-01891,CUST-1178,2025-07-05 21:40:42,Bengaluru,Tier 1,OTC,0,468.42,77.00,Completed
ORD-01892,CUST-0305,2025-07-06 09:06:15,Lucknow,Tier 2,OTC,0,467.01,41.00,Completed
ORD-01893,CUST-0752,2025-07-06 09:20:57,Delhi,Tier 1,Chronic,1,1328.88,0.00,Completed
ORD-01894,CUST-0682,2025-07-06 10:21:02,Delhi,Tier 1,Chronic,1,1171.03,0.00,Completed
ORD-01895,CUST-0050,2025-07-06 11:42:37,Mumbai,Tier 1,OTC,0,1181.96,0.00,Completed
ORD-01896,CUST-0364,2025-07-06 14:43:08,Mumbai,Tier 1,Chronic,1,1305.42,0.00,Completed
ORD-01897,CUST-0023,2025-07-06 17:22:41,Indore,Tier 2,Chronic,1,2239.43,0.00,Completed
ORD-01898,CUST-1055,2025-07-06 17:31:27,Delhi,Tier 1,OTC,0,372.73,52.00,Completed
ORD-01899,CUST-0258,2025-07-06 17:49:40,Mumbai,Tier 1,Chronic,1,1457.07,0.00,Completed
ORD-01900,CUST-0422,2025-07-06 18:06:33,Mumbai,Tier 1,OTC,1,2235.80,0.00,Completed
ORD-01901,CUST-0983,2025-07-06 18:12:04,Jaipur,Tier 2,Chronic,1,1042.01,0.00,Cancelled
ORD-01902,CUST-0642,2025-07-06 18:13:32,Jaipur,Tier 2,OTC,0,500.36,0.00,Completed
ORD-01903,CUST-1047,2025-07-06 18:17:57,Delhi,Tier 1,Chronic,1,1026.38,0.00,Completed
ORD-01904,CUST-0669,2025-07-06 20:51:58,Delhi,Tier 1,OTC,0,620.38,0.00,Refunded
ORD-01905,CUST-0792,2025-07-06 21:48:57,Bengaluru,Tier 1,OTC,0,918.67,0.00,Completed
ORD-01906,CUST-0373,2025-07-07 06:42:28,Bengaluru,Tier 1,Chronic,1,538.97,0.00,Completed
ORD-01907,CUST-0342,2025-07-07 08:05:09,Indore,Tier 2,OTC,0,661.53,0.00,Completed
ORD-01908,CUST-0335,2025-07-07 08:31:16,Mumbai,Tier 1,Chronic,1,4464.35,0.00,Completed
ORD-01909,CUST-1101,2025-07-07 08:43:49,Mumbai,Tier 1,OTC,0,987.64,0.00,Refunded
ORD-01910,CUST-0850,2025-07-07 09:44:52,Indore,Tier 2,Chronic,1,2119.81,0.00,Refunded
ORD-01911,CUST-0238,2025-07-07 11:20:26,Jaipur,Tier 2,OTC,0,933.13,0.00,Cancelled
ORD-01912,CUST-0382,2025-07-07 11:41:46,Indore,Tier 2,OTC,0,635.43,0.00,Completed
ORD-01913,CUST-0680,2025-07-07 12:56:19,Bengaluru,Tier 1,OTC,0,247.31,43.00,Completed
ORD-01914,CUST-0074,2025-07-07 13:05:46,Delhi,Tier 1,OTC,0,321.58,46.00,Completed
ORD-01915,CUST-0308,2025-07-07 13:55:04,Chennai,Tier 1,Chronic,1,1730.54,0.00,Completed
ORD-01916,CUST-0741,2025-07-07 14:42:48,Mumbai,Tier 1,Chronic,1,897.08,0.00,Completed
ORD-01917,CUST-0752,2025-07-07 15:51:16,Delhi,Tier 1,OTC,0,470.18,57.00,Completed
ORD-01918,CUST-0261,2025-07-07 16:39:25,Mumbai,Tier 1,Chronic,1,883.31,0.00,Completed
ORD-01919,CUST-0242,2025-07-07 17:02:06,Jaipur,Tier 2,OTC,0,276.93,47.00,Completed
ORD-01920,CUST-0044,2025-07-07 18:01:23,Delhi,Tier 1,OTC,0,189.44,57.00,Completed
ORD-01921,CUST-1107,2025-07-07 18:36:34,Mumbai,Tier 1,Chronic,1,784.74,0.00,Completed
ORD-01922,CUST-1085,2025-07-07 18:57:08,Indore,Tier 2,OTC,0,498.38,46.00,Completed
ORD-01923,CUST-0602,2025-07-07 19:00:20,Jaipur,Tier 2,OTC,0,151.63,74.00,Cancelled
ORD-01924,CUST-0827,2025-07-07 19:18:53,Hyderabad,Tier 1,Chronic,1,1323.05,0.00,Cancelled
ORD-01925,CUST-0023,2025-07-07 21:53:32,Indore,Tier 2,OTC,1,845.56,0.00,Completed
ORD-01926,CUST-1038,2025-07-07 23:30:41,Bengaluru,Tier 1,Chronic,1,1334.19,0.00,Completed
ORD-01927,CUST-1185,2025-07-08 07:09:04,Mumbai,Tier 1,OTC,0,526.58,0.00,Completed
ORD-01928,CUST-0079,2025-07-08 09:59:44,Hyderabad,Tier 1,OTC,0,325.54,50.00,Completed
ORD-01929,CUST-0270,2025-07-08 10:31:49,Mumbai,Tier 1,OTC,1,646.38,0.00,Completed
ORD-01930,CUST-0610,2025-07-08 10:47:19,Bengaluru,Tier 1,Chronic,1,732.60,0.00,Completed
ORD-01931,CUST-1144,2025-07-08 11:44:57,Jaipur,Tier 2,OTC,0,763.63,0.00,Completed
ORD-01932,CUST-0351,2025-07-08 12:52:27,Hyderabad,Tier 1,Chronic,1,808.74,0.00,Completed
ORD-01933,CUST-0697,2025-07-08 13:46:48,Jaipur,Tier 2,OTC,0,270.35,51.00,Completed
ORD-01934,CUST-0569,2025-07-08 14:41:50,Bengaluru,Tier 1,Chronic,1,594.86,0.00,Completed
ORD-01935,CUST-0103,2025-07-08 15:36:32,Delhi,Tier 1,Chronic,1,518.99,0.00,Completed
ORD-01936,CUST-0805,2025-07-08 17:36:28,Mumbai,Tier 1,Chronic,1,2524.43,0.00,Cancelled
ORD-01937,CUST-0811,2025-07-08 17:45:26,Mumbai,Tier 1,Chronic,1,2243.75,0.00,Completed
ORD-01938,CUST-0309,2025-07-08 18:01:22,Delhi,Tier 1,Chronic,1,1008.78,0.00,Completed
ORD-01939,CUST-0440,2025-07-08 18:19:48,Chennai,Tier 1,Chronic,1,1097.98,0.00,Completed
ORD-01940,CUST-0732,2025-07-08 19:35:34,Mumbai,Tier 1,Chronic,1,1666.59,0.00,Completed
ORD-01941,CUST-0369,2025-07-08 20:19:14,Delhi,Tier 1,Chronic,1,2699.14,0.00,Completed
ORD-01942,CUST-0274,2025-07-08 20:52:52,Hyderabad,Tier 1,OTC,1,84.30,50.00,Completed
ORD-01943,CUST-0187,2025-07-08 21:06:01,Bengaluru,Tier 1,OTC,0,341.81,55.00,Completed
ORD-01944,CUST-0281,2025-07-08 22:09:44,Mumbai,Tier 1,OTC,0,1242.02,0.00,Completed
ORD-01945,CUST-0577,2025-07-08 23:54:36,Lucknow,Tier 2,OTC,0,650.89,0.00,Completed
ORD-01946,CUST-0556,2025-07-09 07:51:02,Delhi,Tier 1,Chronic,1,1834.54,0.00,Completed
ORD-01947,CUST-1199,2025-07-09 11:55:37,Delhi,Tier 1,Chronic,1,941.72,0.00,Cancelled
ORD-01948,CUST-1002,2025-07-09 12:19:44,Bengaluru,Tier 1,OTC,0,649.52,0.00,Completed
ORD-01949,CUST-0224,2025-07-09 12:32:11,Indore,Tier 2,Chronic,1,1535.46,0.00,Completed
ORD-01950,CUST-1119,2025-07-09 20:13:09,Delhi,Tier 1,OTC,0,507.04,0.00,Refunded
ORD-01951,CUST-0544,2025-07-09 20:55:01,Indore,Tier 2,OTC,1,966.37,0.00,Refunded
ORD-01952,CUST-0155,2025-07-10 03:45:59,Mumbai,Tier 1,OTC,0,374.01,78.00,Completed
ORD-01953,CUST-1166,2025-07-10 08:12:44,Lucknow,Tier 2,Chronic,1,1608.55,0.00,Completed
ORD-01954,CUST-0308,2025-07-10 10:52:12,Chennai,Tier 1,Chronic,1,2512.30,0.00,Completed
ORD-01955,CUST-0320,2025-07-10 11:43:58,Indore,Tier 2,OTC,0,947.76,0.00,Completed
ORD-01956,CUST-0167,2025-07-10 11:56:13,Jaipur,Tier 2,Chronic,1,852.85,0.00,Cancelled
ORD-01957,CUST-0979,2025-07-10 13:09:01,Hyderabad,Tier 1,Chronic,1,1282.43,0.00,Cancelled
ORD-01958,CUST-1087,2025-07-10 15:09:53,Jaipur,Tier 2,Chronic,1,1000.72,0.00,Completed
ORD-01959,CUST-0583,2025-07-10 17:38:57,Mumbai,Tier 1,Chronic,1,1011.60,0.00,Completed
ORD-01960,CUST-0353,2025-07-10 18:26:25,Hyderabad,Tier 1,Chronic,1,1818.00,0.00,Completed
ORD-01961,CUST-0624,2025-07-10 18:31:59,Bengaluru,Tier 1,OTC,0,266.97,80.00,Completed
ORD-01962,CUST-0300,2025-07-10 18:41:44,Chennai,Tier 1,Chronic,1,2161.96,0.00,Cancelled
ORD-01963,CUST-0976,2025-07-10 20:34:47,Hyderabad,Tier 1,Chronic,1,1236.31,0.00,Completed
ORD-01964,CUST-0553,2025-07-10 20:48:27,Delhi,Tier 1,OTC,0,960.97,0.00,Completed
ORD-01965,CUST-0920,2025-07-11 07:12:39,Hyderabad,Tier 1,OTC,1,1172.87,0.00,Completed
ORD-01966,CUST-0830,2025-07-11 10:38:03,Delhi,Tier 1,OTC,0,1005.37,0.00,Completed
ORD-01967,CUST-0858,2025-07-11 11:47:45,Lucknow,Tier 2,Chronic,1,784.89,0.00,Completed
ORD-01968,CUST-1049,2025-07-11 13:57:56,Lucknow,Tier 2,OTC,0,485.53,42.00,Completed
ORD-01969,CUST-0296,2025-07-11 14:59:52,Lucknow,Tier 2,OTC,0,605.46,0.00,Completed
ORD-01970,CUST-0545,2025-07-11 16:50:06,Mumbai,Tier 1,OTC,0,1846.86,0.00,Completed
ORD-01971,CUST-0682,2025-07-11 18:57:56,Delhi,Tier 1,OTC,0,142.24,74.00,Completed
ORD-01972,CUST-0861,2025-07-11 20:28:03,Jaipur,Tier 2,OTC,0,460.93,60.00,Completed
ORD-01973,CUST-1160,2025-07-12 07:59:59,Jaipur,Tier 2,OTC,1,832.41,0.00,Completed
ORD-01974,CUST-0123,2025-07-12 08:37:13,Mumbai,Tier 1,Chronic,1,719.35,0.00,Completed
ORD-01975,CUST-0461,2025-07-12 09:06:56,Hyderabad,Tier 1,OTC,0,1025.84,0.00,Completed
ORD-01976,CUST-1114,2025-07-12 10:47:59,Indore,Tier 2,OTC,0,1436.78,0.00,Completed
ORD-01977,CUST-0016,2025-07-12 10:59:30,Delhi,Tier 1,OTC,0,155.26,52.00,Completed
ORD-01978,CUST-0857,2025-07-12 11:26:14,Jaipur,Tier 2,Chronic,1,704.14,0.00,Completed
ORD-01979,CUST-0964,2025-07-12 14:14:08,Mumbai,Tier 1,Chronic,1,1823.42,0.00,Completed
ORD-01980,CUST-0153,2025-07-12 14:53:47,Mumbai,Tier 1,Chronic,1,907.19,0.00,Completed
ORD-01981,CUST-0351,2025-07-12 16:42:37,Hyderabad,Tier 1,OTC,0,1470.54,0.00,Cancelled
ORD-01982,CUST-0192,2025-07-12 17:05:11,Delhi,Tier 1,OTC,0,836.14,0.00,Completed
ORD-01983,CUST-0464,2025-07-12 17:47:06,Delhi,Tier 1,Chronic,1,2310.17,0.00,Completed
ORD-01984,CUST-0493,2025-07-12 18:48:13,Chennai,Tier 1,Chronic,1,707.04,0.00,Completed
ORD-01985,CUST-0149,2025-07-12 19:00:38,Bengaluru,Tier 1,OTC,1,546.52,0.00,Completed
ORD-01986,CUST-0140,2025-07-12 19:10:19,Mumbai,Tier 1,Chronic,1,916.65,0.00,Cancelled
ORD-01987,CUST-0905,2025-07-12 21:01:42,Indore,Tier 2,Chronic,1,731.65,0.00,Completed
ORD-01988,CUST-0278,2025-07-12 21:26:05,Hyderabad,Tier 1,OTC,0,1114.84,0.00,Refunded
ORD-01989,CUST-0244,2025-07-12 21:43:44,Hyderabad,Tier 1,OTC,0,801.40,0.00,Completed
ORD-01990,CUST-0734,2025-07-13 07:04:03,Bengaluru,Tier 1,Chronic,1,1521.84,0.00,Completed
ORD-01991,CUST-0202,2025-07-13 09:54:54,Indore,Tier 2,OTC,0,380.89,80.00,Completed
ORD-01992,CUST-0588,2025-07-13 11:12:52,Delhi,Tier 1,Chronic,1,1184.22,0.00,Completed
ORD-01993,CUST-0543,2025-07-13 15:04:05,Lucknow,Tier 2,Chronic,1,975.75,0.00,Completed
ORD-01994,CUST-0136,2025-07-13 15:52:42,Mumbai,Tier 1,OTC,0,566.79,0.00,Completed
ORD-01995,CUST-0495,2025-07-13 17:48:48,Jaipur,Tier 2,Chronic,1,1436.31,0.00,Completed
ORD-01996,CUST-0768,2025-07-13 19:05:47,Mumbai,Tier 1,OTC,0,635.50,0.00,Completed
ORD-01997,CUST-0344,2025-07-13 19:19:01,Hyderabad,Tier 1,OTC,0,852.52,0.00,Completed
ORD-01998,CUST-0132,2025-07-13 20:03:09,Indore,Tier 2,Chronic,1,2461.37,0.00,Completed
ORD-01999,CUST-0664,2025-07-13 20:39:42,Mumbai,Tier 1,OTC,0,334.03,66.00,Completed
ORD-02000,CUST-1136,2025-07-14 10:45:45,Delhi,Tier 1,Chronic,1,1951.32,0.00,Completed
ORD-02001,CUST-0236,2025-07-14 11:08:21,Jaipur,Tier 2,OTC,1,473.70,40.00,Completed
ORD-02002,CUST-0811,2025-07-14 14:33:39,Mumbai,Tier 1,OTC,0,1228.06,0.00,Completed
ORD-02003,CUST-0780,2025-07-14 15:23:08,Lucknow,Tier 2,OTC,0,382.20,47.00,Completed
ORD-02004,CUST-0232,2025-07-14 15:46:55,Bengaluru,Tier 1,OTC,1,299.06,42.00,Completed
ORD-02005,CUST-0123,2025-07-14 17:00:57,Mumbai,Tier 1,Chronic,1,857.42,0.00,Completed
ORD-02006,CUST-1011,2025-07-14 18:24:48,Chennai,Tier 1,Chronic,1,1312.44,0.00,Completed
ORD-02007,CUST-0569,2025-07-14 21:13:37,Bengaluru,Tier 1,OTC,1,1069.83,0.00,Completed
ORD-02008,CUST-0997,2025-07-14 21:28:40,Chennai,Tier 1,OTC,0,724.06,0.00,Refunded
ORD-02009,CUST-1091,2025-07-15 00:39:47,Delhi,Tier 1,OTC,0,251.71,71.00,Completed
ORD-02010,CUST-0514,2025-07-15 11:17:43,Delhi,Tier 1,OTC,0,269.57,70.00,Cancelled
ORD-02011,CUST-0431,2025-07-15 11:55:18,Indore,Tier 2,Chronic,1,1076.63,0.00,Completed
ORD-02012,CUST-0049,2025-07-15 11:57:00,Chennai,Tier 1,Chronic,1,1828.71,0.00,Completed
ORD-02013,CUST-0064,2025-07-15 14:39:29,Jaipur,Tier 2,Chronic,1,540.24,0.00,Cancelled
ORD-02014,CUST-1061,2025-07-15 15:24:44,Indore,Tier 2,Chronic,1,1789.89,0.00,Completed
ORD-02015,CUST-0716,2025-07-15 18:57:27,Delhi,Tier 1,Chronic,1,797.66,0.00,Completed
ORD-02016,CUST-1136,2025-07-15 19:25:06,Delhi,Tier 1,OTC,0,354.78,51.00,Completed
ORD-02017,CUST-0830,2025-07-15 20:06:36,Delhi,Tier 1,OTC,0,278.31,52.00,Completed
ORD-02018,CUST-0223,2025-07-15 20:13:03,Chennai,Tier 1,Chronic,1,1496.40,0.00,Completed
ORD-02019,CUST-0896,2025-07-15 21:20:30,Lucknow,Tier 2,Chronic,1,1804.67,0.00,Completed
ORD-02020,CUST-0274,2025-07-15 21:30:00,Hyderabad,Tier 1,OTC,0,885.62,0.00,Completed
ORD-02021,CUST-1036,2025-07-15 22:12:44,Chennai,Tier 1,Chronic,1,2013.15,0.00,Completed
ORD-02022,CUST-1158,2025-07-16 10:08:44,Mumbai,Tier 1,Chronic,1,732.43,0.00,Completed
ORD-02023,CUST-0928,2025-07-16 11:08:34,Lucknow,Tier 2,OTC,0,353.91,64.00,Completed
ORD-02024,CUST-0077,2025-07-16 12:44:55,Delhi,Tier 1,OTC,0,1829.14,0.00,Completed
ORD-02025,CUST-0910,2025-07-16 13:28:22,Delhi,Tier 1,Chronic,1,649.11,0.00,Completed
ORD-02026,CUST-0863,2025-07-16 15:43:03,Jaipur,Tier 2,Chronic,1,1343.42,0.00,Completed
ORD-02027,CUST-0797,2025-07-16 16:52:43,Mumbai,Tier 1,Chronic,1,366.13,80.00,Completed
ORD-02028,CUST-0674,2025-07-16 22:59:36,Chennai,Tier 1,OTC,0,433.06,74.00,Completed
ORD-02029,CUST-0716,2025-07-17 09:48:44,Delhi,Tier 1,Chronic,1,1189.02,0.00,Completed
ORD-02030,CUST-0949,2025-07-17 09:50:31,Lucknow,Tier 2,Chronic,1,1129.27,0.00,Completed
ORD-02031,CUST-0174,2025-07-17 09:54:05,Indore,Tier 2,Chronic,1,1313.74,0.00,Completed
ORD-02032,CUST-0859,2025-07-17 12:12:43,Bengaluru,Tier 1,OTC,0,970.40,0.00,Refunded
ORD-02033,CUST-0297,2025-07-17 16:06:06,Indore,Tier 2,Chronic,1,1200.89,0.00,Completed
ORD-02034,CUST-0645,2025-07-17 16:33:56,Chennai,Tier 1,Chronic,1,1205.27,0.00,Completed
ORD-02035,CUST-1055,2025-07-17 16:41:12,Delhi,Tier 1,OTC,0,563.79,0.00,Completed
ORD-02036,CUST-0745,2025-07-17 16:59:44,Hyderabad,Tier 1,Chronic,1,1172.72,0.00,Completed
ORD-02037,CUST-0492,2025-07-17 17:29:23,Chennai,Tier 1,OTC,0,712.28,0.00,Completed
ORD-02038,CUST-0393,2025-07-17 17:46:02,Hyderabad,Tier 1,OTC,1,944.90,0.00,Completed
ORD-02039,CUST-0487,2025-07-17 19:35:35,Bengaluru,Tier 1,Chronic,1,1288.30,0.00,Completed
ORD-02040,CUST-1045,2025-07-17 22:56:44,Mumbai,Tier 1,Chronic,1,1520.46,0.00,Completed
ORD-02041,CUST-0030,2025-07-18 06:30:03,Chennai,Tier 1,OTC,0,1272.00,0.00,Completed
ORD-02042,CUST-0425,2025-07-18 10:44:05,Hyderabad,Tier 1,OTC,0,707.02,0.00,Completed
ORD-02043,CUST-0374,2025-07-18 12:43:28,Delhi,Tier 1,OTC,0,574.93,0.00,Refunded
ORD-02044,CUST-0554,2025-07-18 17:03:24,Lucknow,Tier 2,OTC,0,756.61,0.00,Completed
ORD-02045,CUST-0161,2025-07-18 18:04:19,Mumbai,Tier 1,Chronic,1,2740.43,0.00,Completed
ORD-02046,CUST-0762,2025-07-18 19:18:34,Mumbai,Tier 1,OTC,1,752.17,0.00,Completed
ORD-02047,CUST-1193,2025-07-18 21:02:35,Lucknow,Tier 2,Chronic,1,986.07,0.00,Completed
ORD-02048,CUST-0862,2025-07-18 21:13:06,Jaipur,Tier 2,OTC,1,689.86,0.00,Completed
ORD-02049,CUST-0384,2025-07-19 02:02:14,Bengaluru,Tier 1,OTC,0,415.40,78.00,Completed
ORD-02050,CUST-0879,2025-07-19 05:10:24,Hyderabad,Tier 1,OTC,0,369.61,45.00,Completed
ORD-02051,CUST-1010,2025-07-19 05:51:03,Bengaluru,Tier 1,Chronic,1,889.74,0.00,Completed
ORD-02052,CUST-0891,2025-07-19 06:38:25,Delhi,Tier 1,Chronic,1,1752.36,0.00,Completed
ORD-02053,CUST-0944,2025-07-19 08:45:06,Bengaluru,Tier 1,OTC,0,224.21,79.00,Completed
ORD-02054,CUST-0023,2025-07-19 09:44:52,Indore,Tier 2,OTC,0,767.70,0.00,Refunded
ORD-02055,CUST-0259,2025-07-19 09:49:37,Mumbai,Tier 1,OTC,0,643.11,0.00,Completed
ORD-02056,CUST-0698,2025-07-19 11:15:26,Hyderabad,Tier 1,OTC,0,231.93,77.00,Completed
ORD-02057,CUST-0975,2025-07-19 11:16:20,Delhi,Tier 1,Chronic,1,4218.77,0.00,Completed
ORD-02058,CUST-0881,2025-07-19 12:10:13,Bengaluru,Tier 1,OTC,0,203.12,57.00,Completed
ORD-02059,CUST-0535,2025-07-19 13:58:50,Mumbai,Tier 1,OTC,0,327.41,57.00,Completed
ORD-02060,CUST-1108,2025-07-19 15:43:21,Bengaluru,Tier 1,Chronic,1,3111.14,0.00,Completed
ORD-02061,CUST-0826,2025-07-19 16:54:28,Mumbai,Tier 1,OTC,0,594.21,0.00,Completed
ORD-02062,CUST-0248,2025-07-19 17:29:59,Bengaluru,Tier 1,Chronic,1,2273.12,0.00,Completed
ORD-02063,CUST-0079,2025-07-19 18:35:36,Hyderabad,Tier 1,Chronic,1,821.69,0.00,Cancelled
ORD-02064,CUST-0743,2025-07-19 23:33:11,Lucknow,Tier 2,OTC,0,963.27,0.00,Completed
ORD-02065,CUST-0214,2025-07-20 02:03:06,Jaipur,Tier 2,OTC,1,198.76,77.00,Refunded
ORD-02066,CUST-0297,2025-07-20 09:44:38,Indore,Tier 2,OTC,0,547.53,0.00,Completed
ORD-02067,CUST-0332,2025-07-20 10:12:48,Delhi,Tier 1,Chronic,1,833.65,0.00,Completed
ORD-02068,CUST-0924,2025-07-20 10:57:58,Hyderabad,Tier 1,OTC,0,252.54,40.00,Completed
ORD-02069,CUST-1056,2025-07-20 11:30:11,Chennai,Tier 1,OTC,0,1113.28,0.00,Completed
ORD-02070,CUST-0320,2025-07-20 13:00:21,Indore,Tier 2,OTC,1,385.27,71.00,Completed
ORD-02070,CUST-0320,2025-07-20 13:00:21,Indore,Tier 2,OTC,1,527.82,71.00,Completed
ORD-02071,CUST-1097,2025-07-20 13:49:29,Delhi,Tier 1,OTC,0,1253.32,0.00,Cancelled
ORD-02072,CUST-0994,2025-07-20 14:42:58,Delhi,Tier 1,Chronic,1,665.65,0.00,Completed
ORD-02073,CUST-0304,2025-07-20 15:02:49,Hyderabad,Tier 1,OTC,0,714.70,0.00,Completed
ORD-02074,CUST-1013,2025-07-20 16:28:18,Bengaluru,Tier 1,OTC,0,2551.52,0.00,Completed
ORD-02075,CUST-0545,2025-07-20 17:07:20,Mumbai,Tier 1,Chronic,1,888.04,0.00,Completed
ORD-02076,CUST-0539,2025-07-20 18:34:38,Mumbai,Tier 1,OTC,0,240.42,61.00,Completed
ORD-02077,CUST-0983,2025-07-20 20:32:46,Jaipur,Tier 2,Chronic,1,929.88,0.00,Completed
ORD-02078,CUST-1082,2025-07-21 03:38:16,Lucknow,Tier 2,Chronic,1,2025.13,0.00,Completed
ORD-02079,CUST-0558,2025-07-21 05:15:18,Bengaluru,Tier 1,OTC,0,458.86,67.00,Completed
ORD-02080,CUST-1036,2025-07-21 08:35:39,Chennai,Tier 1,Chronic,1,2526.28,0.00,Completed
ORD-02081,CUST-0367,2025-07-21 08:50:02,Jaipur,Tier 2,Chronic,1,1473.38,0.00,Completed
ORD-02082,CUST-1026,2025-07-21 08:55:55,Delhi,Tier 1,Chronic,1,814.83,0.00,Completed
ORD-02083,CUST-0011,2025-07-21 11:20:17,Bengaluru,Tier 1,OTC,0,594.52,0.00,Completed
ORD-02084,CUST-0622,2025-07-21 11:45:43,Bengaluru,Tier 1,Chronic,1,1917.51,0.00,Completed
ORD-02085,CUST-0188,2025-07-21 11:46:30,Mumbai,Tier 1,OTC,0,1790.70,0.00,Completed
ORD-02086,CUST-0788,2025-07-21 12:33:36,Delhi,Tier 1,Chronic,1,1782.15,0.00,Completed
ORD-02087,CUST-0646,2025-07-21 12:51:48,Lucknow,Tier 2,OTC,0,402.84,42.00,Completed
ORD-02088,CUST-0537,2025-07-21 13:22:03,Hyderabad,Tier 1,OTC,1,851.97,0.00,Completed
ORD-02089,CUST-0945,2025-07-21 13:58:50,Bengaluru,Tier 1,OTC,0,458.54,75.00,Completed
ORD-02090,CUST-0661,2025-07-21 14:09:13,Delhi,Tier 1,OTC,0,262.45,79.00,Refunded
ORD-02091,CUST-0845,2025-07-21 14:24:38,Mumbai,Tier 1,OTC,0,831.56,0.00,Completed
ORD-02092,CUST-0469,2025-07-21 15:43:01,Mumbai,Tier 1,Chronic,1,590.00,0.00,Completed
ORD-02093,CUST-0120,2025-07-21 17:06:36,Chennai,Tier 1,OTC,0,268.60,61.00,Completed
ORD-02094,CUST-1172,2025-07-21 17:16:12,Jaipur,Tier 2,Chronic,1,928.91,0.00,Completed
ORD-02095,CUST-0104,2025-07-21 18:39:38,Indore,Tier 2,OTC,0,327.72,44.00,Completed
ORD-02096,CUST-1012,2025-07-21 19:15:31,Hyderabad,Tier 1,OTC,0,228.95,42.00,Completed
ORD-02097,CUST-0245,2025-07-21 19:18:25,Hyderabad,Tier 1,Chronic,1,268.45,48.00,Completed
ORD-02098,CUST-0743,2025-07-21 19:30:46,Lucknow,Tier 2,OTC,0,2049.51,0.00,Completed
ORD-02099,CUST-0671,2025-07-21 23:10:21,Mumbai,Tier 1,Chronic,1,1399.16,0.00,Completed
ORD-02100,CUST-0890,2025-07-22 08:49:45,Chennai,Tier 1,OTC,0,770.02,0.00,Completed
ORD-02101,CUST-0335,2025-07-22 09:49:54,Mumbai,Tier 1,OTC,0,122.99,77.00,Completed
ORD-02102,CUST-0428,2025-07-22 09:57:32,Lucknow,Tier 2,OTC,0,2584.20,0.00,Completed
ORD-02103,CUST-0723,2025-07-22 11:16:53,Mumbai,Tier 1,Chronic,1,1115.74,0.00,Completed
ORD-02104,CUST-0759,2025-07-22 11:55:38,Mumbai,Tier 1,OTC,0,377.41,73.00,Completed
ORD-02105,CUST-1062,2025-07-22 13:50:29,Hyderabad,Tier 1,OTC,0,906.76,0.00,Completed
ORD-02106,CUST-0297,2025-07-22 14:46:08,Indore,Tier 2,OTC,0,1979.19,0.00,Completed
ORD-02107,CUST-0705,2025-07-22 16:25:12,Delhi,Tier 1,OTC,0,466.70,55.00,Completed
ORD-02108,CUST-0544,2025-07-22 19:18:48,Indore,Tier 2,OTC,0,676.13,0.00,Completed
ORD-02109,CUST-0889,2025-07-22 20:49:16,Mumbai,Tier 1,Chronic,1,2840.74,0.00,Completed
ORD-02110,CUST-0823,2025-07-22 21:07:59,Delhi,Tier 1,OTC,0,519.80,0.00,Completed
ORD-02111,CUST-0080,2025-07-22 21:48:16,Jaipur,Tier 2,OTC,1,481.69,61.00,Cancelled
ORD-02112,CUST-0871,2025-07-23 02:15:00,Jaipur,Tier 2,OTC,0,1311.15,0.00,Completed
ORD-02113,CUST-0892,2025-07-23 08:19:13,Indore,Tier 2,Chronic,1,335.30,50.00,Completed
ORD-02114,CUST-1192,2025-07-23 09:21:30,Bengaluru,Tier 1,Chronic,1,5179.65,0.00,Completed
ORD-02115,CUST-0498,2025-07-23 10:07:36,Chennai,Tier 1,Chronic,1,1330.80,0.00,Refunded
ORD-02116,CUST-0851,2025-07-23 12:07:17,Mumbai,Tier 1,Chronic,1,1489.83,0.00,Completed
ORD-02117,CUST-0014,2025-07-23 12:58:54,Jaipur,Tier 2,Chronic,1,1068.16,0.00,Refunded
ORD-02118,CUST-0550,2025-07-23 13:41:50,Bengaluru,Tier 1,Chronic,1,1358.35,0.00,Completed
ORD-02119,CUST-0169,2025-07-23 15:53:27,Delhi,Tier 1,OTC,0,495.54,70.00,Completed
ORD-02120,CUST-1113,2025-07-23 16:02:14,Hyderabad,Tier 1,Chronic,1,1257.48,0.00,Completed
ORD-02121,CUST-0265,2025-07-23 16:37:47,Indore,Tier 2,Chronic,1,3152.45,0.00,Completed
ORD-02122,CUST-0395,2025-07-23 16:45:03,Mumbai,Tier 1,Chronic,1,1359.59,0.00,Completed
ORD-02123,CUST-0544,2025-07-23 17:56:09,Indore,Tier 2,OTC,0,1421.85,0.00,Completed
ORD-02124,CUST-0854,2025-07-23 19:32:37,Lucknow,Tier 2,Chronic,1,926.26,0.00,Completed
ORD-02125,CUST-0477,2025-07-23 19:39:46,Bengaluru,Tier 1,Chronic,1,1670.49,0.00,Completed
ORD-02126,CUST-0612,2025-07-23 20:04:37,Chennai,Tier 1,Chronic,1,837.79,0.00,Refunded
ORD-02127,CUST-0241,2025-07-23 20:49:03,Jaipur,Tier 2,Chronic,1,1840.96,0.00,Completed
ORD-02128,CUST-0610,2025-07-24 07:23:15,Bengaluru,Tier 1,Chronic,1,671.74,0.00,Completed
ORD-02129,CUST-0665,2025-07-24 10:26:04,Delhi,Tier 1,Chronic,1,1554.71,0.00,Completed
ORD-02130,CUST-0230,2025-07-24 11:09:55,Mumbai,Tier 1,OTC,0,511.50,0.00,Cancelled
ORD-02131,CUST-0289,2025-07-24 12:41:54,Hyderabad,Tier 1,OTC,0,293.28,46.00,Refunded
ORD-02132,CUST-0939,2025-07-24 13:00:24,Lucknow,Tier 2,OTC,0,1124.29,0.00,Cancelled
ORD-02133,CUST-0535,2025-07-24 20:03:43,Mumbai,Tier 1,OTC,0,449.57,78.00,Completed
ORD-02134,CUST-0301,2025-07-24 21:42:14,Jaipur,Tier 2,Chronic,1,515.09,0.00,Completed
ORD-02135,CUST-0869,2025-07-25 12:33:27,Mumbai,Tier 1,OTC,0,492.64,60.00,Completed
ORD-02136,CUST-0858,2025-07-25 12:50:07,Lucknow,Tier 2,Chronic,1,1068.46,0.00,Completed
ORD-02137,CUST-0335,2025-07-25 13:25:32,Mumbai,Tier 1,Chronic,1,1713.48,0.00,Completed
ORD-02138,CUST-0250,2025-07-25 13:41:09,Bengaluru,Tier 1,OTC,1,359.36,60.00,Cancelled
ORD-02139,CUST-0900,2025-07-25 15:18:52,Hyderabad,Tier 1,OTC,0,1212.91,0.00,Refunded
ORD-02140,CUST-0349,2025-07-25 15:41:12,Hyderabad,Tier 1,OTC,0,206.43,46.00,Completed
ORD-02141,CUST-0650,2025-07-26 01:05:18,Mumbai,Tier 1,OTC,0,601.17,0.00,Completed
ORD-02142,CUST-0086,2025-07-26 07:14:17,Mumbai,Tier 1,Chronic,1,2271.66,0.00,Completed
ORD-02143,CUST-0409,2025-07-26 08:47:33,Mumbai,Tier 1,OTC,0,199.16,70.00,Completed
ORD-02144,CUST-0884,2025-07-26 09:05:13,Bengaluru,Tier 1,Chronic,1,372.28,47.00,Completed
ORD-02145,CUST-0045,2025-07-26 09:42:39,Lucknow,Tier 2,Chronic,1,1200.30,0.00,Completed
ORD-02146,CUST-0055,2025-07-26 09:59:58,Chennai,Tier 1,OTC,0,289.42,66.00,Completed
ORD-02147,CUST-0918,2025-07-26 10:39:15,Mumbai,Tier 1,Chronic,1,1074.24,0.00,Completed
ORD-02148,CUST-0254,2025-07-26 11:27:48,Delhi,Tier 1,OTC,0,592.78,0.00,Completed
ORD-02149,CUST-0115,2025-07-26 13:10:01,Mumbai,Tier 1,Chronic,1,1204.03,0.00,Completed
ORD-02150,CUST-0746,2025-07-26 13:26:41,Bengaluru,Tier 1,OTC,0,393.52,66.00,Completed
ORD-02151,CUST-0224,2025-07-26 17:48:02,,,Chronic,1,1731.54,0.00,Completed
ORD-02152,CUST-0398,2025-07-26 18:02:35,Delhi,Tier 1,Chronic,1,1495.43,0.00,Cancelled
ORD-02153,CUST-1166,2025-07-26 19:32:36,Lucknow,Tier 2,Chronic,1,1585.64,0.00,Completed
ORD-02154,CUST-0171,2025-07-26 23:35:12,Delhi,Tier 1,OTC,0,2984.27,0.00,Cancelled
ORD-02155,CUST-0076,2025-07-27 07:32:15,Delhi,Tier 1,Chronic,1,1859.19,0.00,Completed
ORD-02156,CUST-0708,2025-07-27 09:44:54,Jaipur,Tier 2,OTC,0,2438.21,0.00,Completed
ORD-02157,CUST-0045,2025-07-27 10:59:48,Lucknow,Tier 2,OTC,0,234.05,62.00,Completed
ORD-02158,CUST-0419,2025-07-27 12:38:08,Delhi,Tier 1,OTC,0,422.38,59.00,Completed
ORD-02159,CUST-1135,2025-07-27 13:02:42,Indore,Tier 2,Chronic,1,985.06,0.00,Cancelled
ORD-02160,CUST-0265,2025-07-27 13:17:28,Indore,Tier 2,Chronic,1,1537.74,0.00,Refunded
ORD-02161,CUST-0652,2025-07-27 14:20:38,Lucknow,Tier 2,OTC,1,669.63,0.00,Completed
ORD-02162,CUST-0043,2025-07-27 16:09:07,Chennai,Tier 1,OTC,0,1789.51,0.00,Completed
ORD-02163,CUST-0621,2025-07-27 16:31:31,Jaipur,Tier 2,Chronic,1,3193.98,0.00,Completed
ORD-02163,CUST-0621,2025-07-27 16:31:31,Indore,Tier 2,Chronic,1,4375.75,0.00,Completed
ORD-02164,CUST-0530,2025-07-27 18:34:54,Delhi,Tier 1,OTC,0,129.21,79.00,Completed
ORD-02165,CUST-0995,2025-07-27 20:09:38,Indore,Tier 2,OTC,0,551.35,0.00,Completed
ORD-02166,CUST-0532,2025-07-27 20:54:55,Chennai,Tier 1,OTC,0,608.27,0.00,Completed
ORD-02167,CUST-0477,2025-07-27 22:58:01,Bengaluru,Tier 1,Chronic,1,863.13,0.00,Cancelled
ORD-02168,CUST-1045,2025-07-28 11:26:26,Mumbai,Tier 1,OTC,0,268.62,77.00,Completed
ORD-02169,CUST-0306,2025-07-28 11:49:56,Bengaluru,Tier 1,OTC,0,215.81,64.00,Completed
ORD-02170,CUST-0557,2025-07-28 12:34:55,Delhi,Tier 1,Chronic,1,430.41,47.00,Completed
ORD-02171,CUST-0129,2025-07-28 13:16:15,Mumbai,Tier 1,Chronic,1,1069.59,0.00,Completed
ORD-02172,CUST-0231,2025-07-28 16:15:44,Mumbai,Tier 1,OTC,0,734.34,0.00,Cancelled
ORD-02173,CUST-0811,2025-07-28 16:24:44,Mumbai,Tier 1,OTC,0,209.91,80.00,Completed
ORD-02174,CUST-0819,2025-07-28 17:19:02,Chennai,Tier 1,OTC,0,147.43,51.00,Completed
ORD-02175,CUST-1055,2025-07-28 17:52:34,Delhi,Tier 1,OTC,0,646.24,0.00,Completed
ORD-02176,CUST-0086,2025-07-28 18:27:55,Mumbai,Tier 1,Chronic,1,1366.50,0.00,Completed
ORD-02177,CUST-0064,2025-07-28 19:24:04,Jaipur,Tier 2,Chronic,1,4332.23,0.00,Completed
ORD-02178,CUST-1082,2025-07-28 20:47:08,Lucknow,Tier 2,OTC,0,912.58,0.00,Completed
ORD-02179,CUST-0281,2025-07-28 23:07:39,Mumbai,Tier 1,OTC,0,104.12,55.00,Completed
ORD-02180,CUST-0608,2025-07-28 23:47:45,Mumbai,Tier 1,OTC,0,499.10,0.00,Completed
ORD-02181,CUST-0363,2025-07-28 23:47:45,Mumbai,Tier 1,Chronic,1,1619.26,0.00,Completed
ORD-02182,CUST-0306,2025-07-29 05:37:53,Bengaluru,Tier 1,OTC,0,1302.21,0.00,Completed
ORD-02183,CUST-0023,2025-07-29 10:37:56,Indore,Tier 2,OTC,0,886.02,0.00,Refunded
ORD-02184,CUST-0126,2025-07-29 10:44:37,Bengaluru,Tier 1,Chronic,1,1210.03,0.00,Completed
ORD-02185,CUST-0632,2025-07-29 12:59:04,Jaipur,Tier 2,OTC,0,529.42,0.00,Completed
ORD-02186,CUST-0606,2025-07-29 14:00:19,Jaipur,Tier 2,Chronic,1,475.69,59.00,Completed
ORD-02187,CUST-0306,2025-07-29 14:02:25,Bengaluru,Tier 1,OTC,0,1039.74,0.00,Completed
ORD-02188,CUST-0237,2025-07-29 16:37:00,Bengaluru,Tier 1,Chronic,1,670.03,0.00,Completed
ORD-02189,CUST-0650,2025-07-29 17:31:58,Mumbai,Tier 1,Chronic,1,754.12,0.00,Completed
ORD-02190,CUST-0329,2025-07-29 18:22:10,Chennai,Tier 1,OTC,0,946.07,0.00,Completed
ORD-02191,CUST-0538,2025-07-29 19:27:45,Mumbai,Tier 1,Chronic,1,1580.06,0.00,Completed
ORD-02192,CUST-0227,2025-07-29 21:39:11,Mumbai,Tier 1,OTC,1,412.86,57.00,Completed
ORD-02193,CUST-0652,2025-07-29 22:11:48,Lucknow,Tier 2,Chronic,1,699.53,0.00,Completed
ORD-02194,CUST-0553,2025-07-30 01:02:30,Delhi,Tier 1,Chronic,1,1303.37,0.00,Completed
ORD-02195,CUST-0724,2025-07-30 09:15:31,Indore,Tier 2,OTC,0,646.90,0.00,Completed
ORD-02196,CUST-0597,2025-07-30 13:57:33,Chennai,Tier 1,Chronic,1,1248.75,0.00,Completed
ORD-02197,CUST-0891,2025-07-30 17:32:23,Delhi,Tier 1,Chronic,1,902.62,0.00,Completed
ORD-02198,CUST-0695,2025-07-30 18:09:55,Lucknow,Tier 2,OTC,0,565.91,0.00,Completed
ORD-02199,CUST-0491,2025-07-30 18:54:16,Chennai,Tier 1,OTC,0,103.22,66.00,Refunded
ORD-02200,CUST-0085,2025-07-30 18:55:00,Mumbai,Tier 1,OTC,0,738.29,0.00,Completed
ORD-02201,CUST-0582,2025-07-30 19:24:45,Hyderabad,Tier 1,OTC,0,841.60,0.00,Completed
ORD-02202,CUST-0588,2025-07-30 20:45:53,Delhi,Tier 1,OTC,0,844.14,0.00,Completed
ORD-02203,CUST-1146,2025-07-30 21:06:02,Delhi,Tier 1,Chronic,1,539.54,0.00,Cancelled
ORD-02204,CUST-0862,2025-07-30 23:53:23,Jaipur,Tier 2,OTC,0,801.86,0.00,Completed
ORD-02205,CUST-0569,2025-07-31 06:21:59,Bengaluru,Tier 1,OTC,0,1053.69,0.00,Cancelled
ORD-02206,CUST-0904,2025-07-31 07:52:10,Bengaluru,Tier 1,OTC,0,573.63,0.00,Completed
ORD-02207,CUST-0048,2025-07-31 09:04:15,Delhi,Tier 1,Chronic,1,1556.37,0.00,Completed
ORD-02208,CUST-0323,2025-07-31 11:38:05,Delhi,Tier 1,Chronic,1,912.02,0.00,Completed
ORD-02209,CUST-0182,2025-07-31 12:13:22,Lucknow,Tier 2,Chronic,1,625.08,0.00,Completed
ORD-02210,CUST-1060,2025-07-31 13:10:44,Chennai,Tier 1,OTC,0,263.27,42.00,Completed
ORD-02211,CUST-0290,2025-07-31 17:05:24,Mumbai,Tier 1,OTC,0,627.36,0.00,Completed
ORD-02212,CUST-0835,2025-07-31 17:21:57,Chennai,Tier 1,OTC,0,1160.03,0.00,Completed
ORD-02213,CUST-0449,2025-07-31 18:09:05,Mumbai,Tier 1,Chronic,1,1087.87,0.00,Completed
ORD-02214,CUST-0985,2025-07-31 19:31:47,Mumbai,Tier 1,OTC,0,756.83,0.00,Completed
ORD-02215,CUST-0773,2025-07-31 21:27:23,Hyderabad,Tier 1,OTC,0,803.64,0.00,Completed
ORD-02216,CUST-0558,2025-07-31 21:52:11,Bengaluru,Tier 1,OTC,0,1453.20,0.00,Refunded
ORD-02217,CUST-0361,2025-08-01 05:14:57,Indore,Tier 2,OTC,0,1032.52,0.00,Refunded
ORD-02218,CUST-0867,2025-08-01 06:28:01,Lucknow,Tier 2,OTC,0,656.46,0.00,Completed
ORD-02219,CUST-0918,2025-08-01 08:26:55,Mumbai,Tier 1,Chronic,1,392.10,76.00,Cancelled
ORD-02220,CUST-0062,2025-08-01 10:44:53,Bengaluru,Tier 1,Chronic,1,1568.58,0.00,Completed
ORD-02221,CUST-0449,2025-08-01 11:54:43,Mumbai,Tier 1,Chronic,1,1551.01,0.00,Completed
ORD-02222,CUST-0343,2025-08-01 12:25:16,Jaipur,Tier 2,OTC,1,599.10,0.00,Completed
ORD-02223,CUST-0025,2025-08-01 13:52:36,Jaipur,Tier 2,OTC,0,259.44,41.00,Completed
ORD-02224,CUST-0136,2025-08-01 14:45:59,Mumbai,Tier 1,Chronic,1,777.11,0.00,Cancelled
ORD-02225,CUST-0131,2025-08-01 15:18:11,Mumbai,Tier 1,OTC,0,704.61,0.00,Completed
ORD-02226,CUST-0390,2025-08-01 15:59:45,Lucknow,Tier 2,Chronic,1,1487.76,0.00,Completed
ORD-02227,CUST-0179,2025-08-01 16:44:01,Lucknow,Tier 2,Chronic,1,794.68,0.00,Cancelled
ORD-02228,CUST-0934,2025-08-01 17:11:37,Jaipur,Tier 2,Chronic,1,1697.75,0.00,Completed
ORD-02229,CUST-0622,2025-08-01 17:55:53,Bengaluru,Tier 1,OTC,0,531.69,0.00,Completed
ORD-02230,CUST-0480,2025-08-01 20:13:00,Bengaluru,Tier 1,OTC,0,187.48,75.00,Completed
ORD-02231,CUST-0787,2025-08-01 20:23:42,Jaipur,Tier 2,Chronic,1,5940.77,0.00,Completed
ORD-02232,CUST-0244,2025-08-01 20:58:24,Hyderabad,Tier 1,OTC,0,592.55,0.00,Completed
ORD-02233,CUST-0379,2025-08-01 22:13:03,Bengaluru,Tier 1,Chronic,1,1446.44,0.00,Completed
ORD-02234,CUST-1113,2025-08-02 09:40:13,Hyderabad,Tier 1,Chronic,1,1139.78,0.00,Completed
ORD-02235,CUST-0837,2025-08-02 09:51:55,Jaipur,Tier 2,OTC,1,468.21,48.00,Completed
ORD-02236,CUST-1065,2025-08-02 14:22:16,Delhi,Tier 1,OTC,0,409.47,51.00,Completed
ORD-02237,CUST-0438,2025-08-02 15:24:38,Hyderabad,Tier 1,OTC,0,423.88,48.00,Completed
ORD-02238,CUST-0698,2025-08-02 16:02:02,Hyderabad,Tier 1,OTC,0,259.96,41.00,Completed
ORD-02239,CUST-0802,2025-08-02 16:43:43,Delhi,Tier 1,OTC,0,249.04,76.00,Completed
ORD-02240,CUST-0238,2025-08-02 20:21:47,Jaipur,Tier 2,OTC,0,301.50,69.00,Completed
ORD-02241,CUST-0071,2025-08-02 21:48:07,Delhi,Tier 1,Chronic,1,2096.20,0.00,Completed
ORD-02242,CUST-0723,2025-08-03 10:56:12,Mumbai,Tier 1,Chronic,1,1391.51,0.00,Completed
ORD-02243,CUST-0181,2025-08-03 14:10:31,Lucknow,Tier 2,OTC,1,271.10,80.00,Completed
ORD-02244,CUST-0963,2025-08-03 18:58:46,Mumbai,Tier 1,Chronic,1,738.38,0.00,Completed
ORD-02245,CUST-0227,2025-08-03 19:15:30,Mumbai,Tier 1,OTC,0,430.30,76.00,Completed
ORD-02246,CUST-0911,2025-08-03 20:58:35,Jaipur,Tier 2,Chronic,1,690.06,0.00,Completed
ORD-02247,CUST-1186,2025-08-03 21:28:29,Jaipur,Tier 2,OTC,0,1168.09,0.00,Refunded
ORD-02248,CUST-0376,2025-08-03 22:16:14,Mumbai,Tier 1,OTC,0,1416.72,0.00,Completed
ORD-02249,CUST-0678,2025-08-03 22:57:10,Bengaluru,Tier 1,OTC,0,1040.20,0.00,Completed
ORD-02250,CUST-0603,2025-08-04 09:46:15,Lucknow,Tier 2,Chronic,1,795.21,0.00,Completed
ORD-02251,CUST-0867,2025-08-04 10:27:00,Lucknow,Tier 2,Chronic,1,2036.00,0.00,Completed
ORD-02252,CUST-0426,2025-08-04 10:57:38,Jaipur,Tier 2,Chronic,1,1216.01,0.00,Completed
ORD-02253,CUST-0773,2025-08-04 11:45:12,Hyderabad,Tier 1,OTC,1,318.48,80.00,Completed
ORD-02254,CUST-0630,2025-08-04 15:04:25,Jaipur,Tier 2,Chronic,1,1820.96,0.00,Completed
ORD-02255,CUST-0136,2025-08-04 15:12:42,Mumbai,Tier 1,Chronic,1,694.99,0.00,Completed
ORD-02256,CUST-1065,2025-08-04 15:23:44,Delhi,Tier 1,OTC,0,988.07,0.00,Completed
ORD-02257,CUST-0594,2025-08-04 16:03:51,Hyderabad,Tier 1,Chronic,1,1804.84,0.00,Completed
ORD-02258,CUST-0961,2025-08-04 16:19:03,Hyderabad,Tier 1,OTC,0,383.67,64.00,Completed
ORD-02259,CUST-1085,2025-08-04 17:48:13,Indore,Tier 2,Chronic,1,922.73,0.00,Cancelled
ORD-02260,CUST-0824,2025-08-04 19:06:32,Chennai,Tier 1,OTC,0,247.28,60.00,Completed
ORD-02261,CUST-0438,2025-08-04 20:52:54,Hyderabad,Tier 1,Chronic,1,997.42,0.00,Completed
ORD-02262,CUST-1013,2025-08-04 21:07:58,Bengaluru,Tier 1,Chronic,1,596.84,0.00,Completed
ORD-02263,CUST-0245,2025-08-05 09:10:42,Hyderabad,Tier 1,Chronic,1,1051.71,0.00,Completed
ORD-02264,CUST-0894,2025-08-05 10:20:38,Mumbai,Tier 1,OTC,0,619.76,0.00,Completed
ORD-02265,CUST-0756,2025-08-05 10:37:11,Delhi,Tier 1,OTC,0,554.66,0.00,Completed
ORD-02266,CUST-0879,2025-08-05 11:36:49,Hyderabad,Tier 1,OTC,0,607.36,0.00,Completed
ORD-02267,CUST-0877,2025-08-05 13:00:24,Bengaluru,Tier 1,OTC,0,254.09,70.00,Completed
ORD-02268,CUST-1010,2025-08-05 14:04:52,Bengaluru,Tier 1,Chronic,1,1106.13,0.00,Completed
ORD-02269,CUST-1159,2025-08-05 14:25:47,Bengaluru,Tier 1,Chronic,1,1217.33,0.00,Completed
ORD-02270,CUST-0254,2025-08-05 14:48:53,Delhi,Tier 1,OTC,1,1192.80,0.00,Completed
ORD-02271,CUST-0123,2025-08-05 16:59:12,Mumbai,Tier 1,OTC,0,262.68,67.00,Completed
ORD-02272,CUST-0806,2025-08-05 17:28:52,Mumbai,Tier 1,OTC,0,655.93,0.00,Cancelled
ORD-02273,CUST-1127,2025-08-05 19:02:39,Hyderabad,Tier 1,Chronic,1,1469.77,0.00,Completed
ORD-02274,CUST-1022,2025-08-05 19:09:44,Jaipur,Tier 2,Chronic,1,1463.54,0.00,Completed
ORD-02275,CUST-0295,2025-08-05 19:46:50,Lucknow,Tier 2,Chronic,1,376.51,45.00,Completed
ORD-02276,CUST-0050,2025-08-05 22:27:44,Mumbai,Tier 1,Chronic,1,2072.63,0.00,Completed
ORD-02277,CUST-0014,2025-08-05 22:44:37,Jaipur,Tier 2,OTC,0,3009.25,0.00,Completed
ORD-02278,CUST-0039,2025-08-06 04:52:44,Delhi,Tier 1,Chronic,1,291.31,44.00,Completed
ORD-02279,CUST-0780,2025-08-06 07:08:41,Lucknow,Tier 2,Chronic,1,1119.50,0.00,Refunded
ORD-02280,CUST-0582,2025-08-06 08:14:59,Hyderabad,Tier 1,OTC,0,797.21,0.00,Completed
ORD-02281,CUST-0963,2025-08-06 09:29:20,Mumbai,Tier 1,Chronic,1,1112.03,0.00,Completed
ORD-02282,CUST-0113,2025-08-06 11:14:14,Delhi,Tier 1,Chronic,1,1151.10,0.00,Completed
ORD-02283,CUST-0445,2025-08-06 12:59:05,Delhi,Tier 1,Chronic,1,1716.80,0.00,Completed
ORD-02284,CUST-0567,2025-08-06 16:06:42,Jaipur,Tier 2,Chronic,1,1291.50,0.00,Completed
ORD-02285,CUST-0170,2025-08-06 18:58:01,Indore,Tier 2,Chronic,1,1313.03,0.00,Completed
ORD-02286,CUST-0702,2025-08-06 19:12:11,Delhi,Tier 1,OTC,0,617.05,0.00,Completed
ORD-02287,CUST-0269,2025-08-06 19:27:13,Mumbai,Tier 1,OTC,0,313.96,46.00,Refunded
ORD-02288,CUST-0045,2025-08-06 19:55:22,Lucknow,Tier 2,OTC,0,1916.75,0.00,Completed
ORD-02289,CUST-0697,2025-08-06 20:29:04,Jaipur,Tier 2,OTC,1,1688.20,0.00,Completed
ORD-02290,CUST-0126,2025-08-06 20:38:55,Bengaluru,Tier 1,OTC,1,552.02,0.00,Completed
ORD-02291,CUST-0265,2025-08-06 20:40:05,Indore,Tier 2,OTC,0,307.71,71.00,Refunded
ORD-02292,CUST-0964,2025-08-07 03:44:52,Mumbai,Tier 1,Chronic,1,441.54,48.00,Completed
ORD-02293,CUST-0081,2025-08-07 10:49:06,Chennai,Tier 1,OTC,0,848.00,0.00,Completed
ORD-02294,CUST-0853,2025-08-07 11:03:40,Lucknow,Tier 2,Chronic,1,833.40,0.00,Completed
ORD-02295,CUST-0125,2025-08-07 12:35:46,Mumbai,Tier 1,Chronic,1,429.97,41.00,Completed
ORD-02296,CUST-1151,2025-08-07 12:53:36,Mumbai,Tier 1,Chronic,1,811.32,0.00,Completed
ORD-02297,CUST-0339,2025-08-07 13:09:49,Mumbai,Tier 1,Chronic,1,1717.79,0.00,Completed
ORD-02298,CUST-0335,2025-08-07 13:20:33,Mumbai,Tier 1,Chronic,1,1440.82,0.00,Cancelled
ORD-02299,CUST-0374,2025-08-07 14:53:23,Delhi,Tier 1,OTC,1,389.23,64.00,Completed
ORD-02300,CUST-0265,2025-08-07 16:43:44,Indore,Tier 2,OTC,0,1000.68,0.00,Completed
ORD-02301,CUST-0247,2025-08-07 16:45:04,Hyderabad,Tier 1,Chronic,1,256.91,61.00,Completed
ORD-02302,CUST-0414,2025-08-07 17:39:35,Lucknow,Tier 2,Chronic,1,1759.81,0.00,Completed
ORD-02303,CUST-0434,2025-08-07 19:22:42,Lucknow,Tier 2,OTC,0,758.70,0.00,Completed
ORD-02304,CUST-1044,2025-08-07 21:05:29,Chennai,Tier 1,Chronic,1,786.26,0.00,Completed
ORD-02305,CUST-0723,2025-08-08 00:42:39,Mumbai,Tier 1,OTC,0,265.40,79.00,Completed
ORD-02306,CUST-0632,2025-08-08 08:55:36,Jaipur,Tier 2,Chronic,1,386.96,50.00,Completed
ORD-02307,CUST-0209,2025-08-08 10:36:12,Mumbai,Tier 1,Chronic,1,1579.52,0.00,Cancelled
ORD-02308,CUST-0979,2025-08-08 10:54:26,Hyderabad,Tier 1,OTC,0,562.50,0.00,Completed
ORD-02309,CUST-0511,2025-08-08 11:35:44,Mumbai,Tier 1,OTC,0,226.68,75.00,Refunded
ORD-02310,CUST-0853,2025-08-08 11:57:18,Lucknow,Tier 2,OTC,0,300.75,75.00,Completed
ORD-02311,CUST-0844,2025-08-08 13:34:16,Bengaluru,Tier 1,OTC,0,585.94,0.00,Completed
ORD-02312,CUST-0196,2025-08-08 18:31:32,Mumbai,Tier 1,OTC,0,1288.30,0.00,Completed
ORD-02313,CUST-0245,2025-08-08 18:38:42,Hyderabad,Tier 1,OTC,0,563.99,0.00,Completed
ORD-02314,CUST-0251,2025-08-08 19:27:56,Chennai,Tier 1,OTC,0,259.82,74.00,Completed
ORD-02315,CUST-1108,2025-08-08 20:34:57,Bengaluru,Tier 1,OTC,0,516.79,0.00,Completed
ORD-02316,CUST-0483,2025-08-08 21:03:51,Hyderabad,Tier 1,OTC,0,268.62,42.00,Completed
ORD-02317,CUST-0243,2025-08-08 21:53:41,Delhi,Tier 1,OTC,0,288.61,40.00,Completed
ORD-02318,CUST-0642,2025-08-09 06:55:51,Jaipur,Tier 2,Chronic,1,557.82,0.00,Cancelled
ORD-02319,CUST-0815,2025-08-09 08:39:32,Mumbai,Tier 1,OTC,0,1098.43,0.00,Completed
ORD-02320,CUST-0663,2025-08-09 10:12:58,Delhi,Tier 1,OTC,0,834.30,0.00,Completed
ORD-02321,CUST-1050,2025-08-09 10:56:30,Delhi,Tier 1,OTC,0,2149.53,0.00,Completed
ORD-02322,CUST-0889,2025-08-09 11:48:41,Mumbai,Tier 1,Chronic,1,1058.57,0.00,Completed
ORD-02323,CUST-0168,2025-08-09 12:05:00,Jaipur,Tier 2,Chronic,1,772.96,0.00,Completed
ORD-02324,CUST-1069,2025-08-09 15:24:07,Mumbai,Tier 1,OTC,0,1487.90,0.00,Completed
ORD-02325,CUST-0879,2025-08-09 15:35:23,Hyderabad,Tier 1,Chronic,1,1463.46,0.00,Completed
ORD-02326,CUST-1153,2025-08-09 16:03:19,Mumbai,Tier 1,Chronic,1,574.74,0.00,Completed
ORD-02327,CUST-1165,2025-08-09 17:04:26,Mumbai,Tier 1,Chronic,1,4542.89,0.00,Completed
ORD-02328,CUST-0771,2025-08-09 17:57:52,Delhi,Tier 1,OTC,0,215.47,53.00,Completed
ORD-02329,CUST-0508,2025-08-10 06:31:20,Lucknow,Tier 2,Chronic,1,826.55,0.00,Refunded
ORD-02330,CUST-0041,2025-08-10 10:16:44,Bengaluru,Tier 1,Chronic,1,468.60,41.00,Completed
ORD-02331,CUST-0142,2025-08-10 10:33:14,Bengaluru,Tier 1,OTC,0,454.28,49.00,Completed
ORD-02332,CUST-0615,2025-08-10 11:22:39,Delhi,Tier 1,OTC,0,258.37,54.00,Completed
ORD-02333,CUST-1072,2025-08-10 11:52:48,Hyderabad,Tier 1,OTC,0,1066.29,0.00,Completed
ORD-02334,CUST-0840,2025-08-10 13:22:01,Hyderabad,Tier 1,OTC,0,898.27,0.00,Completed
ORD-02335,CUST-1114,2025-08-10 13:47:37,Indore,Tier 2,OTC,1,972.68,0.00,Completed
ORD-02336,CUST-0462,2025-08-10 14:13:59,Mumbai,Tier 1,Chronic,1,1776.59,0.00,Completed
ORD-02337,CUST-0136,2025-08-10 15:40:11,Mumbai,Tier 1,Chronic,1,491.61,40.00,Completed
ORD-02338,CUST-0910,2025-08-10 15:43:37,Delhi,Tier 1,Chronic,1,461.15,78.00,Completed
ORD-02339,CUST-0555,2025-08-10 16:09:27,Mumbai,Tier 1,OTC,0,729.53,0.00,Completed
ORD-02340,CUST-0971,2025-08-10 16:21:04,Delhi,Tier 1,OTC,0,335.03,47.00,Refunded
ORD-02341,CUST-0195,2025-08-10 16:42:57,Mumbai,Tier 1,OTC,0,274.60,64.00,Completed
ORD-02342,CUST-0240,2025-08-10 17:22:14,Mumbai,Tier 1,Chronic,1,1000.79,0.00,Completed
ORD-02343,CUST-0575,2025-08-10 17:25:36,Lucknow,Tier 2,Chronic,1,1168.63,0.00,Cancelled
ORD-02344,CUST-1076,2025-08-10 17:32:13,Delhi,Tier 1,Chronic,1,2045.34,0.00,Cancelled
ORD-02345,CUST-0869,2025-08-10 17:59:05,Mumbai,Tier 1,OTC,0,875.53,0.00,Completed
ORD-02346,CUST-0894,2025-08-10 19:03:55,Mumbai,Tier 1,OTC,0,330.19,63.00,Completed
ORD-02347,CUST-0108,2025-08-10 20:41:28,Delhi,Tier 1,Chronic,1,778.27,0.00,Completed
ORD-02348,CUST-0460,2025-08-10 20:48:44,Chennai,Tier 1,OTC,0,328.11,57.00,Completed
ORD-02349,CUST-1136,2025-08-10 21:06:02,Delhi,Tier 1,OTC,0,909.58,0.00,Completed
ORD-02350,CUST-0711,2025-08-10 21:57:06,Indore,Tier 2,Chronic,1,829.67,0.00,Completed
ORD-02351,CUST-1173,2025-08-10 22:38:55,Delhi,Tier 1,OTC,0,675.66,0.00,Completed
ORD-02352,CUST-0075,2025-08-11 05:59:53,Mumbai,Tier 1,OTC,0,2112.25,0.00,Completed
ORD-02353,CUST-0495,2025-08-11 09:20:38,Jaipur,Tier 2,OTC,0,1517.29,0.00,Completed
ORD-02354,CUST-0625,2025-08-11 09:27:37,Indore,Tier 2,OTC,0,257.47,54.00,Completed
ORD-02355,CUST-0670,2025-08-11 11:43:26,Bengaluru,Tier 1,OTC,0,284.01,69.00,Completed
ORD-02356,CUST-0002,2025-08-11 13:22:37,Bengaluru,Tier 1,OTC,0,319.94,58.00,Completed
ORD-02357,CUST-0616,2025-08-11 15:55:47,Jaipur,Tier 2,OTC,0,309.80,70.00,Completed
ORD-02358,CUST-0466,2025-08-11 16:04:05,Chennai,Tier 1,Chronic,1,727.34,0.00,Completed
ORD-02359,CUST-1069,2025-08-11 16:50:01,Mumbai,Tier 1,OTC,0,480.78,42.00,Completed
ORD-02360,CUST-0308,2025-08-11 17:41:36,Chennai,Tier 1,Chronic,1,3751.40,0.00,Cancelled
ORD-02361,CUST-0822,2025-08-11 17:45:50,Hyderabad,Tier 1,Chronic,1,1449.41,0.00,Completed
ORD-02362,CUST-0008,2025-08-11 19:09:18,Jaipur,Tier 2,OTC,0,868.49,0.00,Completed
ORD-02363,CUST-0568,2025-08-11 20:11:12,Mumbai,Tier 1,OTC,0,617.66,0.00,Completed
ORD-02364,CUST-0692,2025-08-11 20:27:20,Lucknow,Tier 2,Chronic,1,901.78,0.00,Completed
ORD-02365,CUST-0698,2025-08-11 21:26:43,Hyderabad,Tier 1,OTC,0,346.72,48.00,Completed
ORD-02366,CUST-0851,2025-08-11 22:25:09,Mumbai,Tier 1,OTC,0,969.50,0.00,Completed
ORD-02367,CUST-1036,2025-08-12 02:04:27,Chennai,Tier 1,OTC,0,329.45,52.00,Completed
ORD-02368,CUST-0391,2025-08-12 08:27:35,Chennai,Tier 1,Chronic,1,1096.44,0.00,Completed
ORD-02369,CUST-0351,2025-08-12 09:57:03,Hyderabad,Tier 1,Chronic,1,690.88,0.00,Completed
ORD-02370,CUST-0182,2025-08-12 11:30:40,Lucknow,Tier 2,Chronic,1,1436.02,0.00,Completed
ORD-02371,CUST-1113,2025-08-12 12:07:50,Hyderabad,Tier 1,OTC,1,1214.03,0.00,Completed
ORD-02372,CUST-0825,2025-08-12 15:46:41,Lucknow,Tier 2,OTC,0,367.77,55.00,Completed
ORD-02373,CUST-0291,2025-08-12 19:29:51,Lucknow,Tier 2,Chronic,1,1229.71,0.00,Completed
ORD-02374,CUST-0524,2025-08-12 20:18:55,Hyderabad,Tier 1,OTC,0,528.55,0.00,Completed
ORD-02375,CUST-0418,2025-08-12 20:56:38,Jaipur,Tier 2,OTC,0,456.36,61.00,Completed
ORD-02376,CUST-0474,2025-08-13 09:02:56,Mumbai,Tier 1,OTC,0,727.02,0.00,Completed
ORD-02377,CUST-0797,2025-08-13 09:41:17,Mumbai,Tier 1,OTC,1,207.33,56.00,Refunded
ORD-02378,CUST-0904,2025-08-13 10:58:04,Bengaluru,Tier 1,Chronic,1,1802.51,0.00,Completed
ORD-02379,CUST-0950,2025-08-13 11:11:30,Delhi,Tier 1,Chronic,1,1418.06,0.00,Completed
ORD-02380,CUST-0448,2025-08-13 12:39:34,Hyderabad,Tier 1,Chronic,1,696.64,0.00,Completed
ORD-02381,CUST-0985,2025-08-13 14:44:26,Mumbai,Tier 1,Chronic,1,820.40,0.00,Completed
ORD-02382,CUST-0719,2025-08-13 15:47:18,Chennai,Tier 1,Chronic,1,568.39,0.00,Refunded
ORD-02383,CUST-0606,2025-08-13 16:16:39,Jaipur,Tier 2,OTC,0,414.25,46.00,Completed
ORD-02384,CUST-0766,2025-08-13 20:48:23,Mumbai,Tier 1,Chronic,1,876.79,0.00,Completed
ORD-02385,CUST-0879,2025-08-13 20:50:07,Hyderabad,Tier 1,OTC,0,1413.38,0.00,Completed
ORD-02386,CUST-0244,2025-08-14 09:14:25,Hyderabad,Tier 1,Chronic,1,900.88,0.00,Completed
ORD-02387,CUST-0353,2025-08-14 10:17:00,Hyderabad,Tier 1,OTC,1,383.84,61.00,Completed
ORD-02388,CUST-0569,2025-08-14 11:14:11,Bengaluru,Tier 1,OTC,0,1399.99,0.00,Cancelled
ORD-02389,CUST-0708,2025-08-14 11:51:45,Jaipur,Tier 2,OTC,1,685.91,0.00,Completed
ORD-02390,CUST-0017,2025-08-14 12:56:00,Hyderabad,Tier 1,OTC,0,578.92,0.00,Completed
ORD-02391,CUST-0879,2025-08-14 14:56:18,Hyderabad,Tier 1,OTC,0,433.05,64.00,Completed
ORD-02392,CUST-0361,2025-08-14 14:56:19,Indore,Tier 2,Chronic,1,1521.36,0.00,Completed
ORD-02393,CUST-0274,2025-08-14 16:18:55,Hyderabad,Tier 1,OTC,1,1051.05,0.00,Completed
ORD-02394,CUST-0297,2025-08-14 16:19:13,Indore,Tier 2,Chronic,1,1961.51,0.00,Completed
ORD-02395,CUST-1140,2025-08-14 16:37:08,Chennai,Tier 1,OTC,1,293.39,64.00,Completed
ORD-02396,CUST-0759,2025-08-14 16:48:04,Mumbai,Tier 1,OTC,0,286.19,69.00,Completed
ORD-02397,CUST-0153,2025-08-14 19:17:37,Mumbai,Tier 1,Chronic,1,776.48,0.00,Refunded
ORD-02398,CUST-0863,2025-08-14 19:33:54,Jaipur,Tier 2,Chronic,1,1769.11,0.00,Cancelled
ORD-02399,CUST-0566,2025-08-15 06:21:55,Chennai,Tier 1,OTC,1,289.57,52.00,Completed
ORD-02400,CUST-0155,2025-08-15 08:50:38,Mumbai,Tier 1,Chronic,1,2014.83,0.00,Completed
ORD-02401,CUST-1193,2025-08-15 09:20:50,Lucknow,Tier 2,OTC,0,1010.23,0.00,Completed
ORD-02402,CUST-0278,2025-08-15 11:44:04,Hyderabad,Tier 1,OTC,0,541.38,0.00,Completed
ORD-02403,CUST-0380,2025-08-15 13:33:38,Chennai,Tier 1,OTC,0,757.22,0.00,Completed
ORD-02404,CUST-0129,2025-08-15 14:28:22,Mumbai,Tier 1,OTC,0,728.31,0.00,Completed
ORD-02405,CUST-0592,2025-08-15 14:52:29,,,OTC,0,502.26,0.00,Refunded
ORD-02406,CUST-0222,2025-08-15 15:15:32,Bengaluru,Tier 1,OTC,0,850.37,0.00,Completed
ORD-02407,CUST-0471,2025-08-15 17:01:38,,,Chronic,1,2220.77,0.00,Completed
ORD-02408,CUST-1185,2025-08-15 17:59:53,Mumbai,Tier 1,Chronic,1,695.01,0.00,Completed
ORD-02409,CUST-0283,2025-08-15 18:48:04,Delhi,Tier 1,OTC,0,329.29,75.00,Completed
ORD-02410,CUST-0475,2025-08-16 03:21:18,Delhi,Tier 1,OTC,0,1382.52,0.00,Completed
ORD-02411,CUST-0879,2025-08-16 07:34:27,Hyderabad,Tier 1,Chronic,1,2183.54,0.00,Completed
ORD-02412,CUST-0757,2025-08-16 09:00:00,Delhi,Tier 1,Chronic,1,757.90,0.00,Completed
ORD-02413,CUST-1074,2025-08-16 09:02:04,Indore,Tier 2,Chronic,1,557.80,0.00,Cancelled
ORD-02414,CUST-1043,2025-08-16 09:08:11,Chennai,Tier 1,OTC,1,170.22,53.00,Refunded
ORD-02415,CUST-0407,2025-08-16 09:17:33,Delhi,Tier 1,OTC,1,498.42,55.00,Completed
ORD-02416,CUST-0900,2025-08-16 09:40:56,Hyderabad,Tier 1,OTC,0,1467.08,0.00,Completed
ORD-02417,CUST-1003,2025-08-16 11:00:43,Mumbai,Tier 1,OTC,0,976.72,0.00,Completed
ORD-02418,CUST-0824,2025-08-16 11:20:52,Chennai,Tier 1,OTC,0,185.88,46.00,Completed
ORD-02419,CUST-0531,2025-08-16 13:05:27,Chennai,Tier 1,Chronic,1,1023.62,0.00,Cancelled
ORD-02420,CUST-1107,2025-08-16 13:13:29,Mumbai,Tier 1,OTC,1,811.82,0.00,Completed
ORD-02421,CUST-0464,2025-08-16 13:58:38,Delhi,Tier 1,OTC,0,360.82,65.00,Completed
ORD-02422,CUST-1164,2025-08-16 18:45:44,Mumbai,Tier 1,OTC,0,1172.72,0.00,Completed
ORD-02423,CUST-0466,2025-08-16 19:27:21,Chennai,Tier 1,OTC,0,725.88,0.00,Completed
ORD-02424,CUST-0384,2025-08-16 19:43:29,Bengaluru,Tier 1,Chronic,1,1292.45,0.00,Completed
ORD-02425,CUST-0342,2025-08-16 20:48:53,Indore,Tier 2,Chronic,1,1588.72,0.00,Completed
ORD-02426,CUST-1171,2025-08-16 23:15:34,Bengaluru,Tier 1,OTC,0,665.94,0.00,Completed
ORD-02427,CUST-1002,2025-08-17 00:29:18,Bengaluru,Tier 1,OTC,0,802.33,0.00,Completed
ORD-02428,CUST-0662,2025-08-17 05:06:11,Lucknow,Tier 2,OTC,0,747.33,0.00,Completed
ORD-02429,CUST-0808,2025-08-17 09:43:40,Mumbai,Tier 1,OTC,0,611.96,0.00,Completed
ORD-02430,CUST-0495,2025-08-17 09:57:19,Jaipur,Tier 2,Chronic,1,1269.24,0.00,Completed
ORD-02430,CUST-0495,2025-08-17 09:57:19,Jaipur,Tier 2,Chronic,1,1269.24,0.00,Completed
ORD-02431,CUST-0431,2025-08-17 10:28:29,Indore,Tier 2,Chronic,1,443.15,45.00,Completed
ORD-02432,CUST-0179,2025-08-17 10:52:24,Lucknow,Tier 2,Chronic,1,566.13,0.00,Completed
ORD-02433,CUST-0674,2025-08-17 11:09:10,Chennai,Tier 1,Chronic,1,1809.55,0.00,Completed
ORD-02434,CUST-0760,2025-08-17 11:51:48,Bengaluru,Tier 1,OTC,1,474.75,76.00,Completed
ORD-02435,CUST-0622,2025-08-17 12:32:15,Bengaluru,Tier 1,Chronic,1,1872.66,0.00,Completed
ORD-02436,CUST-0575,2025-08-17 13:39:24,Lucknow,Tier 2,OTC,0,548.42,0.00,Completed
ORD-02437,CUST-0550,2025-08-17 18:03:26,Bengaluru,Tier 1,Chronic,1,474.28,69.00,Completed
ORD-02438,CUST-1113,2025-08-17 18:30:24,Hyderabad,Tier 1,OTC,0,1051.87,0.00,Completed
ORD-02439,CUST-0103,2025-08-17 19:03:15,Delhi,Tier 1,Chronic,1,1854.20,0.00,Completed
ORD-02440,CUST-0974,2025-08-17 19:48:51,Lucknow,Tier 2,Chronic,1,1222.30,0.00,Completed
ORD-02441,CUST-0622,2025-08-17 21:07:09,Bengaluru,Tier 1,Chronic,1,886.46,0.00,Cancelled
ORD-02442,CUST-1046,2025-08-17 21:19:11,Delhi,Tier 1,Chronic,1,2103.40,0.00,Completed
ORD-02443,CUST-0794,2025-08-18 08:54:32,Mumbai,Tier 1,Chronic,1,1204.55,0.00,Completed
ORD-02444,CUST-0438,2025-08-18 13:12:47,Hyderabad,Tier 1,OTC,0,313.00,72.00,Cancelled
ORD-02445,CUST-0970,2025-08-18 16:15:31,Delhi,Tier 1,Chronic,1,1623.68,0.00,Completed
ORD-02446,CUST-0223,2025-08-18 17:48:24,Chennai,Tier 1,Chronic,1,1275.72,0.00,Completed
ORD-02447,CUST-0342,2025-08-18 18:00:04,Indore,Tier 2,OTC,0,744.80,0.00,Completed
ORD-02448,CUST-0528,2025-08-18 19:05:19,Indore,Tier 2,Chronic,1,984.79,0.00,Refunded
ORD-02449,CUST-0899,2025-08-18 20:52:00,Delhi,Tier 1,OTC,0,597.71,0.00,Refunded
ORD-02450,CUST-1179,2025-08-19 08:07:28,Delhi,Tier 1,OTC,0,338.51,74.00,Completed
ORD-02451,CUST-0450,2025-08-19 08:36:34,Hyderabad,Tier 1,OTC,0,400.34,78.00,Completed
ORD-02452,CUST-0638,2025-08-19 10:10:00,Chennai,Tier 1,Chronic,1,1984.45,0.00,Completed
ORD-02453,CUST-0699,2025-08-19 10:20:33,Chennai,Tier 1,Chronic,1,1336.36,0.00,Completed
ORD-02454,CUST-0140,2025-08-19 10:59:38,Mumbai,Tier 1,OTC,0,253.47,79.00,Completed
ORD-02455,CUST-0580,2025-08-19 12:14:46,Delhi,Tier 1,Chronic,1,1019.71,0.00,Completed
ORD-02456,CUST-0858,2025-08-19 13:09:40,Lucknow,Tier 2,Chronic,1,737.59,0.00,Completed
ORD-02457,CUST-0945,2025-08-19 13:22:10,Bengaluru,Tier 1,Chronic,1,2612.63,0.00,Completed
ORD-02458,CUST-0321,2025-08-19 14:36:20,Lucknow,Tier 2,OTC,0,473.66,40.00,Completed
ORD-02459,CUST-1176,2025-08-19 15:34:41,Jaipur,Tier 2,OTC,0,958.21,0.00,Completed
ORD-02460,CUST-0287,2025-08-19 17:05:34,Mumbai,Tier 1,Chronic,1,2857.93,0.00,Completed
ORD-02461,CUST-0533,2025-08-19 18:03:39,Bengaluru,Tier 1,OTC,0,588.49,0.00,Completed
ORD-02462,CUST-1062,2025-08-19 23:58:18,Hyderabad,Tier 1,OTC,0,531.79,0.00,Completed
ORD-02463,CUST-0653,2025-08-20 11:42:17,Chennai,Tier 1,OTC,0,387.69,71.00,Completed
ORD-02464,CUST-0956,2025-08-20 12:26:20,Lucknow,Tier 2,Chronic,1,1077.16,0.00,Completed
ORD-02465,CUST-0905,2025-08-20 12:28:57,Indore,Tier 2,Chronic,1,1815.83,0.00,Completed
ORD-02466,CUST-0712,2025-08-20 14:42:03,Chennai,Tier 1,Chronic,1,701.71,0.00,Completed
ORD-02467,CUST-1023,2025-08-20 17:13:28,Indore,Tier 2,Chronic,1,1185.90,0.00,Cancelled
ORD-02468,CUST-0879,2025-08-20 17:36:00,Hyderabad,Tier 1,Chronic,1,577.30,0.00,Completed
ORD-02469,CUST-0822,2025-08-20 17:37:54,Hyderabad,Tier 1,Chronic,1,1741.66,0.00,Completed
ORD-02470,CUST-0226,2025-08-20 19:03:48,Indore,Tier 2,OTC,0,2924.05,0.00,Completed
ORD-02471,CUST-0370,2025-08-20 19:44:34,Lucknow,Tier 2,OTC,0,114.50,74.00,Completed
ORD-02472,CUST-0581,2025-08-20 19:48:07,Bengaluru,Tier 1,Chronic,1,1808.66,0.00,Completed
ORD-02473,CUST-0837,2025-08-20 19:56:33,Jaipur,Tier 2,OTC,1,1799.98,0.00,Completed
ORD-02474,CUST-0343,2025-08-20 20:56:54,Jaipur,Tier 2,OTC,0,408.39,45.00,Completed
ORD-02475,CUST-0241,2025-08-20 22:35:32,Jaipur,Tier 2,OTC,1,877.61,0.00,Completed
ORD-02476,CUST-0452,2025-08-21 07:36:08,Lucknow,Tier 2,Chronic,1,915.47,0.00,Completed
ORD-02477,CUST-0824,2025-08-21 08:24:39,Chennai,Tier 1,OTC,0,291.89,44.00,Completed
ORD-02478,CUST-0295,2025-08-21 09:01:33,Lucknow,Tier 2,OTC,0,1095.39,0.00,Completed
ORD-02479,CUST-0647,2025-08-21 11:50:20,,,OTC,1,251.60,49.00,Completed
ORD-02480,CUST-0680,2025-08-21 12:08:23,Bengaluru,Tier 1,OTC,0,477.39,75.00,Completed
ORD-02481,CUST-0029,2025-08-21 15:28:17,Mumbai,Tier 1,OTC,0,953.22,0.00,Completed
ORD-02482,CUST-0633,2025-08-21 15:35:20,Mumbai,Tier 1,OTC,0,634.38,0.00,Completed
ORD-02483,CUST-0625,2025-08-21 17:28:52,Indore,Tier 2,Chronic,1,1623.29,0.00,Completed
ORD-02484,CUST-1082,2025-08-21 20:10:02,Lucknow,Tier 2,OTC,0,438.50,80.00,Completed
ORD-02485,CUST-0212,2025-08-21 21:02:27,Hyderabad,Tier 1,OTC,1,308.93,79.00,Completed
ORD-02486,CUST-0028,2025-08-21 21:07:32,Mumbai,Tier 1,OTC,0,560.23,0.00,Completed
ORD-02487,CUST-0789,2025-08-21 22:24:17,Jaipur,Tier 2,OTC,0,198.29,71.00,Completed
ORD-02488,CUST-1199,2025-08-22 11:14:21,Delhi,Tier 1,Chronic,1,675.00,0.00,Completed
ORD-02489,CUST-0660,2025-08-22 12:08:34,Bengaluru,Tier 1,OTC,0,405.02,53.00,Completed
ORD-02490,CUST-0896,2025-08-22 12:26:58,Lucknow,Tier 2,Chronic,1,1986.56,0.00,Completed
ORD-02491,CUST-0367,2025-08-22 12:40:18,Jaipur,Tier 2,OTC,1,342.71,80.00,Cancelled
ORD-02492,CUST-0218,2025-08-22 12:59:28,Mumbai,Tier 1,OTC,0,707.40,0.00,Completed
ORD-02493,CUST-0807,2025-08-22 16:46:41,Chennai,Tier 1,OTC,0,425.37,45.00,Completed
ORD-02494,CUST-1026,2025-08-22 17:04:30,Delhi,Tier 1,OTC,1,428.34,61.00,Completed
ORD-02495,CUST-0808,2025-08-22 17:19:04,Mumbai,Tier 1,Chronic,1,1531.41,0.00,Completed
ORD-02496,CUST-0064,2025-08-22 18:55:21,Jaipur,Tier 2,Chronic,1,1086.99,0.00,Completed
ORD-02497,CUST-0014,2025-08-22 19:50:35,Jaipur,Tier 2,Chronic,1,706.27,0.00,Completed
ORD-02498,CUST-0688,2025-08-22 20:24:34,Indore,Tier 2,Chronic,1,803.80,0.00,Completed
ORD-02499,CUST-0596,2025-08-22 20:42:36,Delhi,Tier 1,OTC,0,354.60,55.00,Completed
ORD-02500,CUST-0811,2025-08-22 20:44:52,Mumbai,Tier 1,OTC,0,217.51,56.00,Completed
ORD-02501,CUST-1183,2025-08-22 22:18:14,Mumbai,Tier 1,Chronic,1,866.39,0.00,Cancelled
ORD-02502,CUST-1066,2025-08-22 22:34:10,Indore,Tier 2,OTC,1,678.39,0.00,Completed
ORD-02503,CUST-1159,2025-08-23 07:08:17,Bengaluru,Tier 1,Chronic,1,743.88,0.00,Completed
ORD-02504,CUST-0405,2025-08-23 09:13:55,Indore,Tier 2,OTC,0,480.89,55.00,Completed
ORD-02505,CUST-0722,2025-08-23 10:21:39,Bengaluru,Tier 1,OTC,1,1558.77,0.00,Cancelled
ORD-02506,CUST-0863,2025-08-23 13:10:23,Jaipur,Tier 2,Chronic,1,824.93,0.00,Completed
ORD-02507,CUST-0337,2025-08-23 13:42:38,Mumbai,Tier 1,OTC,0,756.24,0.00,Completed
ORD-02508,CUST-0393,2025-08-23 18:58:37,Hyderabad,Tier 1,OTC,0,691.57,0.00,Completed
ORD-02509,CUST-1021,2025-08-23 19:07:10,Lucknow,Tier 2,Chronic,1,1055.99,0.00,Completed
ORD-02510,CUST-0376,2025-08-23 22:23:58,Mumbai,Tier 1,OTC,0,455.38,55.00,Completed
ORD-02511,CUST-0136,2025-08-24 03:53:55,Mumbai,Tier 1,OTC,0,846.99,0.00,Cancelled
ORD-02512,CUST-0051,2025-08-24 06:39:41,Delhi,Tier 1,OTC,1,744.11,0.00,Completed
ORD-02513,CUST-0217,2025-08-24 09:03:17,Mumbai,Tier 1,OTC,0,670.26,0.00,Completed
ORD-02514,CUST-1141,2025-08-24 10:04:25,Bengaluru,Tier 1,OTC,0,1547.37,0.00,Completed
ORD-02515,CUST-0315,2025-08-24 10:16:23,Bengaluru,Tier 1,OTC,0,330.62,43.00,Completed
ORD-02516,CUST-1159,2025-08-24 10:21:32,Bengaluru,Tier 1,Chronic,1,1511.63,0.00,Completed
ORD-02517,CUST-0960,2025-08-24 11:16:29,Hyderabad,Tier 1,OTC,0,600.71,0.00,Completed
ORD-02518,CUST-0709,2025-08-24 11:44:57,Bengaluru,Tier 1,OTC,0,617.45,0.00,Completed
ORD-02519,CUST-0121,2025-08-24 14:55:55,Hyderabad,Tier 1,Chronic,1,772.01,0.00,Completed
ORD-02520,CUST-0570,2025-08-24 16:00:49,Hyderabad,Tier 1,OTC,0,806.38,0.00,Completed
ORD-02521,CUST-0083,2025-08-24 16:32:06,Jaipur,Tier 2,Chronic,1,632.07,0.00,Completed
ORD-02522,CUST-0495,2025-08-24 17:36:04,Jaipur,Tier 2,Chronic,1,2086.21,0.00,Completed
ORD-02523,CUST-1190,2025-08-24 19:44:09,Chennai,Tier 1,Chronic,1,740.95,0.00,Completed
ORD-02524,CUST-1143,2025-08-24 22:16:35,Lucknow,Tier 2,OTC,0,468.05,61.00,Completed
ORD-02525,CUST-0498,2025-08-25 10:17:36,Chennai,Tier 1,Chronic,1,487.34,79.00,Cancelled
ORD-02526,CUST-0934,2025-08-25 10:26:08,Jaipur,Tier 2,Chronic,1,1800.96,0.00,Completed
ORD-02527,CUST-0853,2025-08-25 11:41:56,Lucknow,Tier 2,OTC,0,1620.24,0.00,Completed
ORD-02528,CUST-1114,2025-08-25 17:21:13,Indore,Tier 2,OTC,0,572.48,0.00,Completed
ORD-02529,CUST-0632,2025-08-25 18:14:12,Jaipur,Tier 2,OTC,0,850.67,0.00,Completed
ORD-02530,CUST-1065,2025-08-25 18:48:54,Delhi,Tier 1,Chronic,1,1030.99,0.00,Completed
ORD-02531,CUST-1019,2025-08-25 20:34:18,Mumbai,Tier 1,Chronic,1,1584.70,0.00,Completed
ORD-02532,CUST-0030,2025-08-25 20:36:51,Chennai,Tier 1,OTC,0,410.11,69.00,Completed
ORD-02533,CUST-0943,2025-08-25 21:09:00,Mumbai,Tier 1,Chronic,1,2356.60,0.00,Completed
ORD-02534,CUST-1045,2025-08-25 21:17:04,Mumbai,Tier 1,Chronic,1,491.92,78.00,Completed
ORD-02535,CUST-0016,2025-08-25 21:31:46,Delhi,Tier 1,OTC,0,569.62,0.00,Refunded
ORD-02536,CUST-0757,2025-08-26 08:54:44,Delhi,Tier 1,OTC,0,313.12,58.00,Completed
ORD-02537,CUST-1156,2025-08-26 09:33:37,Mumbai,Tier 1,OTC,0,913.73,0.00,Completed
ORD-02538,CUST-0784,2025-08-26 11:00:32,Hyderabad,Tier 1,Chronic,1,814.34,0.00,Completed
ORD-02539,CUST-0677,2025-08-26 12:34:25,Lucknow,Tier 2,Chronic,1,1642.58,0.00,Completed
ORD-02540,CUST-0182,2025-08-26 18:08:30,Lucknow,Tier 2,Chronic,1,453.83,72.00,Completed
ORD-02541,CUST-1121,2025-08-26 18:46:34,Chennai,Tier 1,Chronic,1,470.64,70.00,Completed
ORD-02542,CUST-0410,2025-08-26 20:28:50,Indore,Tier 2,OTC,0,840.39,0.00,Completed
ORD-02543,CUST-0544,2025-08-26 22:32:28,Indore,Tier 2,OTC,0,641.21,0.00,Cancelled
ORD-02544,CUST-0183,2025-08-27 10:28:41,Hyderabad,Tier 1,OTC,0,369.51,59.00,Completed
ORD-02545,CUST-0910,2025-08-27 11:38:54,Delhi,Tier 1,Chronic,1,948.15,0.00,Completed
ORD-02546,CUST-0449,2025-08-27 13:58:28,Mumbai,Tier 1,Chronic,1,927.07,0.00,Completed
ORD-02547,CUST-1200,2025-08-27 14:42:37,Jaipur,Tier 2,OTC,0,272.98,55.00,Completed
ORD-02548,CUST-0086,2025-08-27 17:17:15,Mumbai,Tier 1,OTC,0,367.14,46.00,Completed
ORD-02549,CUST-0888,2025-08-27 18:46:33,Mumbai,Tier 1,Chronic,1,2555.32,0.00,Cancelled
ORD-02550,CUST-0864,2025-08-27 19:06:32,Hyderabad,Tier 1,OTC,1,433.47,50.00,Completed
ORD-02551,CUST-0212,2025-08-27 21:05:05,Hyderabad,Tier 1,Chronic,1,1390.90,0.00,Completed
ORD-02552,CUST-0925,2025-08-28 09:01:17,Mumbai,Tier 1,Chronic,1,767.66,0.00,Completed
ORD-02553,CUST-0556,2025-08-28 09:21:51,Delhi,Tier 1,Chronic,1,550.20,0.00,Completed
ORD-02554,CUST-0115,2025-08-28 10:25:55,Mumbai,Tier 1,Chronic,1,1727.65,0.00,Completed
ORD-02555,CUST-0849,2025-08-28 11:31:04,Mumbai,Tier 1,OTC,0,407.19,69.00,Completed
ORD-02556,CUST-0658,2025-08-28 19:41:01,Delhi,Tier 1,OTC,0,693.28,0.00,Completed
ORD-02557,CUST-0469,2025-08-28 20:21:10,Mumbai,Tier 1,OTC,0,805.19,0.00,Completed
ORD-02558,CUST-1195,2025-08-28 20:52:27,Lucknow,Tier 2,Chronic,1,2741.65,0.00,Completed
ORD-02559,CUST-0323,2025-08-28 21:29:52,Delhi,Tier 1,Chronic,1,1926.96,0.00,Completed
ORD-02560,CUST-1108,2025-08-28 21:55:28,Bengaluru,Tier 1,OTC,0,872.18,0.00,Completed
ORD-02561,CUST-0949,2025-08-29 00:40:09,Lucknow,Tier 2,OTC,0,203.69,59.00,Completed
ORD-02562,CUST-0176,2025-08-29 11:58:12,Mumbai,Tier 1,OTC,0,1044.32,0.00,Refunded
ORD-02563,CUST-0226,2025-08-29 13:20:58,Indore,Tier 2,OTC,0,557.02,0.00,Completed
ORD-02564,CUST-1082,2025-08-29 13:55:38,Lucknow,Tier 2,OTC,1,693.51,0.00,Completed
ORD-02565,CUST-0037,2025-08-29 20:01:28,Mumbai,Tier 1,Chronic,1,969.19,0.00,Completed
ORD-02566,CUST-0594,2025-08-29 20:23:05,Hyderabad,Tier 1,Chronic,1,1986.59,0.00,Completed
ORD-02567,CUST-0278,2025-08-29 22:06:13,Hyderabad,Tier 1,OTC,0,385.67,63.00,Refunded
ORD-02568,CUST-0016,2025-08-30 06:45:45,Delhi,Tier 1,OTC,1,213.74,46.00,Cancelled
ORD-02569,CUST-1075,2025-08-30 09:42:09,Lucknow,Tier 2,OTC,0,412.33,70.00,Completed
ORD-02570,CUST-0255,2025-08-30 10:22:48,Delhi,Tier 1,Chronic,1,2699.32,0.00,Completed
ORD-02571,CUST-0928,2025-08-30 11:25:38,Lucknow,Tier 2,OTC,0,803.68,0.00,Completed
ORD-02572,CUST-0655,2025-08-30 13:38:58,Lucknow,Tier 2,OTC,0,583.09,0.00,Completed
ORD-02573,CUST-0395,2025-08-30 18:19:49,Mumbai,Tier 1,Chronic,1,1833.46,0.00,Completed
ORD-02574,CUST-0873,2025-08-30 18:47:16,Indore,Tier 2,Chronic,1,883.02,0.00,Completed
ORD-02575,CUST-0411,2025-08-30 20:00:33,Chennai,Tier 1,OTC,0,1333.62,0.00,Completed
ORD-02576,CUST-1195,2025-08-30 20:31:05,Lucknow,Tier 2,Chronic,1,1646.68,0.00,Completed
ORD-02577,CUST-0634,2025-08-30 21:10:15,Bengaluru,Tier 1,OTC,0,299.60,62.00,Completed
ORD-02578,CUST-0238,2025-08-31 00:44:34,Jaipur,Tier 2,OTC,1,1148.16,0.00,Completed
ORD-02579,CUST-0692,2025-08-31 11:02:56,Lucknow,Tier 2,OTC,0,1459.50,0.00,Completed
ORD-02580,CUST-0514,2025-08-31 12:04:10,Delhi,Tier 1,OTC,0,460.37,63.00,Completed
ORD-02581,CUST-0077,2025-08-31 14:54:34,Delhi,Tier 1,OTC,0,269.67,54.00,Refunded
ORD-02582,CUST-0580,2025-08-31 16:26:35,Delhi,Tier 1,Chronic,1,620.47,0.00,Completed
ORD-02583,CUST-0851,2025-08-31 16:58:43,Mumbai,Tier 1,OTC,0,479.36,80.00,Completed
ORD-02584,CUST-1049,2025-08-31 18:23:04,Lucknow,Tier 2,OTC,0,237.01,54.00,Completed
ORD-02585,CUST-1011,2025-08-31 18:25:23,Chennai,Tier 1,Chronic,1,768.55,0.00,Completed
ORD-02586,CUST-0049,2025-08-31 18:37:15,Chennai,Tier 1,Chronic,1,398.01,48.00,Completed
ORD-02587,CUST-0081,2025-08-31 20:30:16,Chennai,Tier 1,Chronic,1,2206.52,0.00,Completed
ORD-02588,CUST-0689,2025-09-01 07:14:36,Jaipur,Tier 2,Chronic,1,1843.98,0.00,Completed
ORD-02589,CUST-0547,2025-09-01 08:25:13,Bengaluru,Tier 1,OTC,0,1757.19,0.00,Completed
ORD-02590,CUST-0896,2025-09-01 09:55:56,Lucknow,Tier 2,Chronic,1,1774.21,0.00,Completed
ORD-02591,CUST-1153,2025-09-01 09:56:06,Mumbai,Tier 1,OTC,0,1186.55,0.00,Completed
ORD-02592,CUST-0274,2025-09-01 10:01:37,Hyderabad,Tier 1,Chronic,1,3887.32,0.00,Completed
ORD-02593,CUST-0123,2025-09-01 10:49:38,Mumbai,Tier 1,OTC,0,500.31,0.00,Completed
ORD-02594,CUST-0587,2025-09-01 11:04:06,Mumbai,Tier 1,OTC,0,945.80,0.00,Completed
ORD-02595,CUST-0853,2025-09-01 12:08:39,Lucknow,Tier 2,Chronic,1,1876.45,0.00,Completed
ORD-02596,CUST-1076,2025-09-01 13:25:34,Delhi,Tier 1,Chronic,1,1335.54,0.00,Completed
ORD-02597,CUST-0810,2025-09-01 18:10:32,Indore,Tier 2,OTC,0,290.72,51.00,Completed
ORD-02598,CUST-1117,2025-09-01 18:16:45,Mumbai,Tier 1,OTC,0,467.74,57.00,Completed
ORD-02599,CUST-1113,2025-09-02 00:50:00,Hyderabad,Tier 1,OTC,0,573.29,0.00,Cancelled
ORD-02600,CUST-0045,2025-09-02 05:13:00,Lucknow,Tier 2,OTC,0,659.13,0.00,Refunded
ORD-02601,CUST-0713,2025-09-02 06:52:44,Jaipur,Tier 2,OTC,0,466.61,56.00,Completed
ORD-02602,CUST-0999,2025-09-02 07:46:53,Indore,Tier 2,OTC,0,358.33,59.00,Completed
ORD-02603,CUST-0775,2025-09-02 09:10:06,Mumbai,Tier 1,Chronic,1,763.30,0.00,Completed
ORD-02604,CUST-0944,2025-09-02 09:40:19,Bengaluru,Tier 1,Chronic,1,1219.97,0.00,Completed
ORD-02605,CUST-0783,2025-09-02 10:35:21,Bengaluru,Tier 1,Chronic,1,1024.29,0.00,Completed
ORD-02606,CUST-0408,2025-09-02 11:04:13,Lucknow,Tier 2,OTC,0,296.94,72.00,Completed
ORD-02607,CUST-0784,2025-09-02 11:46:53,Hyderabad,Tier 1,OTC,0,268.26,46.00,Completed
ORD-02608,CUST-0537,2025-09-02 12:39:24,Hyderabad,Tier 1,Chronic,1,807.08,0.00,Completed
ORD-02609,CUST-0544,2025-09-02 13:25:20,Indore,Tier 2,Chronic,1,927.91,0.00,Completed
ORD-02610,CUST-0349,2025-09-02 17:04:56,Hyderabad,Tier 1,Chronic,1,2175.88,0.00,Completed
ORD-02611,CUST-1065,2025-09-02 18:06:53,Delhi,Tier 1,OTC,0,1434.40,0.00,Completed
ORD-02612,CUST-0810,2025-09-02 18:16:13,Indore,Tier 2,OTC,1,534.89,0.00,Refunded
ORD-02613,CUST-0003,2025-09-02 19:01:45,Lucknow,Tier 2,OTC,0,303.29,66.00,Completed
ORD-02614,CUST-0919,2025-09-02 19:41:17,Delhi,Tier 1,OTC,0,942.98,0.00,Completed
ORD-02615,CUST-0505,2025-09-02 19:43:17,Hyderabad,Tier 1,OTC,0,655.84,0.00,Completed
ORD-02616,CUST-0766,2025-09-02 21:15:27,Mumbai,Tier 1,Chronic,1,1125.19,0.00,Completed
ORD-02617,CUST-1034,2025-09-02 22:05:40,Lucknow,Tier 2,Chronic,1,544.20,0.00,Completed
ORD-02618,CUST-0361,2025-09-03 07:12:15,Indore,Tier 2,Chronic,1,1255.34,0.00,Completed
ORD-02619,CUST-0065,2025-09-03 08:19:19,Chennai,Tier 1,OTC,0,329.12,62.00,Cancelled
ORD-02620,CUST-1127,2025-09-03 13:05:15,Hyderabad,Tier 1,OTC,0,1533.59,0.00,Completed
ORD-02621,CUST-0016,2025-09-03 13:30:05,Delhi,Tier 1,Chronic,1,1025.77,0.00,Completed
ORD-02622,CUST-1074,2025-09-03 13:33:37,Indore,Tier 2,OTC,0,772.91,0.00,Completed
ORD-02623,CUST-0275,2025-09-03 15:00:51,Chennai,Tier 1,OTC,0,868.77,0.00,Completed
ORD-02624,CUST-0090,2025-09-03 15:36:20,Hyderabad,Tier 1,OTC,0,256.44,46.00,Completed
ORD-02625,CUST-1025,2025-09-03 15:56:55,Chennai,Tier 1,OTC,0,226.79,54.00,Completed
ORD-02626,CUST-0212,2025-09-03 16:27:13,Hyderabad,Tier 1,Chronic,1,1170.13,0.00,Completed
ORD-02627,CUST-1048,2025-09-03 16:58:48,Jaipur,Tier 2,Chronic,1,776.31,0.00,Completed
ORD-02628,CUST-0958,2025-09-03 18:06:55,Hyderabad,Tier 1,OTC,0,169.09,57.00,Completed
ORD-02629,CUST-0964,2025-09-03 18:10:40,Mumbai,Tier 1,Chronic,1,1338.58,0.00,Completed
ORD-02630,CUST-0863,2025-09-03 20:21:23,Jaipur,Tier 2,OTC,0,617.98,0.00,Completed
ORD-02631,CUST-0951,2025-09-03 21:07:22,Hyderabad,Tier 1,OTC,1,798.74,0.00,Completed
ORD-02632,CUST-0365,2025-09-03 22:25:55,Chennai,Tier 1,OTC,0,519.86,0.00,Completed
ORD-02633,CUST-0771,2025-09-04 07:22:41,Delhi,Tier 1,OTC,1,444.52,67.00,Completed
ORD-02634,CUST-0086,2025-09-04 10:47:40,Mumbai,Tier 1,OTC,0,396.47,79.00,Cancelled
ORD-02635,CUST-0670,2025-09-04 10:59:52,Bengaluru,Tier 1,OTC,0,599.29,0.00,Completed
ORD-02636,CUST-0778,2025-09-04 11:14:59,Mumbai,Tier 1,OTC,0,286.04,47.00,Completed
ORD-02637,CUST-0861,2025-09-04 14:21:46,Jaipur,Tier 2,Chronic,1,1890.01,0.00,Completed
ORD-02638,CUST-0899,2025-09-04 14:32:22,Delhi,Tier 1,Chronic,1,781.94,0.00,Cancelled
ORD-02639,CUST-0406,2025-09-04 17:01:35,Lucknow,Tier 2,Chronic,1,1200.83,0.00,Completed
ORD-02640,CUST-0398,2025-09-04 17:27:12,Delhi,Tier 1,OTC,0,410.05,78.00,Completed
ORD-02641,CUST-0108,2025-09-04 19:09:30,Delhi,Tier 1,Chronic,1,1937.36,0.00,Completed
ORD-02642,CUST-0209,2025-09-04 21:12:05,Mumbai,Tier 1,Chronic,1,804.88,0.00,Completed
ORD-02643,CUST-0008,2025-09-04 21:30:23,Jaipur,Tier 2,Chronic,1,333.06,41.00,Cancelled
ORD-02644,CUST-0481,2025-09-04 21:38:14,Bengaluru,Tier 1,Chronic,1,551.19,0.00,Completed
ORD-02645,CUST-0226,2025-09-04 22:01:27,Indore,Tier 2,OTC,0,1010.47,0.00,Completed
ORD-02646,CUST-0037,2025-09-05 08:06:52,Mumbai,Tier 1,Chronic,1,1095.86,0.00,Completed
ORD-02647,CUST-0023,2025-09-05 10:03:02,Indore,Tier 2,OTC,0,1449.99,0.00,Completed
ORD-02648,CUST-0835,2025-09-05 10:18:51,Chennai,Tier 1,Chronic,1,931.83,0.00,Completed
ORD-02649,CUST-0168,2025-09-05 14:33:47,Jaipur,Tier 2,OTC,0,355.91,74.00,Refunded
ORD-02650,CUST-0099,2025-09-05 15:09:27,Mumbai,Tier 1,OTC,0,329.19,70.00,Cancelled
ORD-02651,CUST-0626,2025-09-05 17:27:57,Bengaluru,Tier 1,Chronic,1,620.40,0.00,Completed
ORD-02652,CUST-0059,2025-09-05 17:58:38,Mumbai,Tier 1,OTC,1,403.55,73.00,Completed
ORD-02653,CUST-0187,2025-09-05 18:00:31,Bengaluru,Tier 1,OTC,0,218.57,79.00,Completed
ORD-02654,CUST-0383,2025-09-05 19:06:26,Jaipur,Tier 2,OTC,0,779.70,0.00,Completed
ORD-02655,CUST-0733,2025-09-05 23:41:41,Mumbai,Tier 1,Chronic,1,376.82,64.00,Refunded
ORD-02656,CUST-0837,2025-09-06 01:08:43,Jaipur,Tier 2,OTC,0,2961.86,0.00,Completed
ORD-02657,CUST-0300,2025-09-06 08:59:42,Chennai,Tier 1,OTC,0,1085.54,0.00,Completed
ORD-02658,CUST-0831,2025-09-06 09:03:07,Hyderabad,Tier 1,OTC,0,1392.30,0.00,Completed
ORD-02659,CUST-0337,2025-09-06 10:24:00,Mumbai,Tier 1,OTC,0,595.22,0.00,Completed
ORD-02660,CUST-0805,2025-09-06 11:45:32,Mumbai,Tier 1,OTC,0,1175.78,0.00,Completed
ORD-02661,CUST-0473,2025-09-06 12:09:16,Mumbai,Tier 1,Chronic,1,458.49,51.00,Completed
ORD-02662,CUST-0074,2025-09-06 16:33:33,Delhi,Tier 1,Chronic,1,1438.18,0.00,Cancelled
ORD-02663,CUST-0182,2025-09-06 17:28:30,Lucknow,Tier 2,OTC,0,576.38,0.00,Completed
ORD-02664,CUST-0693,2025-09-06 19:20:32,Delhi,Tier 1,OTC,0,617.48,0.00,Completed
ORD-02665,CUST-0269,2025-09-06 20:07:24,Mumbai,Tier 1,OTC,1,610.67,0.00,Completed
ORD-02666,CUST-0183,2025-09-06 20:38:33,Hyderabad,Tier 1,Chronic,1,2238.29,0.00,Cancelled
ORD-02667,CUST-0400,2025-09-06 21:50:46,Bengaluru,Tier 1,OTC,0,643.15,0.00,Completed
ORD-02668,CUST-1086,2025-09-06 22:37:26,Jaipur,Tier 2,Chronic,1,857.96,0.00,Completed
ORD-02669,CUST-0458,2025-09-07 09:41:41,Bengaluru,Tier 1,Chronic,1,2757.92,0.00,Completed
ORD-02670,CUST-0217,2025-09-07 11:19:45,Mumbai,Tier 1,OTC,0,582.40,0.00,Completed
ORD-02671,CUST-0469,2025-09-07 12:14:27,Mumbai,Tier 1,OTC,0,809.44,0.00,Completed
ORD-02672,CUST-0345,2025-09-07 12:16:54,Jaipur,Tier 2,Chronic,1,4240.12,0.00,Completed
ORD-02673,CUST-0436,2025-09-07 13:02:26,Delhi,Tier 1,Chronic,1,1203.51,0.00,Completed
ORD-02674,CUST-1120,2025-09-07 13:05:40,Lucknow,Tier 2,Chronic,1,508.56,0.00,Completed
ORD-02675,CUST-0781,2025-09-07 13:40:26,Delhi,Tier 1,Chronic,1,1398.71,0.00,Completed
ORD-02676,CUST-0837,2025-09-07 14:35:13,Jaipur,Tier 2,OTC,0,1129.34,0.00,Refunded
ORD-02677,CUST-0699,2025-09-07 17:21:52,Chennai,Tier 1,Chronic,1,2070.62,0.00,Completed
ORD-02678,CUST-0023,2025-09-07 17:38:11,Indore,Tier 2,Chronic,1,1504.10,0.00,Completed
ORD-02679,CUST-0543,2025-09-07 17:41:29,Lucknow,Tier 2,Chronic,1,1178.08,0.00,Completed
ORD-02680,CUST-1192,2025-09-07 21:18:10,Bengaluru,Tier 1,OTC,1,477.95,59.00,Cancelled
ORD-02681,CUST-0250,2025-09-07 21:32:04,Bengaluru,Tier 1,Chronic,1,1181.88,0.00,Completed
ORD-02682,CUST-1179,2025-09-07 21:54:43,Delhi,Tier 1,Chronic,1,987.65,0.00,Completed
ORD-02683,CUST-0810,2025-09-08 07:31:18,Indore,Tier 2,Chronic,1,630.65,0.00,Completed
ORD-02684,CUST-0858,2025-09-08 07:38:22,Lucknow,Tier 2,OTC,0,812.65,0.00,Completed
ORD-02685,CUST-0645,2025-09-08 10:32:49,Chennai,Tier 1,Chronic,1,918.59,0.00,Completed
ORD-02686,CUST-0661,2025-09-08 11:38:03,Delhi,Tier 1,OTC,0,285.89,80.00,Refunded
ORD-02687,CUST-0529,2025-09-08 18:14:28,Jaipur,Tier 2,OTC,0,838.68,0.00,Completed
ORD-02688,CUST-0214,2025-09-08 18:18:26,Jaipur,Tier 2,Chronic,1,447.38,71.00,Completed
ORD-02689,CUST-1026,2025-09-08 18:28:46,Delhi,Tier 1,OTC,0,416.97,54.00,Completed
ORD-02690,CUST-0238,2025-09-08 18:57:56,Jaipur,Tier 2,OTC,0,249.99,40.00,Completed
ORD-02691,CUST-0071,2025-09-08 21:40:42,Delhi,Tier 1,OTC,0,1189.08,0.00,Completed
ORD-02692,CUST-0344,2025-09-08 21:57:21,Hyderabad,Tier 1,OTC,1,564.33,0.00,Completed
ORD-02693,CUST-0713,2025-09-09 07:35:50,Jaipur,Tier 2,OTC,0,741.76,0.00,Completed
ORD-02694,CUST-1072,2025-09-09 08:13:45,Hyderabad,Tier 1,OTC,0,797.30,0.00,Completed
ORD-02695,CUST-0510,2025-09-09 08:34:35,Mumbai,Tier 1,Chronic,1,471.97,47.00,Completed
ORD-02696,CUST-0100,2025-09-09 10:00:53,Indore,Tier 2,Chronic,1,1072.82,0.00,Completed
ORD-02697,CUST-0042,2025-09-09 10:45:28,Lucknow,Tier 2,OTC,0,1223.39,0.00,Completed
ORD-02698,CUST-0794,2025-09-09 10:58:43,Mumbai,Tier 1,OTC,0,419.93,72.00,Completed
ORD-02699,CUST-0274,2025-09-09 11:19:47,Hyderabad,Tier 1,Chronic,1,1988.86,0.00,Completed
ORD-02700,CUST-0425,2025-09-09 12:08:57,Hyderabad,Tier 1,Chronic,1,1493.35,0.00,Completed
ORD-02701,CUST-0569,2025-09-09 12:53:21,Bengaluru,Tier 1,Chronic,1,687.01,0.00,Completed
ORD-02702,CUST-0365,2025-09-09 12:56:56,Chennai,Tier 1,Chronic,1,737.08,0.00,Completed
ORD-02703,CUST-0234,2025-09-09 13:24:12,Hyderabad,Tier 1,OTC,1,480.82,60.00,Completed
ORD-02704,CUST-0242,2025-09-09 18:35:52,Jaipur,Tier 2,Chronic,1,3204.95,0.00,Cancelled
ORD-02705,CUST-0511,2025-09-09 19:06:43,Mumbai,Tier 1,OTC,0,884.48,0.00,Cancelled
ORD-02706,CUST-0183,2025-09-09 19:55:26,Hyderabad,Tier 1,Chronic,1,780.87,0.00,Completed
ORD-02707,CUST-0214,2025-09-09 22:40:23,Jaipur,Tier 2,OTC,0,861.93,0.00,Completed
ORD-02708,CUST-0122,2025-09-10 10:19:42,Chennai,Tier 1,OTC,0,479.90,43.00,Completed
ORD-02709,CUST-0176,2025-09-10 10:57:39,Mumbai,Tier 1,OTC,0,769.51,0.00,Completed
ORD-02710,CUST-0668,2025-09-10 11:40:57,Indore,Tier 2,Chronic,1,1520.18,0.00,Completed
ORD-02711,CUST-1082,2025-09-10 12:13:12,Lucknow,Tier 2,OTC,0,1963.22,0.00,Completed
ORD-02712,CUST-0248,2025-09-10 12:13:50,Bengaluru,Tier 1,OTC,0,592.09,0.00,Completed
ORD-02713,CUST-0980,2025-09-10 13:00:30,Delhi,Tier 1,OTC,0,494.46,41.00,Completed
ORD-02714,CUST-0674,2025-09-10 13:04:38,Chennai,Tier 1,OTC,0,409.37,41.00,Completed
ORD-02715,CUST-0581,2025-09-10 13:10:27,Bengaluru,Tier 1,Chronic,1,5421.06,0.00,Completed
ORD-02716,CUST-0659,2025-09-10 13:35:54,Hyderabad,Tier 1,OTC,0,390.86,69.00,Completed
ORD-02717,CUST-0049,2025-09-10 19:13:30,Chennai,Tier 1,Chronic,1,1053.17,0.00,Completed
ORD-02717,CUST-0049,2025-09-10 19:13:30,Chennai,Tier 1,Chronic,1,1053.17,0.00,Completed
ORD-02718,CUST-0554,2025-09-10 19:36:17,Lucknow,Tier 2,Chronic,1,672.68,0.00,Completed
ORD-02719,CUST-0148,2025-09-10 19:38:25,Hyderabad,Tier 1,Chronic,1,516.49,0.00,Completed
ORD-02720,CUST-0649,2025-09-10 19:39:00,Chennai,Tier 1,Chronic,1,1367.28,0.00,Completed
ORD-02721,CUST-0899,2025-09-10 20:02:32,Delhi,Tier 1,Chronic,1,203.36,43.00,Completed
ORD-02722,CUST-1192,2025-09-10 21:05:09,Bengaluru,Tier 1,OTC,0,549.00,0.00,Completed
ORD-02723,CUST-0375,2025-09-10 21:11:55,Mumbai,Tier 1,Chronic,1,1071.94,0.00,Completed
ORD-02724,CUST-0582,2025-09-10 22:53:47,Hyderabad,Tier 1,Chronic,1,1876.21,0.00,Completed
ORD-02725,CUST-1192,2025-09-11 05:49:31,Bengaluru,Tier 1,Chronic,1,812.36,0.00,Completed
ORD-02726,CUST-1135,2025-09-11 12:42:54,Indore,Tier 2,Chronic,1,2326.71,0.00,Completed
ORD-02727,CUST-0554,2025-09-11 13:47:35,Lucknow,Tier 2,OTC,0,331.57,62.00,Completed
ORD-02728,CUST-0102,2025-09-11 14:48:12,Chennai,Tier 1,OTC,0,2789.12,0.00,Completed
ORD-02729,CUST-0049,2025-09-11 17:52:13,Chennai,Tier 1,OTC,0,1781.70,0.00,Completed
ORD-02730,CUST-0306,2025-09-11 18:33:08,Bengaluru,Tier 1,Chronic,1,386.11,54.00,Completed
ORD-02731,CUST-0484,2025-09-11 19:43:25,Delhi,Tier 1,Chronic,1,1837.33,0.00,Completed
ORD-02732,CUST-0845,2025-09-11 19:54:16,Mumbai,Tier 1,OTC,0,1785.07,0.00,Completed
ORD-02733,CUST-0495,2025-09-11 20:20:19,Jaipur,Tier 2,Chronic,1,775.41,0.00,Completed
ORD-02734,CUST-0240,2025-09-11 20:56:37,Mumbai,Tier 1,Chronic,1,1400.06,0.00,Completed
ORD-02735,CUST-0291,2025-09-11 21:12:00,Lucknow,Tier 2,Chronic,1,1214.89,0.00,Completed
ORD-02736,CUST-0873,2025-09-11 21:38:52,Indore,Tier 2,Chronic,1,1278.04,0.00,Completed
ORD-02737,CUST-0854,2025-09-12 08:41:58,Lucknow,Tier 2,OTC,0,944.31,0.00,Completed
ORD-02738,CUST-1046,2025-09-12 09:11:43,Delhi,Tier 1,OTC,0,557.84,0.00,Completed
ORD-02739,CUST-0649,2025-09-12 10:39:14,Chennai,Tier 1,OTC,0,625.08,0.00,Completed
ORD-02740,CUST-0091,2025-09-12 13:01:26,Mumbai,Tier 1,OTC,0,737.72,0.00,Completed
ORD-02741,CUST-0397,2025-09-12 13:02:35,Jaipur,Tier 2,Chronic,1,559.50,0.00,Completed
ORD-02742,CUST-0132,2025-09-12 13:46:16,Indore,Tier 2,OTC,0,167.09,50.00,Completed
ORD-02743,CUST-0878,2025-09-12 14:56:49,Delhi,Tier 1,Chronic,1,490.51,49.00,Completed
ORD-02744,CUST-0621,2025-09-12 15:17:57,Jaipur,Tier 2,OTC,0,156.56,73.00,Completed
ORD-02745,CUST-0143,2025-09-12 15:37:49,Indore,Tier 2,Chronic,1,610.40,0.00,Completed
ORD-02746,CUST-0459,2025-09-12 17:32:46,Jaipur,Tier 2,Chronic,1,1173.91,0.00,Completed
ORD-02747,CUST-0617,2025-09-12 19:12:48,Jaipur,Tier 2,Chronic,1,1445.18,0.00,Completed
ORD-02748,CUST-0531,2025-09-13 06:51:14,Chennai,Tier 1,Chronic,1,653.63,0.00,Completed
ORD-02749,CUST-1055,2025-09-13 07:03:01,Delhi,Tier 1,Chronic,1,1836.46,0.00,Completed
ORD-02750,CUST-0894,2025-09-13 07:50:44,Mumbai,Tier 1,Chronic,1,718.77,0.00,Completed
ORD-02751,CUST-1175,2025-09-13 08:37:30,Hyderabad,Tier 1,OTC,0,920.03,0.00,Completed
ORD-02752,CUST-0371,2025-09-13 09:25:10,Jaipur,Tier 2,Chronic,1,2540.85,0.00,Completed
ORD-02753,CUST-0851,2025-09-13 10:35:08,Mumbai,Tier 1,Chronic,1,733.03,0.00,Completed
ORD-02754,CUST-1072,2025-09-13 11:14:31,Hyderabad,Tier 1,Chronic,1,2565.35,0.00,Refunded
ORD-02755,CUST-0232,2025-09-13 11:48:54,Bengaluru,Tier 1,Chronic,1,2669.12,0.00,Completed
ORD-02756,CUST-0035,2025-09-13 13:12:12,Bengaluru,Tier 1,OTC,0,338.27,51.00,Completed
ORD-02757,CUST-0652,2025-09-13 13:28:04,Lucknow,Tier 2,Chronic,1,524.78,0.00,Completed
ORD-02758,CUST-1041,2025-09-13 15:16:29,Mumbai,Tier 1,Chronic,1,1604.19,0.00,Completed
ORD-02759,CUST-0219,2025-09-13 17:04:32,Indore,Tier 2,OTC,0,365.46,73.00,Completed
ORD-02760,CUST-0216,2025-09-13 17:45:50,Jaipur,Tier 2,Chronic,1,1883.37,0.00,Completed
ORD-02761,CUST-0569,2025-09-13 18:02:24,Bengaluru,Tier 1,Chronic,1,1605.08,0.00,Cancelled
ORD-02762,CUST-0806,2025-09-13 18:24:59,Mumbai,Tier 1,OTC,1,357.66,54.00,Completed
ORD-02763,CUST-0899,2025-09-13 19:05:10,Delhi,Tier 1,Chronic,1,1086.18,0.00,Completed
ORD-02764,CUST-0089,2025-09-14 09:48:13,Mumbai,Tier 1,Chronic,1,615.03,0.00,Completed
ORD-02765,CUST-0097,2025-09-14 10:59:55,Bengaluru,Tier 1,Chronic,1,1200.11,0.00,Completed
ORD-02766,CUST-0086,2025-09-14 11:31:31,Mumbai,Tier 1,OTC,0,724.38,0.00,Completed
ORD-02767,CUST-0509,2025-09-14 12:45:45,Bengaluru,Tier 1,OTC,0,880.69,0.00,Completed
ORD-02768,CUST-1183,2025-09-14 14:06:47,Mumbai,Tier 1,OTC,0,600.85,0.00,Completed
ORD-02769,CUST-0789,2025-09-14 15:31:08,Jaipur,Tier 2,OTC,0,677.47,0.00,Completed
ORD-02770,CUST-0808,2025-09-14 17:05:39,Mumbai,Tier 1,OTC,1,250.91,61.00,Completed
ORD-02771,CUST-1026,2025-09-14 19:04:56,Delhi,Tier 1,OTC,1,204.53,79.00,Completed
ORD-02772,CUST-0324,2025-09-14 20:25:43,Hyderabad,Tier 1,Chronic,1,1402.76,0.00,Completed
ORD-02773,CUST-0664,2025-09-14 20:54:27,Mumbai,Tier 1,OTC,0,466.57,54.00,Cancelled
ORD-02774,CUST-1084,2025-09-14 21:05:02,Lucknow,Tier 2,OTC,0,1064.61,0.00,Cancelled
ORD-02775,CUST-0545,2025-09-14 21:46:09,Mumbai,Tier 1,OTC,0,498.10,80.00,Completed
ORD-02776,CUST-1002,2025-09-14 21:49:05,Bengaluru,Tier 1,Chronic,1,1917.98,0.00,Completed
ORD-02777,CUST-0225,2025-09-14 22:48:12,Delhi,Tier 1,Chronic,1,1220.17,0.00,Completed
ORD-02778,CUST-0114,2025-09-14 23:37:03,Hyderabad,Tier 1,OTC,0,1451.33,0.00,Completed
ORD-02779,CUST-1126,2025-09-15 07:28:55,Hyderabad,Tier 1,Chronic,1,1571.43,0.00,Completed
ORD-02780,CUST-0644,2025-09-15 08:54:13,Delhi,Tier 1,OTC,0,655.35,0.00,Completed
ORD-02781,CUST-1145,2025-09-15 10:57:07,Bengaluru,Tier 1,Chronic,1,898.72,0.00,Completed
ORD-02782,CUST-0743,2025-09-15 11:13:03,Lucknow,Tier 2,OTC,0,1038.46,0.00,Completed
ORD-02783,CUST-0455,2025-09-15 15:27:02,Mumbai,Tier 1,OTC,0,1654.07,0.00,Completed
ORD-02784,CUST-0427,2025-09-15 16:18:22,Delhi,Tier 1,OTC,0,667.50,0.00,Completed
ORD-02785,CUST-0829,2025-09-15 17:21:45,Lucknow,Tier 2,OTC,0,279.50,63.00,Completed
ORD-02786,CUST-0170,2025-09-15 18:41:17,Indore,Tier 2,OTC,0,1048.82,0.00,Cancelled
ORD-02787,CUST-0712,2025-09-15 18:59:37,Chennai,Tier 1,OTC,0,852.81,0.00,Completed
ORD-02788,CUST-0312,2025-09-15 19:57:25,Bengaluru,Tier 1,OTC,1,1225.04,0.00,Completed
ORD-02789,CUST-0094,2025-09-15 20:32:10,Bengaluru,Tier 1,Chronic,1,1730.12,0.00,Completed
ORD-02790,CUST-1026,2025-09-15 21:30:44,Delhi,Tier 1,OTC,0,730.94,0.00,Completed
ORD-02791,CUST-0115,2025-09-15 22:03:54,Mumbai,Tier 1,OTC,0,413.56,69.00,Completed
ORD-02791,CUST-0115,2025-09-15 22:03:54,Mumbai,Tier 1,OTC,0,413.56,69.00,Completed
ORD-02792,CUST-1057,2025-09-16 07:12:08,Lucknow,Tier 2,OTC,0,618.73,0.00,Cancelled
ORD-02793,CUST-0474,2025-09-16 08:29:12,Mumbai,Tier 1,OTC,0,1853.28,0.00,Completed
ORD-02794,CUST-0550,2025-09-16 09:23:26,Bengaluru,Tier 1,Chronic,1,582.27,0.00,Completed
ORD-02795,CUST-0349,2025-09-16 10:08:31,Hyderabad,Tier 1,Chronic,1,769.61,0.00,Completed
ORD-02796,CUST-0341,2025-09-16 11:25:11,Mumbai,Tier 1,OTC,0,1162.38,0.00,Completed
ORD-02797,CUST-0558,2025-09-16 12:10:10,Bengaluru,Tier 1,Chronic,1,3037.14,0.00,Refunded
ORD-02798,CUST-0947,2025-09-16 12:21:49,Chennai,Tier 1,Chronic,1,3641.08,0.00,Completed
ORD-02799,CUST-0276,2025-09-16 12:42:15,Bengaluru,Tier 1,OTC,0,133.99,55.00,Completed
ORD-02800,CUST-0056,2025-09-16 14:22:46,Jaipur,Tier 2,OTC,0,868.47,0.00,Cancelled
ORD-02801,CUST-0210,2025-09-16 16:05:31,Hyderabad,Tier 1,OTC,0,711.17,0.00,Completed
ORD-02802,CUST-1108,2025-09-16 16:28:43,Bengaluru,Tier 1,Chronic,1,392.79,70.00,Completed
ORD-02803,CUST-0879,2025-09-16 16:54:51,Hyderabad,Tier 1,OTC,0,873.33,0.00,Completed
ORD-02804,CUST-1057,2025-09-16 18:57:38,Lucknow,Tier 2,Chronic,1,2049.28,0.00,Cancelled
ORD-02805,CUST-0376,2025-09-16 19:11:27,Mumbai,Tier 1,Chronic,1,973.60,0.00,Completed
ORD-02805,CUST-0376,2025-09-16 19:11:27,Mumbai,Tier 1,Chronic,1,973.60,0.00,Completed
ORD-02806,CUST-0752,2025-09-16 19:56:11,Delhi,Tier 1,Chronic,1,340.31,49.00,Completed
ORD-02807,CUST-0037,2025-09-16 20:29:58,Mumbai,Tier 1,Chronic,1,1889.13,0.00,Completed
ORD-02808,CUST-1112,2025-09-16 20:40:09,Bengaluru,Tier 1,OTC,1,375.41,43.00,Completed
ORD-02809,CUST-0973,2025-09-16 22:37:03,Mumbai,Tier 1,OTC,1,740.57,0.00,Completed
ORD-02810,CUST-0982,2025-09-17 06:07:18,Jaipur,Tier 2,OTC,0,637.21,0.00,Completed
ORD-02811,CUST-0634,2025-09-17 10:36:06,Bengaluru,Tier 1,Chronic,1,1146.95,0.00,Completed
ORD-02812,CUST-0710,2025-09-17 13:02:45,Bengaluru,Tier 1,OTC,0,1204.14,0.00,Completed
ORD-02813,CUST-0297,2025-09-17 15:35:00,Indore,Tier 2,Chronic,1,534.52,0.00,Cancelled
ORD-02814,CUST-0322,2025-09-17 17:56:29,Bengaluru,Tier 1,Chronic,1,551.64,0.00,Completed
ORD-02815,CUST-0797,2025-09-17 18:45:15,Mumbai,Tier 1,OTC,0,176.00,56.00,Completed
ORD-02816,CUST-1043,2025-09-17 18:58:53,,,Chronic,1,378.63,52.00,Refunded
ORD-02817,CUST-0407,2025-09-17 20:22:43,Delhi,Tier 1,Chronic,1,844.48,0.00,Completed
ORD-02818,CUST-0365,2025-09-17 20:26:50,Chennai,Tier 1,OTC,0,576.14,0.00,Refunded
ORD-02819,CUST-0047,2025-09-17 20:36:54,Bengaluru,Tier 1,OTC,0,3202.02,0.00,Completed
ORD-02820,CUST-0287,2025-09-17 21:13:14,Mumbai,Tier 1,Chronic,1,993.55,0.00,Completed
ORD-02821,CUST-0620,2025-09-17 21:54:04,Mumbai,Tier 1,OTC,0,1601.05,0.00,Refunded
ORD-02822,CUST-0991,2025-09-17 23:57:26,Chennai,Tier 1,OTC,0,207.16,69.00,Completed
ORD-02823,CUST-0510,2025-09-18 09:21:30,Mumbai,Tier 1,OTC,0,854.06,0.00,Completed
ORD-02824,CUST-0174,2025-09-18 11:09:00,Indore,Tier 2,Chronic,1,2892.26,0.00,Completed
ORD-02825,CUST-0553,2025-09-18 15:06:27,Delhi,Tier 1,OTC,1,675.44,0.00,Completed
ORD-02826,CUST-0652,2025-09-18 15:54:41,Lucknow,Tier 2,Chronic,1,1325.28,0.00,Completed
ORD-02827,CUST-0569,2025-09-18 16:38:48,Bengaluru,Tier 1,OTC,0,623.82,0.00,Completed
ORD-02828,CUST-0818,2025-09-18 21:07:14,Hyderabad,Tier 1,OTC,0,344.16,74.00,Cancelled
ORD-02829,CUST-0071,2025-09-18 23:13:20,Delhi,Tier 1,Chronic,1,1419.62,0.00,Completed
ORD-02830,CUST-1180,2025-09-18 23:40:26,Delhi,Tier 1,Chronic,1,939.43,0.00,Completed
ORD-02831,CUST-0156,2025-09-19 10:00:25,Chennai,Tier 1,OTC,0,772.36,0.00,Completed
ORD-02832,CUST-0682,2025-09-19 11:20:32,Delhi,Tier 1,Chronic,1,792.67,0.00,Completed
ORD-02833,CUST-0559,2025-09-19 14:34:31,Hyderabad,Tier 1,OTC,0,906.44,0.00,Completed
ORD-02834,CUST-0806,2025-09-19 16:58:33,Mumbai,Tier 1,Chronic,1,1055.86,0.00,Completed
ORD-02835,CUST-0297,2025-09-19 19:24:10,Indore,Tier 2,Chronic,1,565.20,0.00,Completed
ORD-02836,CUST-0354,2025-09-19 21:01:49,Hyderabad,Tier 1,Chronic,1,1266.95,0.00,Completed
ORD-02837,CUST-0673,2025-09-19 21:14:31,Indore,Tier 2,Chronic,1,1006.19,0.00,Completed
ORD-02838,CUST-0039,2025-09-19 22:09:14,Delhi,Tier 1,OTC,0,1203.31,0.00,Completed
ORD-02839,CUST-1197,2025-09-19 22:56:55,Delhi,Tier 1,OTC,1,3991.27,0.00,Completed
ORD-02840,CUST-0673,2025-09-20 05:39:00,Indore,Tier 2,OTC,0,1068.68,0.00,Completed
ORD-02841,CUST-0300,2025-09-20 08:54:21,Chennai,Tier 1,OTC,0,224.92,58.00,Refunded
ORD-02842,CUST-1141,2025-09-20 08:57:12,Bengaluru,Tier 1,OTC,0,573.81,0.00,Completed
ORD-02843,CUST-0500,2025-09-20 11:26:14,Hyderabad,Tier 1,OTC,0,472.40,77.00,Completed
ORD-02844,CUST-0383,2025-09-20 11:37:07,Jaipur,Tier 2,OTC,0,202.97,53.00,Cancelled
ORD-02845,CUST-1104,2025-09-20 12:28:54,Lucknow,Tier 2,OTC,0,798.06,0.00,Completed
ORD-02846,CUST-1108,2025-09-20 21:01:24,Bengaluru,Tier 1,OTC,0,924.08,0.00,Completed
ORD-02847,CUST-1064,2025-09-20 21:24:44,Chennai,Tier 1,OTC,0,375.42,56.00,Refunded
ORD-02848,CUST-0071,2025-09-20 22:19:53,Delhi,Tier 1,OTC,0,744.94,0.00,Completed
ORD-02849,CUST-0182,2025-09-20 22:49:41,Lucknow,Tier 2,OTC,0,712.78,0.00,Completed
ORD-02850,CUST-0863,2025-09-21 09:00:13,Jaipur,Tier 2,Chronic,1,921.88,0.00,Completed
ORD-02851,CUST-1003,2025-09-21 10:57:21,Mumbai,Tier 1,Chronic,1,1040.41,0.00,Completed
ORD-02852,CUST-1184,2025-09-21 11:32:26,Mumbai,Tier 1,OTC,0,1173.89,0.00,Completed
ORD-02853,CUST-0374,2025-09-21 14:44:58,Delhi,Tier 1,OTC,0,851.91,0.00,Completed
ORD-02854,CUST-0460,2025-09-21 14:45:15,Chennai,Tier 1,OTC,0,516.55,0.00,Completed
ORD-02855,CUST-0618,2025-09-21 15:10:46,Delhi,Tier 1,OTC,0,2236.06,0.00,Completed
ORD-02856,CUST-0054,2025-09-21 15:40:00,Chennai,Tier 1,Chronic,1,1299.72,0.00,Completed
ORD-02857,CUST-0233,2025-09-21 19:11:50,Indore,Tier 2,Chronic,1,811.47,0.00,Cancelled
ORD-02858,CUST-0458,2025-09-21 20:31:37,Bengaluru,Tier 1,Chronic,1,1831.58,0.00,Completed
ORD-02859,CUST-1070,2025-09-21 20:34:19,Bengaluru,Tier 1,OTC,0,329.68,41.00,Completed
ORD-02860,CUST-0230,2025-09-21 20:56:52,Mumbai,Tier 1,Chronic,1,3071.33,0.00,Cancelled
ORD-02861,CUST-0579,2025-09-21 22:32:13,Lucknow,Tier 2,OTC,0,192.81,62.00,Completed
ORD-02862,CUST-1035,2025-09-22 00:49:04,Bengaluru,Tier 1,Chronic,1,491.19,55.00,Refunded
ORD-02863,CUST-0942,2025-09-22 01:14:29,Lucknow,Tier 2,OTC,0,1115.71,0.00,Completed
ORD-02864,CUST-0972,2025-09-22 06:44:29,Mumbai,Tier 1,OTC,0,439.97,61.00,Completed
ORD-02865,CUST-1127,2025-09-22 08:45:38,Hyderabad,Tier 1,Chronic,1,950.23,0.00,Completed
ORD-02866,CUST-0571,2025-09-22 09:28:46,Delhi,Tier 1,Chronic,1,1888.34,0.00,Completed
ORD-02867,CUST-0550,2025-09-22 10:42:27,Bengaluru,Tier 1,Chronic,1,2190.12,0.00,Completed
ORD-02868,CUST-1010,2025-09-22 10:59:35,Bengaluru,Tier 1,Chronic,1,1152.22,0.00,Cancelled
ORD-02869,CUST-0428,2025-09-22 11:37:22,Lucknow,Tier 2,Chronic,1,852.84,0.00,Completed
ORD-02870,CUST-1175,2025-09-22 11:51:20,Hyderabad,Tier 1,Chronic,1,1462.45,0.00,Completed
ORD-02871,CUST-1189,2025-09-22 12:24:03,Mumbai,Tier 1,Chronic,1,1528.43,0.00,Completed
ORD-02872,CUST-0072,2025-09-22 15:13:52,Bengaluru,Tier 1,Chronic,1,1218.37,0.00,Completed
ORD-02873,CUST-0459,2025-09-22 16:26:59,Jaipur,Tier 2,Chronic,1,413.44,42.00,Refunded
ORD-02874,CUST-1115,2025-09-22 16:28:25,Indore,Tier 2,OTC,0,1661.57,0.00,Completed
ORD-02875,CUST-0757,2025-09-22 17:58:33,Delhi,Tier 1,Chronic,1,2193.07,0.00,Completed
ORD-02876,CUST-0132,2025-09-22 18:34:59,Indore,Tier 2,Chronic,1,1466.12,0.00,Completed
ORD-02877,CUST-0449,2025-09-22 18:48:32,Mumbai,Tier 1,OTC,0,791.54,0.00,Completed
ORD-02878,CUST-0985,2025-09-22 19:14:07,Mumbai,Tier 1,OTC,0,486.77,59.00,Completed
ORD-02879,CUST-0802,2025-09-22 19:50:51,Delhi,Tier 1,OTC,0,642.82,0.00,Completed
ORD-02880,CUST-0555,2025-09-22 23:37:20,Mumbai,Tier 1,Chronic,1,2018.82,0.00,Completed
ORD-02881,CUST-0263,2025-09-23 07:07:37,Delhi,Tier 1,OTC,0,250.82,62.00,Completed
ORD-02882,CUST-1121,2025-09-23 07:22:05,Chennai,Tier 1,OTC,0,440.87,70.00,Refunded
ORD-02883,CUST-0712,2025-09-23 10:54:38,Chennai,Tier 1,OTC,0,800.34,0.00,Completed
ORD-02884,CUST-0861,2025-09-23 10:59:27,Jaipur,Tier 2,Chronic,1,2000.88,0.00,Cancelled
ORD-02885,CUST-0571,2025-09-23 11:35:56,Delhi,Tier 1,Chronic,1,2744.18,0.00,Completed
ORD-02886,CUST-0686,2025-09-23 11:58:45,Delhi,Tier 1,OTC,0,1190.39,0.00,Completed
ORD-02887,CUST-0146,2025-09-23 12:16:00,Delhi,Tier 1,OTC,0,1694.86,0.00,Completed
ORD-02888,CUST-1145,2025-09-23 12:35:39,Bengaluru,Tier 1,Chronic,1,1004.89,0.00,Completed
ORD-02889,CUST-0610,2025-09-23 12:58:38,Bengaluru,Tier 1,Chronic,1,1849.85,0.00,Completed
ORD-02890,CUST-0101,2025-09-23 13:31:39,Lucknow,Tier 2,OTC,0,712.97,0.00,Completed
ORD-02891,CUST-0120,2025-09-23 13:59:52,Chennai,Tier 1,OTC,0,1121.93,0.00,Completed
ORD-02892,CUST-0745,2025-09-23 14:56:41,Hyderabad,Tier 1,Chronic,1,1705.69,0.00,Completed
ORD-02893,CUST-0865,2025-09-23 16:54:24,Mumbai,Tier 1,Chronic,1,2163.96,0.00,Completed
ORD-02894,CUST-0980,2025-09-23 19:38:41,Delhi,Tier 1,OTC,0,227.86,50.00,Completed
ORD-02895,CUST-0501,2025-09-23 22:37:18,Jaipur,Tier 2,OTC,0,552.89,0.00,Completed
ORD-02896,CUST-1062,2025-09-24 09:02:32,Hyderabad,Tier 1,Chronic,1,1333.87,0.00,Completed
ORD-02897,CUST-1119,2025-09-24 10:55:40,Delhi,Tier 1,OTC,0,718.78,0.00,Completed
ORD-02898,CUST-0002,2025-09-24 11:03:03,Bengaluru,Tier 1,Chronic,1,989.95,0.00,Completed
ORD-02899,CUST-0603,2025-09-24 11:11:40,Lucknow,Tier 2,OTC,0,298.03,59.00,Completed
ORD-02900,CUST-1178,2025-09-24 11:15:35,Bengaluru,Tier 1,Chronic,1,3244.60,0.00,Completed
ORD-02901,CUST-0457,2025-09-24 12:17:02,Indore,Tier 2,OTC,0,264.72,75.00,Completed
ORD-02902,CUST-0095,2025-09-24 13:02:53,Delhi,Tier 1,OTC,0,330.90,45.00,Completed
ORD-02903,CUST-0083,2025-09-24 13:38:10,Jaipur,Tier 2,OTC,0,472.76,72.00,Completed
ORD-02904,CUST-0953,2025-09-24 13:54:15,Delhi,Tier 1,OTC,0,581.42,0.00,Completed
ORD-02905,CUST-0991,2025-09-24 13:54:40,Chennai,Tier 1,OTC,0,673.51,0.00,Completed
ORD-02906,CUST-0542,2025-09-24 15:17:20,Hyderabad,Tier 1,Chronic,1,877.57,0.00,Completed
ORD-02907,CUST-0297,2025-09-24 15:53:56,Indore,Tier 2,OTC,0,222.06,62.00,Completed
ORD-02908,CUST-0549,2025-09-24 17:16:29,Jaipur,Tier 2,Chronic,1,402.53,74.00,Cancelled
ORD-02909,CUST-0481,2025-09-24 18:08:07,Bengaluru,Tier 1,OTC,0,449.94,78.00,Completed
ORD-02910,CUST-0041,2025-09-24 19:43:29,Bengaluru,Tier 1,OTC,0,637.63,0.00,Completed
ORD-02911,CUST-0040,2025-09-24 20:11:11,Chennai,Tier 1,OTC,1,528.36,0.00,Completed
ORD-02912,CUST-0733,2025-09-24 21:24:21,Mumbai,Tier 1,OTC,0,271.44,77.00,Completed
ORD-02913,CUST-0319,2025-09-24 21:32:28,Delhi,Tier 1,Chronic,1,1201.00,0.00,Completed
ORD-02914,CUST-1040,2025-09-25 11:37:27,Mumbai,Tier 1,OTC,0,379.95,75.00,Completed
ORD-02915,CUST-0261,2025-09-25 12:20:09,Mumbai,Tier 1,OTC,0,3140.18,0.00,Completed
ORD-02916,CUST-1119,2025-09-25 12:22:30,Delhi,Tier 1,Chronic,1,1490.32,0.00,Cancelled
ORD-02917,CUST-0562,2025-09-25 12:48:50,Delhi,Tier 1,OTC,0,309.18,76.00,Completed
ORD-02918,CUST-0405,2025-09-25 14:14:26,Indore,Tier 2,Chronic,1,1527.61,0.00,Completed
ORD-02919,CUST-0395,2025-09-25 16:45:00,Mumbai,Tier 1,OTC,0,476.59,58.00,Completed
ORD-02920,CUST-0608,2025-09-25 17:11:19,Mumbai,Tier 1,OTC,0,344.52,54.00,Completed
ORD-02920,CUST-0608,2025-09-25 17:11:19,Mumbai,Tier 1,OTC,0,344.52,54.00,Completed
ORD-02921,CUST-0274,2025-09-25 18:36:10,Hyderabad,Tier 1,Chronic,1,1478.04,0.00,Completed
ORD-02922,CUST-0351,2025-09-25 18:49:18,Hyderabad,Tier 1,Chronic,1,658.24,0.00,Completed
ORD-02923,CUST-0274,2025-09-25 19:25:54,Hyderabad,Tier 1,Chronic,1,2671.85,0.00,Completed
ORD-02924,CUST-0470,2025-09-25 20:24:19,Hyderabad,Tier 1,OTC,0,1498.76,0.00,Completed
ORD-02925,CUST-0900,2025-09-26 01:15:29,Hyderabad,Tier 1,Chronic,1,734.75,0.00,Completed
ORD-02926,CUST-0904,2025-09-26 08:07:56,Bengaluru,Tier 1,OTC,0,578.42,0.00,Refunded
ORD-02927,CUST-0535,2025-09-26 10:36:59,Mumbai,Tier 1,OTC,0,575.94,0.00,Completed
ORD-02928,CUST-1163,2025-09-26 12:14:48,Jaipur,Tier 2,OTC,0,642.29,0.00,Completed
ORD-02929,CUST-0049,2025-09-26 12:45:03,Chennai,Tier 1,Chronic,1,917.86,0.00,Completed
ORD-02930,CUST-1140,2025-09-26 14:41:00,Chennai,Tier 1,OTC,0,325.32,44.00,Completed
ORD-02931,CUST-0956,2025-09-26 15:30:08,Lucknow,Tier 2,Chronic,1,531.14,0.00,Completed
ORD-02932,CUST-0945,2025-09-26 17:11:18,Bengaluru,Tier 1,OTC,0,267.30,66.00,Completed
ORD-02933,CUST-0580,2025-09-26 17:34:15,Delhi,Tier 1,Chronic,1,960.44,0.00,Completed
ORD-02934,CUST-0652,2025-09-26 18:18:24,Lucknow,Tier 2,Chronic,1,608.82,0.00,Completed
ORD-02935,CUST-0002,2025-09-26 18:24:23,Bengaluru,Tier 1,Chronic,1,1271.18,0.00,Completed
ORD-02936,CUST-0853,2025-09-26 18:51:49,Lucknow,Tier 2,Chronic,1,1199.00,0.00,Completed
ORD-02937,CUST-0677,2025-09-26 19:19:13,Lucknow,Tier 2,Chronic,1,1317.04,0.00,Completed
ORD-02938,CUST-0008,2025-09-26 19:56:51,Jaipur,Tier 2,OTC,0,185.12,72.00,Completed
ORD-02939,CUST-1024,2025-09-26 20:11:39,Hyderabad,Tier 1,Chronic,1,2748.76,0.00,Completed
ORD-02940,CUST-0048,2025-09-26 20:23:00,Delhi,Tier 1,OTC,0,405.96,50.00,Completed
ORD-02941,CUST-0723,2025-09-26 20:39:13,Mumbai,Tier 1,OTC,0,213.48,56.00,Completed
ORD-02942,CUST-0836,2025-09-27 11:47:35,Hyderabad,Tier 1,OTC,0,575.77,0.00,Completed
ORD-02943,CUST-1021,2025-09-27 12:19:04,Lucknow,Tier 2,Chronic,1,1885.59,0.00,Completed
ORD-02944,CUST-0023,2025-09-27 12:47:01,Indore,Tier 2,Chronic,1,2926.26,0.00,Completed
ORD-02945,CUST-1016,2025-09-27 15:59:19,Mumbai,Tier 1,OTC,0,928.19,0.00,Completed
ORD-02946,CUST-1047,2025-09-27 18:15:27,Delhi,Tier 1,Chronic,1,297.43,50.00,Completed
ORD-02947,CUST-0014,2025-09-27 19:30:48,Jaipur,Tier 2,OTC,0,1421.01,0.00,Completed
ORD-02948,CUST-0892,2025-09-27 19:42:29,Indore,Tier 2,Chronic,1,1170.55,0.00,Completed
ORD-02949,CUST-1065,2025-09-27 20:03:48,Delhi,Tier 1,OTC,1,852.00,0.00,Completed
ORD-02950,CUST-0679,2025-09-27 22:20:29,Mumbai,Tier 1,OTC,0,224.11,78.00,Completed
ORD-02951,CUST-1175,2025-09-27 22:58:29,,,Chronic,1,383.52,54.00,Completed
ORD-02952,CUST-0396,2025-09-28 07:58:43,Bengaluru,Tier 1,Chronic,1,799.96,0.00,Completed
ORD-02953,CUST-0676,2025-09-28 08:15:04,Bengaluru,Tier 1,OTC,0,461.49,60.00,Completed
ORD-02954,CUST-0083,2025-09-28 09:07:50,Jaipur,Tier 2,OTC,0,186.96,40.00,Completed
ORD-02955,CUST-0056,2025-09-28 09:27:23,Jaipur,Tier 2,Chronic,1,1260.33,0.00,Completed
ORD-02956,CUST-0892,2025-09-28 09:27:47,Indore,Tier 2,Chronic,1,1520.67,0.00,Completed
ORD-02957,CUST-0765,2025-09-28 11:23:07,Lucknow,Tier 2,OTC,0,427.81,66.00,Completed
ORD-02958,CUST-0232,2025-09-28 12:33:23,Bengaluru,Tier 1,OTC,0,598.04,0.00,Completed
ORD-02959,CUST-0081,2025-09-28 12:59:49,Chennai,Tier 1,Chronic,1,1475.16,0.00,Completed
ORD-02960,CUST-0744,2025-09-28 14:29:38,Mumbai,Tier 1,Chronic,1,986.02,0.00,Completed
ORD-02961,CUST-0640,2025-09-28 15:45:20,Lucknow,Tier 2,OTC,0,1489.44,0.00,Completed
ORD-02962,CUST-0182,2025-09-28 17:19:27,Lucknow,Tier 2,OTC,0,556.28,0.00,Completed
ORD-02963,CUST-0328,2025-09-28 17:19:41,Hyderabad,Tier 1,OTC,0,567.96,0.00,Completed
ORD-02964,CUST-0241,2025-09-28 18:16:46,Jaipur,Tier 2,Chronic,1,739.04,0.00,Completed
ORD-02965,CUST-0691,2025-09-28 19:12:08,Delhi,Tier 1,Chronic,1,436.29,61.00,Completed
ORD-02966,CUST-0404,2025-09-28 19:17:11,Mumbai,Tier 1,Chronic,1,1915.95,0.00,Completed
ORD-02967,CUST-1158,2025-09-28 19:17:25,Mumbai,Tier 1,OTC,0,903.00,0.00,Completed
ORD-02968,CUST-0703,2025-09-28 19:48:13,Mumbai,Tier 1,OTC,1,256.47,54.00,Completed
ORD-02969,CUST-0122,2025-09-28 21:23:18,Chennai,Tier 1,Chronic,1,799.44,0.00,Completed
ORD-02970,CUST-0401,2025-09-28 23:12:41,Delhi,Tier 1,Chronic,1,3582.00,0.00,Completed
ORD-02971,CUST-0407,2025-09-29 00:59:01,Delhi,Tier 1,OTC,0,462.41,51.00,Completed
ORD-02972,CUST-0531,2025-09-29 07:38:40,,,Chronic,1,1633.64,0.00,Completed
ORD-02973,CUST-0324,2025-09-29 09:39:00,Hyderabad,Tier 1,OTC,0,307.08,63.00,Completed
ORD-02974,CUST-1064,2025-09-29 10:23:31,Chennai,Tier 1,OTC,0,1243.74,0.00,Refunded
ORD-02975,CUST-1188,2025-09-29 14:36:00,Indore,Tier 2,Chronic,1,2946.83,0.00,Completed
ORD-02976,CUST-0673,2025-09-29 17:29:04,Indore,Tier 2,OTC,0,408.81,59.00,Completed
ORD-02977,CUST-0976,2025-09-29 17:57:46,Hyderabad,Tier 1,OTC,1,1819.00,0.00,Completed
ORD-02978,CUST-0702,2025-09-29 18:08:23,Delhi,Tier 1,OTC,0,926.57,0.00,Completed
ORD-02979,CUST-1062,2025-09-29 18:15:03,Hyderabad,Tier 1,Chronic,1,1910.17,0.00,Completed
ORD-02980,CUST-0947,2025-09-29 18:24:50,Chennai,Tier 1,OTC,0,730.97,0.00,Completed
ORD-02981,CUST-0716,2025-09-29 19:02:23,Delhi,Tier 1,OTC,0,428.79,79.00,Completed
ORD-02982,CUST-1149,2025-09-29 19:24:18,Bengaluru,Tier 1,OTC,0,577.92,0.00,Cancelled
ORD-02983,CUST-0995,2025-09-29 20:33:40,Indore,Tier 2,Chronic,1,1499.85,0.00,Completed
ORD-02984,CUST-0844,2025-09-29 20:36:02,Bengaluru,Tier 1,OTC,0,818.02,0.00,Completed
ORD-02985,CUST-0694,2025-09-29 20:52:11,Delhi,Tier 1,OTC,0,367.35,58.00,Completed
ORD-02986,CUST-0348,2025-09-29 23:00:28,Delhi,Tier 1,OTC,0,331.01,67.00,Completed
ORD-02987,CUST-0864,2025-09-30 02:27:18,Hyderabad,Tier 1,OTC,0,1033.35,0.00,Completed
ORD-02988,CUST-0863,2025-09-30 09:36:08,Jaipur,Tier 2,OTC,0,3253.34,0.00,Completed
ORD-02989,CUST-1163,2025-09-30 09:52:30,Jaipur,Tier 2,Chronic,1,853.07,0.00,Completed
ORD-02990,CUST-0376,2025-09-30 11:19:23,Mumbai,Tier 1,OTC,0,382.74,48.00,Completed
ORD-02991,CUST-0054,2025-09-30 12:45:16,Chennai,Tier 1,Chronic,1,948.94,0.00,Completed
ORD-02992,CUST-0023,2025-09-30 12:48:59,Indore,Tier 2,Chronic,1,919.95,0.00,Completed
ORD-02993,CUST-0918,2025-09-30 16:06:00,Mumbai,Tier 1,OTC,1,522.62,0.00,Completed
ORD-02994,CUST-0538,2025-09-30 17:13:42,Mumbai,Tier 1,OTC,0,400.00,57.00,Completed
ORD-02995,CUST-0214,2025-09-30 17:35:31,Jaipur,Tier 2,Chronic,1,563.95,0.00,Cancelled
ORD-02996,CUST-1049,2025-09-30 19:03:10,Lucknow,Tier 2,Chronic,1,1764.64,0.00,Completed
ORD-02997,CUST-1113,2025-09-30 19:13:10,Hyderabad,Tier 1,Chronic,1,617.78,0.00,Completed
ORD-02998,CUST-1108,2025-09-30 21:29:20,Bengaluru,Tier 1,OTC,0,420.23,64.00,Completed
ORD-02999,CUST-0405,2025-09-30 21:31:15,Indore,Tier 2,Chronic,1,834.19,0.00,Completed
ORD-03000,CUST-0229,2025-09-30 23:02:21,Chennai,Tier 1,OTC,0,909.17,0.00,Completed
