Order_ID,Prescription_Submitted_Time,Prescription_Verified_Time,Prescription_Status,Prescription_Verification_Minutes
ORD-00001,,,Not Required,
ORD-00002,2025-01-01 11:20:23,2025-01-01 12:06:24,Approved,46.02
ORD-00003,,,Not Required,
ORD-00004,2025-01-01 12:58:58,2025-01-01 13:28:28,Approved,29.49
ORD-00005,,,Not Required,
ORD-00006,,,Not Required,
ORD-00007,,,Not Required,
ORD-00008,2025-01-02 06:27:03,,Pending,
ORD-00009,2025-01-02 08:59:38,2025-01-02 09:33:56,Approved,34.30
ORD-00010,,,Not Required,
ORD-00011,,,Not Required,
ORD-00012,,,Not Required,
ORD-00013,2025-01-02 19:16:24,2025-01-02 20:09:37,Approved,53.23
ORD-00014,2025-01-02 18:46:42,2025-01-02 19:12:57,Approved,26.25
ORD-00015,,,Not Required,
ORD-00016,2025-01-02 21:47:24,2025-01-03 00:16:50,Approved,149.43
ORD-00017,2025-01-02 22:49:50,2025-01-02 23:09:00,Approved,19.17
ORD-00018,2025-01-02 22:55:11,2025-01-02 23:05:34,Approved,10.39
ORD-00019,,,Not Required,
ORD-00020,,,Not Required,
ORD-00021,,,Not Required,
ORD-00022,,,Not Required,
ORD-00023,,,Not Required,
ORD-00024,2025-01-03 12:04:59,2025-01-03 12:42:44,Approved,37.75
ORD-00025,2025-01-03 12:30:39,2025-01-03 13:33:16,Approved,62.63
ORD-00026,2025-01-03 12:28:58,2025-01-03 13:40:30,Approved,71.53
ORD-00027,2025-01-03 12:36:31,,Pending,
ORD-00028,,,Not Required,
ORD-00029,,,Not Required,
ORD-00030,2025-01-04 08:55:02,2025-01-04 09:44:25,Approved,49.39
ORD-00031,2025-01-04 13:52:23,2025-01-04 14:08:17,Approved,15.91
ORD-00032,,,Not Required,
ORD-00033,,,Not Required,
ORD-00034,,,Not Required,
ORD-00035,,,Not Required,
ORD-00036,,,Not Required,
ORD-00037,2025-01-05 12:07:52,2025-01-05 12:59:25,Approved,51.56
ORD-00038,,,Not Required,
ORD-00039,,,Not Required,
ORD-00040,2025-01-05 14:59:33,2025-01-05 15:16:52,Approved,17.32
ORD-00041,2025-01-05 17:26:01,2025-01-05 17:50:28,Approved,24.45
ORD-00042,,,Not Required,
ORD-00043,2025-01-05 23:10:52,2025-01-05 23:31:19,Approved,20.45
ORD-00044,,,Not Required,
ORD-00045,,,Not Required,
ORD-00046,,,Not Required,
ORD-00047,,,Not Required,
ORD-00048,,,Not Required,
ORD-00049,,,Not Required,
ORD-00050,,,Not Required,
ORD-00051,2025-01-06 20:15:10,2025-01-06 20:37:27,Approved,22.29
ORD-00052,2025-01-06 21:46:04,2025-01-06 21:59:32,Approved,13.46
ORD-00053,2025-01-07 10:47:41,2025-01-07 12:56:25,Approved,128.72
ORD-00054,,,Not Required,
ORD-00055,,,Not Required,
ORD-00056,,,Not Required,
ORD-00057,2025-01-07 15:45:18,2025-01-07 17:33:22,Approved,108.08
ORD-00058,2025-01-07 15:47:06,2025-01-07 16:49:37,Approved,62.53
ORD-00059,,,Not Required,
ORD-00060,,,Not Required,
ORD-00061,2025-01-07 19:00:18,2025-01-07 19:18:51,Approved,18.54
ORD-00062,,,Not Required,
ORD-00063,2025-01-08 08:50:37,2025-01-08 09:47:08,Approved,56.51
ORD-00064,2025-01-08 11:57:13,2025-01-08 12:41:48,Approved,44.59
ORD-00065,2025-01-08 12:36:20,2025-01-08 13:49:37,Approved,73.28
ORD-00066,2025-01-08 12:42:37,2025-01-08 15:05:33,Approved,142.92
ORD-00067,,,Not Required,
ORD-00068,,,Not Required,
ORD-00069,2025-01-08 17:45:32,2025-01-08 21:48:59,Approved,243.45
ORD-00070,,,Not Required,
ORD-00071,2025-01-08 19:58:01,2025-01-08 20:18:18,Approved,20.28
ORD-00072,2025-01-08 20:37:31,2025-01-08 20:42:17,Approved,4.76
ORD-00073,,,Not Required,
ORD-00074,2025-01-08 23:31:44,2025-01-09 00:41:11,Approved,69.44
ORD-00075,,,Not Required,
ORD-00076,2025-01-09 12:48:18,2025-01-09 13:03:14,Approved,14.93
ORD-00077,2025-01-09 13:20:20,2025-01-09 14:05:57,Approved,45.62
ORD-00078,2025-01-09 18:30:33,2025-01-09 19:27:20,Approved,56.78
ORD-00079,2025-01-09 19:57:41,2025-01-09 20:39:42,Approved,42.03
ORD-00080,2025-01-09 20:38:38,2025-01-09 20:52:47,Approved,14.14
ORD-00081,2025-01-09 21:28:26,2025-01-09 22:11:29,Approved,43.05
ORD-00082,2025-01-10 05:06:09,2025-01-10 05:27:22,Approved,21.22
ORD-00083,2025-01-10 09:07:39,2025-01-10 09:15:25,Approved,7.77
ORD-00084,2025-01-10 10:41:50,2025-01-10 11:58:15,Approved,76.41
ORD-00085,,,Not Required,
ORD-00086,,,Not Required,38.95
ORD-00087,2025-01-10 13:45:43,2025-01-10 14:13:24,Approved,27.69
ORD-00088,2025-01-10 14:06:34,2025-01-10 15:29:59,Approved,83.42
ORD-00089,,,Not Required,
ORD-00090,,,Not Required,
ORD-00091,2025-01-10 19:28:31,2025-01-10 21:08:11,Approved,99.66
ORD-00092,2025-01-10 20:42:43,2025-01-10 21:49:01,Approved,66.30
ORD-00093,,,Not Required,
ORD-00094,2025-01-11 10:41:52,,Pending,
ORD-00095,2025-01-11 13:29:41,2025-01-11 13:41:35,Approved,11.91
ORD-00096,,,Not Required,
ORD-00097,2025-01-11 16:31:50,2025-01-11 20:48:06,Approved,256.26
ORD-00098,2025-01-11 17:02:54,2025-01-11 17:18:02,Approved,15.13
ORD-00099,,,Not Required,
ORD-00100,2025-01-11 17:47:17,2025-01-11 19:13:54,Approved,86.61
ORD-00101,2025-01-11 18:01:36,2025-01-11 18:22:42,Approved,21.10
ORD-00102,2025-01-12 09:44:00,2025-01-12 11:19:25,Approved,95.42
ORD-00103,,,Not Required,
ORD-00104,2025-01-12 17:42:39,2025-01-12 18:09:20,Approved,26.69
ORD-00105,2025-01-13 08:14:55,2025-01-13 10:38:11,Approved,143.27
ORD-00106,2025-01-13 10:13:10,2025-01-13 10:24:34,Approved,11.39
ORD-00107,2025-01-13 12:13:18,2025-01-13 12:47:22,Approved,34.06
ORD-00108,,,Not Required,
ORD-00109,,,Not Required,
ORD-00110,,,Not Required,
ORD-00111,,,Not Required,
ORD-00112,2025-01-13 19:10:25,2025-01-13 20:16:53,Approved,66.47
ORD-00113,,,Not Required,
ORD-00114,2025-01-13 21:18:46,2025-01-14 05:46:41,Approved,507.92
ORD-00115,,,Not Required,
ORD-00116,2025-01-14 10:48:16,2025-01-14 11:29:41,Approved,41.42
ORD-00117,,,Not Required,
ORD-00118,,,Not Required,
ORD-00119,2025-01-14 15:43:29,2025-01-14 15:52:20,Approved,8.85
ORD-00120,,,Not Required,
ORD-00121,2025-01-14 17:44:39,2025-01-14 19:36:28,Approved,111.82
ORD-00122,,,Not Required,
ORD-00123,,,Not Required,
ORD-00124,,,Not Required,
ORD-00125,2025-01-14 23:11:14,2025-01-15 00:08:12,Rejected,56.97
ORD-00126,,,Not Required,
ORD-00127,,,Not Required,
ORD-00128,,,Not Required,
ORD-00129,2025-01-15 12:24:16,2025-01-15 13:04:29,Approved,40.22
ORD-00130,,,Not Required,
ORD-00131,2025-01-15 14:10:16,2025-01-15 14:48:29,Approved,38.23
ORD-00132,,,Not Required,
ORD-00133,,,Not Required,
ORD-00134,2025-01-16 08:35:07,2025-01-16 10:08:53,Approved,93.77
ORD-00135,,,Not Required,
ORD-00136,2025-01-16 13:15:45,2025-01-16 15:18:53,Approved,123.14
ORD-00137,,,Not Required,
ORD-00138,2025-01-16 14:09:08,2025-01-16 14:57:44,Approved,48.60
ORD-00139,,,Not Required,
ORD-00140,2025-01-16 17:51:07,2025-01-16 18:22:39,Approved,31.54
ORD-00141,,,Not Required,
ORD-00142,,,Not Required,
ORD-00143,,,Not Required,
ORD-00144,2025-01-16 20:57:11,2025-01-16 21:30:31,Approved,33.33
ORD-00145,,,Not Required,
ORD-00146,2025-01-16 22:07:58,2025-01-16 22:25:08,Approved,17.18
ORD-00147,2025-01-17 06:03:47,2025-01-17 06:20:00,Approved,16.21
ORD-00148,,,Not Required,
ORD-00149,2025-01-17 10:28:50,,Pending,
ORD-00150,2025-01-17 11:59:28,2025-01-17 13:29:39,Approved,90.18
ORD-00151,2025-01-17 13:24:09,2025-01-17 14:05:26,Approved,41.29
ORD-00152,2025-01-17 14:54:10,2025-01-17 18:52:13,Approved,238.06
ORD-00153,2025-01-17 21:15:48,2025-01-17 22:37:49,Approved,82.01
ORD-00154,,,Not Required,
ORD-00155,,,Not Required,
ORD-00156,,,Not Required,
ORD-00157,,,Not Required,
ORD-00158,2025-01-18 11:03:38,2025-01-18 11:59:59,Approved,56.36
ORD-00159,2025-01-18 16:08:40,2025-01-18 20:21:40,Approved,253.00
ORD-00160,,,Not Required,
ORD-00161,,,Not Required,
ORD-00162,2025-01-18 19:50:04,2025-01-18 19:59:22,Approved,9.30
ORD-00163,,,Not Required,
ORD-00164,2025-01-18 20:23:19,2025-01-18 21:06:28,Approved,43.14
ORD-00165,2025-01-18 21:21:24,2025-01-18 22:42:43,Approved,81.32
ORD-00166,2025-01-18 21:18:43,2025-01-18 22:07:34,Approved,48.84
ORD-00167,2025-01-18 22:42:57,2025-01-19 01:10:26,Rejected,147.48
ORD-00168,2025-01-19 10:55:00,2025-01-19 12:56:09,Approved,121.14
ORD-00169,,,Not Required,
ORD-00170,,,Not Required,
ORD-00171,,,Not Required,
ORD-00172,,,Not Required,
ORD-00173,,,Not Required,41.56
ORD-00174,2025-01-20 11:46:55,2025-01-20 14:26:54,Rejected,159.97
ORD-00175,2025-01-20 15:19:35,2025-01-20 15:49:40,Approved,30.08
ORD-00176,,,Not Required,
ORD-00177,,,Not Required,
ORD-00178,2025-01-20 18:32:53,2025-01-20 18:59:22,Approved,26.48
ORD-00179,2025-01-20 19:27:02,2025-01-20 19:57:09,Approved,30.12
ORD-00180,,,Not Required,
ORD-00181,2025-01-21 11:16:30,2025-01-21 11:45:33,Approved,29.05
ORD-00182,,,Not Required,
ORD-00183,2025-01-21 19:49:27,2025-01-21 23:03:34,Approved,194.11
ORD-00184,2025-01-21 21:17:24,2025-01-21 22:35:07,Approved,77.72
ORD-00185,2025-01-21 21:19:46,2025-01-21 22:10:04,Approved,50.31
ORD-00186,2025-01-22 09:13:56,,Pending,
ORD-00187,2025-01-22 09:38:44,2025-01-22 10:36:43,Approved,57.98
ORD-00188,,,Not Required,
ORD-00189,,,Not Required,
ORD-00190,2025-01-22 17:37:36,2025-01-22 18:22:48,Approved,45.19
ORD-00191,,,Not Required,
ORD-00192,2025-01-22 20:42:30,2025-01-22 21:09:20,Approved,26.84
ORD-00193,2025-01-22 20:45:41,2025-01-22 21:27:58,Approved,42.28
ORD-00194,2025-01-23 03:27:29,2025-01-23 03:43:15,Approved,15.77
ORD-00195,,,Not Required,
ORD-00196,2025-01-23 13:09:31,2025-01-23 13:13:41,Approved,4.16
ORD-00197,2025-01-23 14:16:45,2025-01-23 15:27:44,Approved,70.98
ORD-00198,2025-01-23 15:38:15,,Pending,
ORD-00199,2025-01-23 16:07:27,2025-01-23 17:59:37,Approved,112.17
ORD-00200,2025-01-23 18:16:06,2025-01-23 18:30:08,Approved,14.04
ORD-00201,,,Not Required,
ORD-00202,2025-01-23 19:48:54,2025-01-23 20:28:52,Approved,39.97
ORD-00203,2025-01-23 21:58:11,2025-01-23 23:18:47,Approved,80.61
ORD-00204,2025-01-23 22:30:42,2025-01-23 22:52:14,Approved,21.54
ORD-00205,2025-01-24 09:13:56,2025-01-24 09:47:21,Approved,33.42
ORD-00206,2025-01-24 12:28:37,2025-01-24 12:37:46,Approved,9.14
ORD-00207,2025-01-24 18:09:48,2025-01-24 18:30:03,Approved,20.24
ORD-00208,,,Not Required,
ORD-00209,2025-01-24 20:00:54,2025-01-24 20:48:06,Rejected,47.20
ORD-00210,2025-01-24 20:11:45,2025-01-24 20:19:49,Approved,8.06
ORD-00211,,,Not Required,
ORD-00212,2025-01-24 20:26:15,2025-01-24 21:12:50,Approved,46.58
ORD-00213,2025-01-24 20:40:51,2025-01-24 23:13:15,Approved,152.40
ORD-00214,,,Not Required,
ORD-00215,2025-01-25 11:56:41,2025-01-25 13:00:25,Approved,63.72
ORD-00216,2025-01-25 14:27:51,2025-01-25 14:51:19,Approved,23.46
ORD-00217,,,Not Required,
ORD-00218,,,Not Required,
ORD-00219,2025-01-25 20:25:06,2025-01-25 20:39:55,Approved,14.83
ORD-00220,,,Not Required,
ORD-00221,2025-01-26 06:26:33,2025-01-26 08:14:49,Approved,108.26
ORD-00222,2025-01-26 10:43:19,2025-01-26 11:02:50,Approved,19.52
ORD-00223,,,Not Required,
ORD-00224,,,Not Required,
ORD-00225,2025-01-26 19:13:25,2025-01-26 19:53:37,Approved,40.20
ORD-00226,,,Not Required,
ORD-00227,2025-01-27 07:36:59,2025-01-27 08:35:32,Approved,58.55
ORD-00228,,,Not Required,
ORD-00229,2025-01-27 10:25:19,2025-01-27 10:42:21,Approved,17.03
ORD-00230,,,Not Required,
ORD-00231,,,Not Required,
ORD-00232,2025-01-27 13:05:06,2025-01-27 14:15:36,Approved,70.49
ORD-00233,,,Not Required,
ORD-00234,,,Not Required,
ORD-00235,,,Not Required,
ORD-00236,,,Not Required,
ORD-00237,2025-01-27 19:31:50,2025-01-27 21:19:21,Approved,107.52
ORD-00238,2025-01-27 21:49:33,2025-01-27 23:05:08,Approved,75.58
ORD-00239,,,Not Required,
ORD-00240,,,Not Required,
ORD-00241,2025-01-28 15:39:49,2025-01-28 16:02:06,Approved,22.27
ORD-00242,2025-01-28 17:37:40,2025-01-28 18:26:48,Approved,49.13
ORD-00243,,,Not Required,
ORD-00244,,,Not Required,
ORD-00245,2025-01-28 19:16:20,2025-01-28 19:52:06,Approved,35.77
ORD-00246,2025-01-29 18:13:58,2025-01-29 18:20:04,Approved,6.10
ORD-00247,2025-01-29 20:27:37,2025-01-29 20:54:28,Rejected,26.85
ORD-00248,2025-01-29 21:13:06,2025-01-29 21:48:08,Approved,35.04
ORD-00249,2025-01-29 21:19:02,2025-01-29 21:59:42,Approved,40.66
ORD-00250,,,Not Required,
ORD-00251,2025-01-29 23:10:58,2025-01-30 00:20:16,Approved,69.30
ORD-00252,,,Not Required,
ORD-00253,2025-01-30 08:45:40,2025-01-30 08:55:23,Rejected,9.72
ORD-00254,2025-01-30 09:12:35,2025-01-30 09:43:37,Approved,31.04
ORD-00255,,,Not Required,
ORD-00256,,,Not Required,
ORD-00257,,,Not Required,
ORD-00258,2025-01-30 16:46:41,2025-01-30 20:57:14,Approved,250.55
ORD-00259,2025-01-30 20:20:25,,Pending,
ORD-00260,2025-01-30 21:14:03,2025-01-30 22:51:14,Approved,97.19
ORD-00261,,,Not Required,
ORD-00262,2025-01-30 22:13:46,2025-01-30 22:27:58,Approved,14.19
ORD-00263,,,Not Required,
ORD-00264,,,Not Required,
ORD-00265,2025-01-31 11:08:33,2025-01-31 11:18:13,Approved,9.66
ORD-00266,2025-01-31 12:16:16,2025-01-31 12:34:05,Approved,17.81
ORD-00267,,,Not Required,
ORD-00268,2025-01-31 12:33:31,2025-01-31 13:22:46,Approved,49.24
ORD-00269,,,Not Required,
ORD-00270,,,Not Required,
ORD-00271,,,Not Required,
ORD-00272,2025-01-31 20:09:43,2025-01-31 20:15:19,Approved,5.61
ORD-00273,,,Not Required,
ORD-00274,2025-02-01 08:59:50,2025-02-01 09:47:07,Approved,47.27
ORD-00275,,,Not Required,
ORD-00276,,,Not Required,
ORD-00277,,,Not Required,
ORD-00278,2025-02-01 22:59:40,2025-02-01 23:20:32,Approved,20.87
ORD-00279,,,Not Required,
ORD-00280,,,Not Required,
ORD-00281,2025-02-02 11:50:05,2025-02-02 12:57:35,Approved,67.50
ORD-00282,2025-02-02 13:44:23,2025-02-02 14:46:32,Approved,62.15
ORD-00283,,,Not Required,
ORD-00284,,,Not Required,
ORD-00285,2025-02-02 20:57:47,2025-02-02 21:39:01,Approved,41.22
ORD-00286,,,Not Required,
ORD-00287,,,Not Required,
ORD-00288,,,Not Required,
ORD-00289,2025-02-03 08:02:06,2025-02-03 08:43:57,Approved,41.84
ORD-00290,,,Not Required,
ORD-00291,,,Not Required,
ORD-00292,2025-02-03 12:17:43,2025-02-03 13:19:24,Approved,61.67
ORD-00293,,,Not Required,
ORD-00294,,,Not Required,
ORD-00295,2025-02-03 20:22:22,2025-02-03 18:33:22,Approved,13.98
ORD-00296,2025-02-03 21:25:42,2025-02-03 22:26:24,Approved,60.71
ORD-00297,2025-02-03 21:18:28,2025-02-03 21:43:41,Approved,25.21
ORD-00298,,,Not Required,
ORD-00299,,,Not Required,
ORD-00300,2025-02-04 09:58:18,2025-02-04 10:38:13,Approved,39.92
ORD-00301,,,Not Required,
ORD-00302,2025-02-04 18:48:15,2025-02-04 19:21:44,Approved,33.48
ORD-00303,,,Not Required,
ORD-00304,,,Not Required,
ORD-00305,2025-02-04 23:59:59,2025-02-05 00:58:45,Approved,58.77
ORD-00306,,,Not Required,
ORD-00307,,,Not Required,
ORD-00308,2025-02-05 16:09:15,,Pending,
ORD-00309,2025-02-05 19:19:02,2025-02-05 21:05:01,Approved,105.98
ORD-00310,2025-02-05 20:04:30,2025-02-05 20:25:39,Approved,21.15
ORD-00311,2025-02-05 20:19:36,2025-02-06 08:41:01,Approved,741.42
ORD-00312,,,Not Required,
ORD-00313,,,Not Required,
ORD-00314,,,Not Required,
ORD-00315,2025-02-06 09:16:53,2025-02-06 10:23:34,Approved,66.69
ORD-00316,2025-02-06 10:28:00,2025-02-06 10:52:30,Approved,24.51
ORD-00317,2025-02-06 16:40:38,2025-02-06 17:30:58,Approved,50.33
ORD-00318,2025-02-06 18:46:08,2025-02-06 19:09:32,Approved,23.40
ORD-00319,,,Not Required,
ORD-00320,,,Not Required,
ORD-00321,,,Not Required,
ORD-00322,2025-02-07 12:01:01,2025-02-07 12:22:19,Approved,21.30
ORD-00323,2025-02-07 13:20:44,2025-02-07 13:42:15,Approved,21.51
ORD-00324,,,Not Required,
ORD-00325,2025-02-07 17:40:47,2025-02-07 18:56:32,Approved,75.74
ORD-00326,2025-02-07 17:47:12,2025-02-07 18:08:19,Approved,21.11
ORD-00327,,,Not Required,
ORD-00328,2025-02-07 20:38:48,2025-02-07 20:57:13,Approved,18.42
ORD-00329,,,Not Required,
ORD-00330,,,Not Required,
ORD-00331,,,Not Required,
ORD-00332,2025-02-08 09:14:22,2025-02-08 09:33:47,Approved,19.41
ORD-00333,,,Not Required,
ORD-00334,,,Not Required,
ORD-00335,2025-02-08 15:19:31,2025-02-08 16:08:41,Approved,49.17
ORD-00336,,,Not Required,
ORD-00337,,,Not Required,
ORD-00338,2025-02-08 20:11:21,2025-02-09 00:46:12,Approved,274.85
ORD-00339,,,Not Required,
ORD-00340,,,Not Required,
ORD-00341,,,Not Required,
ORD-00342,2025-02-09 14:13:13,2025-02-09 18:54:17,Approved,281.07
ORD-00343,,,Not Required,
ORD-00344,,,Not Required,
ORD-00345,2025-02-09 19:15:11,2025-02-09 19:35:35,Approved,20.41
ORD-00346,,,Not Required,
ORD-00347,,,Not Required,
ORD-00348,,,Not Required,
ORD-00349,2025-02-10 07:29:06,2025-02-10 08:55:22,Approved,86.26
ORD-00350,2025-02-10 10:48:00,2025-02-10 12:11:58,Approved,83.98
ORD-00351,2025-02-10 11:07:18,2025-02-10 12:29:54,Approved,82.60
ORD-00352,,,Not Required,
ORD-00353,2025-02-10 12:48:38,2025-02-10 14:06:17,Approved,77.64
ORD-00354,,,Not Required,
ORD-00355,2025-02-10 20:16:10,2025-02-10 20:21:43,Approved,5.55
ORD-00356,,,Not Required,
ORD-00357,,,Not Required,
ORD-00358,2025-02-11 07:17:35,2025-02-11 07:47:55,Approved,30.33
ORD-00359,2025-02-11 08:34:48,2025-02-11 08:38:27,Approved,3.64
ORD-00360,2025-02-11 08:27:32,2025-02-11 08:46:01,Approved,18.48
ORD-00361,2025-02-11 09:49:45,2025-02-11 09:57:58,Approved,8.21
ORD-00362,2025-02-11 11:40:45,2025-02-11 12:02:38,Approved,21.89
ORD-00363,2025-02-11 11:43:36,2025-02-11 11:56:06,Approved,12.50
ORD-00364,2025-02-11 12:53:22,2025-02-11 14:30:13,Approved,96.85
ORD-00365,2025-02-11 16:13:32,2025-02-11 17:37:20,Approved,83.80
ORD-00366,,,Not Required,
ORD-00367,,,Not Required,
ORD-00368,,,Not Required,
ORD-00369,,,Not Required,
ORD-00370,,,Not Required,
ORD-00371,2025-02-12 16:11:56,2025-02-12 17:32:09,Approved,80.21
ORD-00372,2025-02-12 17:08:03,,Pending,
ORD-00373,2025-02-12 17:25:22,2025-02-12 17:44:39,Approved,19.29
ORD-00374,2025-02-12 17:57:23,2025-02-12 18:24:19,Approved,26.93
ORD-00375,2025-02-12 19:06:47,2025-02-12 19:22:13,Approved,15.43
ORD-00376,,,Not Required,
ORD-00377,2025-02-13 00:02:45,2025-02-13 00:13:13,Approved,10.47
ORD-00378,2025-02-13 01:46:54,2025-02-13 03:22:14,Approved,95.33
ORD-00379,2025-02-13 06:32:19,2025-02-13 07:41:47,Approved,69.47
ORD-00380,2025-02-13 13:33:53,2025-02-13 13:42:36,Approved,8.72
ORD-00381,2025-02-13 15:07:28,2025-02-13 17:05:52,Approved,118.41
ORD-00382,,,Not Required,
ORD-00383,2025-02-13 17:05:54,2025-02-13 17:17:18,Approved,11.40
ORD-00384,2025-02-13 17:34:56,2025-02-13 18:31:29,Approved,56.55
ORD-00385,2025-02-13 18:08:47,2025-02-13 18:27:05,Approved,18.31
ORD-00386,,,Not Required,
ORD-00387,2025-02-13 18:30:29,2025-02-13 18:55:13,Approved,24.74
ORD-00388,,,Not Required,
ORD-00389,,,Not Required,
ORD-00390,2025-02-14 10:04:12,2025-02-14 11:29:28,Approved,85.27
ORD-00391,2025-02-14 11:23:24,2025-02-14 12:17:52,Approved,54.46
ORD-00392,2025-02-14 12:04:19,2025-02-14 13:03:15,Approved,58.93
ORD-00393,2025-02-14 12:38:30,,Pending,
ORD-00394,,,Not Required,
ORD-00395,2025-02-14 14:53:39,2025-02-14 15:13:32,Approved,19.88
ORD-00396,,,Not Required,
ORD-00397,2025-02-14 18:25:53,2025-02-14 21:48:57,Approved,203.08
ORD-00398,2025-02-14 19:51:38,2025-02-14 21:24:19,Approved,92.68
ORD-00399,2025-02-14 21:15:53,2025-02-14 21:39:21,Approved,23.46
ORD-00400,2025-02-14 21:03:12,2025-02-14 21:12:52,Approved,9.66
ORD-00401,2025-02-14 21:28:22,2025-02-14 21:36:19,Approved,7.95
ORD-00402,,,Not Required,
ORD-00403,2025-02-15 11:43:22,2025-02-15 12:27:40,Approved,44.31
ORD-00404,2025-02-15 12:27:05,2025-02-15 13:18:33,Approved,51.47
ORD-00405,,,Not Required,
ORD-00406,2025-02-15 13:18:21,2025-02-15 14:13:18,Approved,54.95
ORD-00407,2025-02-15 13:26:45,2025-02-15 13:43:54,Approved,17.15
ORD-00408,2025-02-15 14:30:50,2025-02-15 17:43:31,Approved,192.68
ORD-00409,,,Not Required,
ORD-00410,,,Not Required,
ORD-00411,2025-02-15 17:41:14,2025-02-15 18:02:41,Approved,21.44
ORD-00412,2025-02-15 17:35:05,2025-02-15 18:28:51,Approved,53.77
ORD-00413,2025-02-15 17:48:38,2025-02-15 22:36:21,Approved,287.72
ORD-00414,2025-02-15 17:55:31,2025-02-15 18:13:29,Approved,17.97
ORD-00415,,,Not Required,
ORD-00416,2025-02-16 12:33:08,2025-02-16 12:53:22,Approved,20.23
ORD-00417,,,Not Required,
ORD-00418,,,Not Required,
ORD-00419,2025-02-16 13:32:57,2025-02-16 13:47:49,Approved,14.88
ORD-00420,,,Not Required,
ORD-00421,,,Not Required,
ORD-00422,,,Not Required,
ORD-00423,,,Not Required,
ORD-00424,2025-02-16 20:55:55,2025-02-16 21:51:20,Approved,55.41
ORD-00425,2025-02-16 21:13:15,2025-02-16 22:27:16,Approved,74.01
ORD-00426,2025-02-16 23:11:57,2025-02-17 01:39:24,Approved,147.44
ORD-00427,2025-02-17 03:46:41,2025-02-17 04:36:56,Approved,50.25
ORD-00428,2025-02-17 08:37:54,2025-02-17 09:23:47,Approved,45.88
ORD-00429,,,Not Required,
ORD-00430,2025-02-17 10:49:23,2025-02-17 12:10:11,Approved,80.79
ORD-00431,,,Not Required,
ORD-00432,2025-02-17 14:33:04,2025-02-17 14:50:28,Approved,17.41
ORD-00433,,,Not Required,
ORD-00434,,,Not Required,
ORD-00435,2025-02-18 00:20:19,2025-02-18 01:40:05,Approved,79.76
ORD-00436,,,Not Required,
ORD-00437,,,Not Required,
ORD-00438,2025-02-18 12:37:21,2025-02-18 15:52:40,Approved,195.32
ORD-00439,2025-02-18 14:57:36,2025-02-18 15:41:11,Approved,43.59
ORD-00440,,,Not Required,
ORD-00441,2025-02-18 16:23:52,2025-02-18 17:41:49,Approved,77.95
ORD-00442,2025-02-18 19:08:14,2025-02-18 19:34:21,Approved,26.13
ORD-00443,,,Not Required,
ORD-00444,,,Not Required,
ORD-00445,2025-02-18 22:44:50,2025-02-18 23:06:12,Approved,21.37
ORD-00446,2025-02-19 09:14:43,2025-02-19 09:30:28,Approved,15.76
ORD-00447,,,Not Required,
ORD-00448,,,Not Required,
ORD-00449,,,Not Required,
ORD-00450,2025-02-19 17:27:11,2025-02-19 17:45:30,Approved,18.31
ORD-00451,,,Not Required,
ORD-00452,2025-02-19 19:15:14,2025-02-19 20:08:54,Approved,53.66
ORD-00453,2025-02-19 20:48:10,2025-02-19 21:17:35,Approved,29.41
ORD-00454,,,Not Required,
ORD-00455,,,Not Required,
ORD-00456,,,Not Required,
ORD-00457,2025-02-20 11:07:55,2025-02-20 11:48:29,Approved,40.56
ORD-00458,,,Not Required,
ORD-00459,,,Not Required,
ORD-00460,2025-02-20 15:57:42,2025-02-20 17:48:08,Approved,110.43
ORD-00461,,,Not Required,
ORD-00462,2025-02-20 19:12:05,2025-02-20 19:16:09,Approved,4.07
ORD-00463,,,Not Required,
ORD-00464,2025-02-21 06:46:54,2025-02-21 07:32:16,Approved,45.36
ORD-00465,,,Not Required,
ORD-00466,2025-02-21 10:35:44,2025-02-21 11:10:18,Approved,34.57
ORD-00467,2025-02-21 10:53:51,2025-02-21 11:41:10,Approved,47.32
ORD-00468,,,Not Required,
ORD-00469,,,Not Required,
ORD-00470,,,Not Required,
ORD-00471,,,Not Required,
ORD-00472,2025-02-21 15:23:51,2025-02-21 15:33:19,Approved,9.47
ORD-00473,2025-02-21 18:59:08,2025-02-21 19:07:24,Approved,8.26
ORD-00474,,,Not Required,
ORD-00475,,,Not Required,
ORD-00476,2025-02-22 07:31:18,2025-02-22 07:50:20,Approved,19.03
ORD-00477,,,Not Required,
ORD-00478,,,Not Required,
ORD-00479,,,Not Required,
ORD-00480,2025-02-22 14:54:31,2025-02-22 15:22:20,Approved,27.82
ORD-00481,,,Not Required,
ORD-00482,2025-02-22 17:23:38,2025-02-22 17:51:52,Approved,28.23
ORD-00483,2025-02-22 17:17:56,2025-02-22 17:45:15,Approved,27.32
ORD-00484,2025-02-22 18:36:41,2025-02-22 19:41:45,Approved,65.07
ORD-00485,,,Not Required,
ORD-00486,2025-02-22 20:39:27,2025-02-22 22:34:44,Approved,115.27
ORD-00487,2025-02-22 21:27:01,2025-02-22 22:13:34,Approved,46.55
ORD-00488,,,Not Required,
ORD-00489,,,Not Required,
ORD-00490,2025-02-23 13:50:09,2025-02-23 13:57:36,Approved,7.46
ORD-00491,,,Not Required,
ORD-00492,,,Not Required,
ORD-00493,,,Not Required,
ORD-00494,2025-02-23 19:38:13,2025-02-23 20:11:16,Approved,33.06
ORD-00495,2025-02-23 20:07:02,2025-02-23 21:28:23,Approved,81.34
ORD-00496,,,Not Required,
ORD-00497,2025-02-23 22:52:45,2025-02-23 23:13:49,Approved,21.06
ORD-00498,2025-02-23 21:53:43,2025-02-23 23:04:46,Approved,71.05
ORD-00499,,,Not Required,
ORD-00500,2025-02-24 08:55:51,2025-02-24 09:50:10,Approved,54.32
ORD-00501,2025-02-24 09:57:20,2025-02-24 10:33:55,Approved,36.59
ORD-00502,2025-02-24 10:55:53,2025-02-24 12:33:15,Approved,97.37
ORD-00503,2025-02-24 11:43:55,2025-02-24 12:57:43,Approved,73.80
ORD-00504,2025-02-24 12:03:25,2025-02-24 12:08:28,Approved,5.06
ORD-00505,2025-02-24 16:56:53,2025-02-24 17:28:12,Approved,31.32
ORD-00506,2025-02-24 18:58:28,2025-02-24 20:59:05,Approved,120.62
ORD-00507,,,Not Required,
ORD-00508,2025-02-24 19:06:16,2025-02-24 19:15:29,Approved,9.22
ORD-00509,2025-02-24 22:13:09,2025-02-24 22:48:12,Approved,35.06
ORD-00510,2025-02-24 22:02:26,2025-02-24 23:08:02,Approved,65.60
ORD-00511,2025-02-25 00:29:48,2025-02-25 00:55:38,Approved,25.83
ORD-00512,2025-02-25 06:32:04,2025-02-25 08:48:41,Rejected,136.62
ORD-00513,,,Not Required,
ORD-00514,2025-02-25 11:47:28,2025-02-25 11:53:53,Approved,6.42
ORD-00515,2025-02-25 11:58:47,2025-02-25 12:30:43,Approved,31.94
ORD-00516,,,Not Required,
ORD-00517,2025-02-25 15:22:37,2025-02-25 16:37:34,Approved,74.95
ORD-00518,,,Not Required,
ORD-00519,2025-02-25 19:20:55,2025-02-25 19:46:22,Approved,25.45
ORD-00520,,,Not Required,
ORD-00521,,,Not Required,
ORD-00522,,,Not Required,
ORD-00523,2025-02-25 22:38:55,2025-02-25 22:44:13,Approved,5.29
ORD-00524,2025-02-26 06:15:46,2025-02-26 08:29:31,Rejected,133.74
ORD-00525,,,Not Required,
ORD-00526,2025-02-26 19:07:53,2025-02-26 19:38:09,Approved,30.26
ORD-00527,,,Not Required,
ORD-00528,2025-02-26 21:43:46,2025-02-26 23:25:22,Approved,101.60
ORD-00529,,,Not Required,
ORD-00530,2025-02-26 22:36:05,2025-02-26 23:08:04,Approved,31.98
ORD-00531,,,Not Required,
ORD-00532,,,Not Required,
ORD-00533,,,Not Required,
ORD-00534,2025-02-27 11:46:38,2025-02-27 12:14:51,Approved,28.23
ORD-00535,2025-02-27 16:54:30,2025-02-27 16:58:15,Approved,3.75
ORD-00536,2025-02-27 18:42:44,2025-02-27 19:12:44,Approved,29.99
ORD-00537,,,Not Required,
ORD-00538,,,Not Required,
ORD-00539,2025-02-28 08:28:28,2025-02-28 08:44:18,Approved,15.82
ORD-00540,2025-02-28 09:13:38,2025-02-28 10:37:33,Approved,83.91
ORD-00541,2025-02-28 15:13:40,2025-02-28 15:49:52,Approved,36.20
ORD-00542,,,Not Required,
ORD-00543,,,Not Required,
ORD-00544,2025-02-28 18:52:32,2025-02-28 19:30:34,Approved,38.02
ORD-00545,2025-02-28 19:22:53,2025-02-28 19:44:30,Approved,21.62
ORD-00546,,,Not Required,
ORD-00547,2025-03-01 07:09:24,2025-03-01 08:14:16,Approved,64.87
ORD-00548,,,Not Required,
ORD-00549,2025-03-01 13:07:45,2025-03-01 16:24:44,Approved,196.99
ORD-00550,,,Not Required,
ORD-00551,2025-03-01 21:03:41,2025-03-01 21:37:05,Approved,33.39
ORD-00552,2025-03-01 21:15:57,2025-03-01 22:07:27,Approved,51.50
ORD-00553,2025-03-01 22:34:58,2025-03-01 22:57:43,Approved,22.74
ORD-00554,,,Not Required,
ORD-00555,2025-03-02 10:35:09,2025-03-02 10:48:48,Approved,13.65
ORD-00556,,,Not Required,
ORD-00557,,,Not Required,
ORD-00558,,,Not Required,
ORD-00559,2025-03-02 16:27:53,2025-03-02 19:11:34,Approved,163.67
ORD-00560,,,Not Required,
ORD-00561,2025-03-02 21:02:07,2025-03-02 21:42:49,Approved,40.70
ORD-00562,2025-03-02 21:12:42,2025-03-02 21:21:01,Approved,8.33
ORD-00563,2025-03-02 21:58:55,2025-03-02 23:06:22,Approved,67.45
ORD-00564,2025-03-02 22:35:28,2025-03-02 23:20:42,Approved,45.24
ORD-00565,,,Not Required,
ORD-00566,2025-03-03 12:45:35,2025-03-03 13:20:02,Approved,34.45
ORD-00567,2025-03-03 13:38:29,2025-03-03 14:01:35,Approved,23.09
ORD-00568,,,Not Required,
ORD-00569,2025-03-03 16:12:30,2025-03-03 17:00:12,Approved,47.70
ORD-00570,,,Not Required,
ORD-00571,2025-03-03 18:07:11,2025-03-03 18:20:44,Approved,13.55
ORD-00572,2025-03-03 19:26:16,2025-03-03 20:59:00,Approved,92.73
ORD-00573,2025-03-04 07:36:07,2025-03-04 08:11:41,Rejected,35.57
ORD-00574,2025-03-04 12:00:36,2025-03-04 13:01:42,Approved,61.09
ORD-00575,,,Not Required,
ORD-00576,,,Not Required,
ORD-00577,,,Not Required,
ORD-00578,,,Not Required,
ORD-00579,,,Not Required,
ORD-00580,2025-03-04 18:39:17,2025-03-04 19:03:21,Approved,24.06
ORD-00581,2025-03-04 19:52:09,2025-03-04 20:07:41,Approved,15.53
ORD-00582,2025-03-04 20:03:05,2025-03-04 22:42:08,Approved,159.06
ORD-00583,,,Not Required,
ORD-00584,2025-03-04 23:14:17,2025-03-04 23:21:19,Approved,7.03
ORD-00585,,,Not Required,
ORD-00586,,,Not Required,
ORD-00587,2025-03-05 08:08:47,2025-03-05 09:13:58,Approved,65.18
ORD-00588,2025-03-05 10:10:43,2025-03-05 10:32:14,Approved,21.52
ORD-00589,,,Not Required,
ORD-00590,,,Not Required,
ORD-00591,,,Not Required,
ORD-00592,,,Not Required,
ORD-00593,,,Not Required,
ORD-00594,2025-03-05 20:01:07,2025-03-05 20:11:09,Approved,10.03
ORD-00595,,,Not Required,
ORD-00596,2025-03-06 11:08:19,2025-03-06 12:44:49,Approved,96.51
ORD-00597,,,Not Required,
ORD-00598,2025-03-06 12:15:52,2025-03-06 12:38:34,Approved,22.69
ORD-00599,,,Not Required,
ORD-00600,,,Not Required,
ORD-00601,,,Not Required,
ORD-00602,,,Not Required,
ORD-00603,2025-03-06 13:44:15,2025-03-07 00:16:59,Approved,632.74
ORD-00604,2025-03-06 14:13:41,2025-03-06 20:01:19,Approved,347.63
ORD-00605,,,Not Required,
ORD-00606,,,Not Required,
ORD-00607,2025-03-06 16:35:39,2025-03-06 16:58:49,Approved,23.16
ORD-00608,2025-03-06 17:37:47,2025-03-06 19:08:35,Approved,90.80
ORD-00609,2025-03-06 19:07:15,2025-03-06 21:53:05,Approved,165.84
ORD-00610,2025-03-06 19:24:15,2025-03-06 19:48:51,Approved,24.60
ORD-00611,,,Not Required,
ORD-00612,2025-03-06 21:20:00,2025-03-06 22:10:00,Approved,50.00
ORD-00613,2025-03-06 23:54:14,2025-03-07 00:04:55,Approved,10.69
ORD-00614,2025-03-07 08:32:27,2025-03-07 08:43:28,Approved,11.01
ORD-00615,,,Not Required,
ORD-00616,2025-03-07 10:20:39,2025-03-07 11:37:56,Approved,77.28
ORD-00617,2025-03-07 10:40:16,2025-03-07 11:32:03,Approved,51.79
ORD-00618,,,Not Required,
ORD-00619,2025-03-07 12:35:25,2025-03-07 12:44:14,Approved,8.83
ORD-00620,2025-03-07 15:49:45,2025-03-07 15:59:14,Approved,9.47
ORD-00621,,,Not Required,
ORD-00622,2025-03-08 02:30:28,2025-03-08 02:50:33,Approved,20.09
ORD-00623,,,Not Required,
ORD-00624,2025-03-08 13:10:45,,Pending,
ORD-00625,2025-03-08 13:34:48,,Pending,
ORD-00626,2025-03-08 15:02:22,2025-03-08 15:28:49,Approved,26.44
ORD-00627,,,Not Required,
ORD-00628,2025-03-08 17:26:27,2025-03-08 17:59:52,Approved,33.41
ORD-00629,2025-03-08 18:08:15,2025-03-08 19:36:25,Approved,88.18
ORD-00630,,,Not Required,
ORD-00631,2025-03-08 20:45:47,2025-03-08 21:19:14,Approved,33.45
ORD-00632,,,Not Required,
ORD-00633,2025-03-09 07:50:51,2025-03-09 13:39:44,Approved,348.89
ORD-00634,,,Not Required,
ORD-00635,,,Not Required,
ORD-00636,2025-03-09 16:31:44,2025-03-09 17:10:08,Approved,38.40
ORD-00637,2025-03-09 21:06:07,2025-03-09 21:42:32,Approved,36.42
ORD-00638,2025-03-09 20:49:40,2025-03-09 21:08:33,Approved,18.89
ORD-00639,2025-03-09 22:52:52,2025-03-10 00:14:53,Approved,82.01
ORD-00640,2025-03-10 10:44:26,2025-03-10 12:02:32,Approved,78.11
ORD-00641,2025-03-10 15:25:28,2025-03-10 23:50:53,Approved,505.41
ORD-00642,,,Not Required,
ORD-00643,,,Not Required,
ORD-00644,2025-03-10 20:39:19,2025-03-11 01:21:02,Approved,281.71
ORD-00645,,,Not Required,
ORD-00646,2025-03-11 08:08:47,2025-03-11 08:34:42,Approved,25.92
ORD-00647,,,Not Required,
ORD-00648,2025-03-11 10:56:58,2025-03-11 11:07:36,Approved,10.63
ORD-00649,,,Not Required,
ORD-00650,2025-03-11 12:14:41,2025-03-11 12:57:18,Approved,42.62
ORD-00651,2025-03-11 13:20:04,2025-03-11 12:22:04,Approved,110.94
ORD-00652,2025-03-11 14:53:27,2025-03-11 16:23:44,Approved,90.29
ORD-00653,2025-03-11 15:30:42,2025-03-11 17:08:26,Approved,97.73
ORD-00654,2025-03-11 16:02:58,2025-03-11 16:50:55,Approved,47.95
ORD-00655,,,Not Required,
ORD-00656,,,Not Required,
ORD-00657,,,Not Required,
ORD-00658,,,Not Required,
ORD-00659,,,Not Required,
ORD-00660,2025-03-12 07:54:11,2025-03-12 09:04:09,Approved,69.98
ORD-00661,2025-03-12 11:11:37,2025-03-12 11:22:54,Approved,11.29
ORD-00662,2025-03-12 11:26:35,2025-03-12 12:12:56,Approved,46.35
ORD-00663,2025-03-12 17:17:17,2025-03-12 17:35:25,Approved,18.13
ORD-00664,,,Not Required,
ORD-00665,2025-03-12 18:30:08,2025-03-12 18:44:19,Approved,14.18
ORD-00666,2025-03-13 10:52:42,2025-03-13 11:37:40,Approved,44.97
ORD-00667,,,Not Required,
ORD-00668,2025-03-13 14:45:58,2025-03-13 15:07:01,Approved,21.05
ORD-00669,2025-03-13 18:06:44,2025-03-13 18:12:18,Approved,5.57
ORD-00670,2025-03-13 18:31:14,2025-03-14 07:51:56,Approved,800.71
ORD-00671,,,Not Required,
ORD-00672,,,Not Required,
ORD-00673,2025-03-13 22:59:26,2025-03-14 02:07:14,Approved,187.80
ORD-00674,,,Not Required,
ORD-00675,2025-03-14 10:23:40,2025-03-14 11:04:07,Approved,40.46
ORD-00676,2025-03-14 11:42:33,2025-03-14 14:07:35,Approved,145.02
ORD-00677,,,Not Required,
ORD-00678,2025-03-14 17:31:10,2025-03-14 18:53:42,Rejected,82.52
ORD-00679,,,Not Required,
ORD-00680,,,Not Required,
ORD-00681,,,Not Required,
ORD-00682,,,Not Required,
ORD-00683,,,Not Required,
ORD-00684,2025-03-15 20:43:45,2025-03-15 20:53:43,Approved,9.97
ORD-00685,2025-03-15 22:40:45,2025-03-15 23:04:54,Approved,24.15
ORD-00686,2025-03-16 10:45:18,2025-03-16 13:38:12,Rejected,172.91
ORD-00687,2025-03-16 14:07:14,2025-03-16 15:08:52,Approved,61.64
ORD-00688,,,Not Required,
ORD-00689,,,Not Required,
ORD-00690,,,Not Required,
ORD-00691,,,Not Required,
ORD-00692,2025-03-17 06:26:08,2025-03-17 06:46:59,Approved,20.84
ORD-00693,2025-03-17 09:12:15,2025-03-17 10:56:42,Approved,104.45
ORD-00694,,,Not Required,
ORD-00695,,,Not Required,
ORD-00696,,,Not Required,
ORD-00697,2025-03-17 15:03:44,2025-03-17 17:36:14,Approved,152.50
ORD-00698,2025-03-17 15:08:08,2025-03-17 16:09:45,Approved,61.61
ORD-00699,2025-03-17 19:25:58,2025-03-17 21:06:33,Approved,100.59
ORD-00700,,,Not Required,
ORD-00701,,,Not Required,
ORD-00702,2025-03-18 11:22:53,2025-03-18 11:55:09,Approved,32.28
ORD-00703,2025-03-18 13:23:00,2025-03-18 14:43:34,Approved,80.57
ORD-00704,2025-03-18 14:05:01,2025-03-18 15:21:10,Approved,76.15
ORD-00705,2025-03-18 15:18:35,2025-03-18 17:57:20,Rejected,158.75
ORD-00706,2025-03-18 16:32:14,2025-03-18 16:58:04,Approved,25.84
ORD-00707,,,Not Required,
ORD-00708,,,Not Required,
ORD-00709,,,Not Required,
ORD-00710,2025-03-19 09:26:41,2025-03-19 05:45:41,Rejected,57.20
ORD-00711,,,Not Required,
ORD-00712,,,Not Required,
ORD-00713,2025-03-19 10:28:38,2025-03-19 11:05:47,Approved,37.14
ORD-00714,2025-03-19 14:08:47,2025-03-19 14:20:24,Approved,11.62
ORD-00715,,,Not Required,
ORD-00716,,,Not Required,
ORD-00717,2025-03-19 18:51:04,2025-03-19 19:33:11,Approved,42.11
ORD-00718,,,Not Required,
ORD-00719,,,Not Required,
ORD-00720,2025-03-20 11:18:41,2025-03-20 12:02:22,Approved,43.69
ORD-00721,2025-03-20 12:52:15,2025-03-20 13:25:18,Approved,33.04
ORD-00722,,,Not Required,
ORD-00723,2025-03-20 17:33:51,2025-03-20 18:31:50,Approved,57.99
ORD-00724,2025-03-20 21:35:39,2025-03-20 22:07:42,Approved,32.06
ORD-00725,2025-03-21 06:35:54,2025-03-21 08:25:51,Approved,109.95
ORD-00726,2025-03-21 12:04:13,2025-03-21 12:43:47,Approved,39.57
ORD-00727,2025-03-21 12:44:21,2025-03-21 13:42:46,Approved,58.42
ORD-00728,,,Not Required,
ORD-00729,,,Not Required,
ORD-00730,,,Not Required,
ORD-00731,,,Not Required,
ORD-00732,2025-03-21 18:48:53,2025-03-21 19:47:25,Approved,58.54
ORD-00733,,,Not Required,
ORD-00734,2025-03-21 20:08:22,2025-03-21 21:00:45,Approved,52.39
ORD-00735,2025-03-21 20:19:09,2025-03-21 21:20:37,Approved,61.46
ORD-00736,,,Not Required,
ORD-00737,,,Not Required,
ORD-00738,,,Not Required,
ORD-00739,2025-03-22 07:04:30,2025-03-22 09:12:33,Approved,128.05
ORD-00740,,,Not Required,
ORD-00741,,,Not Required,
ORD-00742,,,Not Required,
ORD-00743,,,Not Required,
ORD-00744,,,Not Required,
ORD-00745,2025-03-22 15:39:27,2025-03-22 15:55:52,Approved,16.42
ORD-00746,2025-03-22 18:54:44,2025-03-22 19:49:41,Approved,54.96
ORD-00747,2025-03-22 19:24:08,2025-03-22 19:32:37,Approved,8.49
ORD-00748,2025-03-22 19:21:02,2025-03-22 19:39:10,Approved,18.14
ORD-00749,2025-03-22 19:46:29,2025-03-22 20:10:54,Approved,24.42
ORD-00750,,,Not Required,
ORD-00751,2025-03-22 21:56:07,2025-03-23 08:40:00,Approved,643.89
ORD-00752,,,Not Required,
ORD-00753,,,Not Required,
ORD-00754,,,Not Required,
ORD-00755,2025-03-23 15:14:43,2025-03-23 16:29:28,Approved,74.74
ORD-00756,2025-03-23 17:13:12,2025-03-23 17:24:21,Approved,11.14
ORD-00757,2025-03-23 17:50:15,2025-03-23 19:43:37,Approved,113.38
ORD-00758,,,Not Required,
ORD-00759,2025-03-23 17:59:33,2025-03-23 18:35:04,Approved,35.52
ORD-00760,2025-03-23 21:40:03,2025-03-23 21:48:07,Approved,8.07
ORD-00761,2025-03-24 09:48:20,2025-03-24 11:24:13,Approved,95.89
ORD-00762,2025-03-24 10:43:54,2025-03-24 11:06:13,Approved,22.31
ORD-00763,2025-03-24 10:43:27,2025-03-24 11:29:44,Approved,46.29
ORD-00764,2025-03-24 10:53:43,2025-03-24 11:28:10,Approved,34.45
ORD-00765,2025-03-24 11:40:14,2025-03-24 11:49:07,Rejected,8.88
ORD-00766,,,Not Required,
ORD-00767,,,Not Required,
ORD-00768,,,Not Required,
ORD-00769,2025-03-24 17:54:50,2025-03-24 18:55:10,Approved,60.34
ORD-00770,2025-03-24 18:06:03,2025-03-24 19:24:01,Approved,77.96
ORD-00771,2025-03-24 18:22:31,2025-03-24 19:01:50,Approved,39.31
ORD-00772,2025-03-24 19:29:05,2025-03-24 19:46:21,Approved,17.27
ORD-00773,2025-03-25 07:48:20,2025-03-25 08:13:12,Approved,24.87
ORD-00774,2025-03-25 08:14:44,2025-03-25 08:36:00,Approved,21.27
ORD-00775,,,Not Required,
ORD-00776,,,Not Required,
ORD-00777,2025-03-25 13:36:52,2025-03-25 13:45:06,Approved,8.22
ORD-00778,2025-03-25 16:44:37,2025-03-25 17:27:37,Approved,43.00
ORD-00779,,,Not Required,
ORD-00780,2025-03-25 19:17:47,2025-03-25 19:32:24,Approved,14.62
ORD-00781,,,Not Required,
ORD-00782,,,Not Required,
ORD-00783,,,Not Required,
ORD-00784,2025-03-26 10:16:59,2025-03-26 10:40:30,Approved,23.52
ORD-00785,2025-03-26 10:27:07,2025-03-26 11:26:07,Approved,59.00
ORD-00786,,,Not Required,
ORD-00787,,,Not Required,
ORD-00788,2025-03-26 13:19:39,2025-03-26 14:10:06,Approved,50.44
ORD-00789,,,Not Required,
ORD-00790,2025-03-26 18:10:59,2025-03-26 18:26:33,Approved,15.58
ORD-00791,2025-03-26 19:42:58,2025-03-26 20:23:50,Approved,40.86
ORD-00792,,,Not Required,
ORD-00793,,,Not Required,
ORD-00794,2025-03-26 22:18:38,2025-03-26 22:54:54,Approved,36.27
ORD-00795,2025-03-27 01:46:11,2025-03-27 02:31:39,Approved,45.47
ORD-00796,,,Not Required,
ORD-00797,2025-03-27 09:15:16,2025-03-27 09:44:43,Approved,29.45
ORD-00798,2025-03-27 13:54:13,2025-03-27 12:30:13,Approved,20.19
ORD-00799,2025-03-27 15:44:19,2025-03-27 16:46:13,Approved,61.91
ORD-00800,2025-03-27 16:52:48,2025-03-27 17:55:11,Approved,62.39
ORD-00801,,,Not Required,
ORD-00802,,,Not Required,
ORD-00803,2025-03-27 21:57:24,,Pending,
ORD-00804,2025-03-28 09:03:30,2025-03-28 10:22:36,Approved,79.10
ORD-00805,,,Not Required,
ORD-00806,,,Not Required,
ORD-00807,2025-03-28 10:18:49,2025-03-28 10:34:14,Approved,15.42
ORD-00808,,,Not Required,
ORD-00809,,,Not Required,
ORD-00810,2025-03-28 13:13:57,2025-03-28 14:34:17,Approved,80.33
ORD-00811,,,Not Required,
ORD-00812,2025-03-28 14:15:31,2025-03-28 17:32:14,Approved,196.71
ORD-00813,2025-03-28 15:38:57,2025-03-28 16:09:08,Approved,30.18
ORD-00814,2025-03-28 18:15:10,2025-03-28 18:30:37,Approved,15.45
ORD-00815,2025-03-28 19:11:05,2025-03-28 20:09:35,Approved,58.50
ORD-00816,,,Not Required,
ORD-00817,2025-03-28 21:49:43,2025-03-28 22:07:40,Approved,17.94
ORD-00818,,,Not Required,
ORD-00819,2025-03-29 09:17:28,2025-03-29 09:58:55,Approved,41.46
ORD-00820,2025-03-29 09:38:03,2025-03-29 11:01:18,Approved,83.24
ORD-00821,2025-03-29 09:21:22,2025-03-29 09:24:07,Approved,2.75
ORD-00822,2025-03-29 10:57:45,2025-03-29 12:38:59,Rejected,101.23
ORD-00823,2025-03-29 10:47:30,2025-03-29 10:58:25,Approved,10.92
ORD-00824,,,Not Required,
ORD-00825,,,Not Required,
ORD-00826,2025-03-29 12:59:31,2025-03-29 13:09:22,Approved,9.85
ORD-00827,,,Not Required,
ORD-00828,,,Not Required,
ORD-00829,,,Not Required,
ORD-00830,,,Not Required,
ORD-00831,,,Not Required,
ORD-00832,2025-03-30 10:44:22,2025-03-30 10:59:19,Approved,14.96
ORD-00833,,,Not Required,
ORD-00834,,,Not Required,
ORD-00835,2025-03-30 18:02:47,2025-03-30 19:03:00,Approved,60.22
ORD-00836,,,Not Required,
ORD-00837,,,Not Required,
ORD-00838,2025-03-31 09:01:43,2025-03-31 10:08:45,Approved,67.04
ORD-00839,,,Not Required,
ORD-00840,2025-03-31 19:23:47,2025-03-31 19:48:53,Approved,25.10
ORD-00841,,,Not Required,
ORD-00842,2025-03-31 20:51:28,2025-03-31 22:02:35,Approved,71.12
ORD-00843,2025-04-01 09:23:26,2025-04-01 10:03:10,Approved,39.73
ORD-00844,,,Not Required,
ORD-00845,,,Not Required,
ORD-00846,,,Not Required,
ORD-00847,2025-04-01 16:50:31,2025-04-01 18:11:31,Approved,80.99
ORD-00848,2025-04-01 16:40:54,2025-04-01 17:24:26,Approved,43.54
ORD-00849,2025-04-01 17:38:31,2025-04-01 18:00:23,Approved,21.88
ORD-00850,2025-04-01 18:48:24,2025-04-01 18:56:30,Approved,8.11
ORD-00851,,,Not Required,
ORD-00852,2025-04-01 20:32:41,2025-04-01 21:13:58,Approved,41.28
ORD-00853,,,Not Required,
ORD-00854,2025-04-01 21:21:51,2025-04-01 21:33:27,Approved,11.61
ORD-00855,,,Not Required,
ORD-00856,2025-04-02 06:07:26,2025-04-02 06:18:50,Approved,11.40
ORD-00857,2025-04-02 06:48:48,2025-04-02 08:34:45,Approved,105.95
ORD-00858,2025-04-02 10:17:14,2025-04-02 12:27:02,Approved,129.80
ORD-00859,,,Not Required,
ORD-00860,,,Not Required,
ORD-00861,2025-04-02 11:12:26,2025-04-02 12:37:06,Approved,84.66
ORD-00862,2025-04-02 12:10:46,2025-04-02 13:11:18,Approved,60.53
ORD-00863,2025-04-02 19:08:22,2025-04-02 20:17:19,Approved,68.95
ORD-00864,,,Not Required,
ORD-00865,2025-04-03 09:31:37,2025-04-03 10:43:38,Approved,72.01
ORD-00866,,,Not Required,
ORD-00867,,,Not Required,
ORD-00868,2025-04-03 11:25:35,2025-04-03 12:06:30,Approved,40.92
ORD-00869,2025-04-03 14:19:45,2025-04-03 15:15:16,Approved,55.52
ORD-00870,,,Not Required,
ORD-00871,2025-04-03 16:05:38,2025-04-03 17:03:46,Approved,58.13
ORD-00872,,,Not Required,
ORD-00873,,,Not Required,
ORD-00874,2025-04-03 20:19:45,2025-04-03 22:07:36,Approved,107.85
ORD-00875,2025-04-03 20:32:56,2025-04-04 01:46:02,Approved,313.10
ORD-00876,2025-04-03 23:16:39,2025-04-03 23:55:46,Approved,39.12
ORD-00877,2025-04-03 23:05:48,2025-04-03 23:58:25,Approved,52.62
ORD-00878,,,Not Required,
ORD-00879,2025-04-04 07:32:53,2025-04-04 08:21:14,Approved,48.35
ORD-00880,,,Not Required,
ORD-00881,,,Not Required,
ORD-00882,,,Not Required,
ORD-00883,2025-04-04 10:16:24,2025-04-04 15:22:43,Rejected,306.32
ORD-00884,2025-04-04 13:18:13,2025-04-04 16:06:07,Rejected,167.91
ORD-00885,,,Not Required,
ORD-00886,,,Not Required,
ORD-00887,2025-04-04 16:17:13,2025-04-04 16:39:55,Approved,22.71
ORD-00888,,,Not Required,66.34
ORD-00889,2025-04-04 16:44:38,2025-04-04 17:04:25,Approved,19.77
ORD-00890,2025-04-04 17:20:52,2025-04-04 17:36:28,Approved,15.60
ORD-00891,2025-04-04 17:10:12,2025-04-04 18:48:30,Approved,98.31
ORD-00892,,,Not Required,
ORD-00893,,,Not Required,
ORD-00894,,,Not Required,
ORD-00895,,,Not Required,
ORD-00896,2025-04-05 11:49:53,2025-04-05 12:58:33,Approved,68.66
ORD-00897,2025-04-05 12:30:24,2025-04-05 12:35:45,Approved,5.35
ORD-00898,2025-04-05 13:06:19,2025-04-05 14:00:15,Approved,53.94
ORD-00899,,,Not Required,
ORD-00900,,,Not Required,
ORD-00901,2025-04-05 17:21:41,2025-04-05 18:18:41,Rejected,57.00
ORD-00902,2025-04-05 20:56:34,2025-04-05 21:16:50,Approved,20.27
ORD-00903,,,Not Required,
ORD-00904,2025-04-06 09:23:57,2025-04-06 09:46:36,Approved,22.65
ORD-00905,2025-04-06 11:35:46,2025-04-06 11:47:24,Approved,11.62
ORD-00906,,,Not Required,
ORD-00907,2025-04-06 12:53:36,2025-04-06 13:08:48,Approved,15.21
ORD-00908,2025-04-06 13:15:16,2025-04-06 13:25:30,Approved,10.23
ORD-00909,,,Not Required,
ORD-00910,2025-04-06 14:28:31,2025-04-06 14:45:31,Approved,17.00
ORD-00911,2025-04-06 14:57:28,2025-04-06 15:04:17,Approved,6.81
ORD-00912,2025-04-06 14:38:57,2025-04-06 15:06:16,Approved,27.32
ORD-00913,,,Not Required,
ORD-00914,2025-04-06 15:44:39,2025-04-06 18:24:37,Approved,159.97
ORD-00915,,,Not Required,
ORD-00916,,,Not Required,
ORD-00917,2025-04-06 20:58:12,2025-04-06 22:06:51,Rejected,68.66
ORD-00918,2025-04-06 21:37:44,2025-04-06 22:21:05,Approved,43.36
ORD-00919,,,Not Required,
ORD-00920,2025-04-07 09:24:29,2025-04-07 12:49:48,Rejected,205.31
ORD-00921,,,Not Required,
ORD-00922,,,Not Required,
ORD-00923,2025-04-07 12:41:36,2025-04-07 13:12:46,Approved,31.17
ORD-00924,2025-04-07 16:54:58,2025-04-07 17:40:10,Approved,45.20
ORD-00925,2025-04-07 18:29:32,2025-04-07 18:49:09,Approved,19.62
ORD-00926,,,Not Required,
ORD-00927,2025-04-07 19:49:47,2025-04-07 20:16:12,Approved,26.43
ORD-00928,,,Not Required,
ORD-00929,2025-04-07 19:58:44,2025-04-07 20:54:20,Approved,55.60
ORD-00930,2025-04-08 00:41:57,2025-04-08 01:26:33,Approved,44.61
ORD-00931,2025-04-08 05:40:37,2025-04-08 05:50:16,Approved,9.64
ORD-00932,2025-04-08 08:40:12,2025-04-08 10:06:18,Approved,86.11
ORD-00933,,,Not Required,
ORD-00934,,,Not Required,
ORD-00935,2025-04-08 13:35:05,2025-04-08 13:54:04,Approved,18.98
ORD-00936,,,Not Required,
ORD-00937,2025-04-08 16:23:46,2025-04-08 17:22:26,Approved,58.67
ORD-00938,2025-04-08 16:52:12,2025-04-08 17:32:38,Approved,40.43
ORD-00939,,,Not Required,
ORD-00940,2025-04-08 18:10:23,2025-04-08 19:10:03,Approved,59.68
ORD-00941,,,Not Required,
ORD-00942,,,Not Required,
ORD-00943,2025-04-08 20:48:36,2025-04-08 21:48:35,Approved,59.98
ORD-00944,,,Not Required,
ORD-00945,2025-04-09 06:56:46,2025-04-09 07:01:16,Approved,4.50
ORD-00946,,,Not Required,
ORD-00947,,,Not Required,
ORD-00948,2025-04-09 12:35:54,2025-04-09 13:40:13,Approved,64.32
ORD-00949,,,Not Required,
ORD-00950,,,Not Required,
ORD-00951,,,Not Required,
ORD-00952,,,Not Required,
ORD-00953,,,Not Required,
ORD-00954,2025-04-09 21:44:18,2025-04-10 03:07:26,Approved,323.13
ORD-00955,,,Not Required,
ORD-00956,,,Not Required,
ORD-00957,,,Not Required,
ORD-00958,2025-04-10 10:21:02,2025-04-10 11:02:21,Approved,41.31
ORD-00959,,,Not Required,
ORD-00960,,,Not Required,
ORD-00961,,,Not Required,
ORD-00962,,,Not Required,
ORD-00963,2025-04-10 17:00:44,2025-04-10 17:33:24,Approved,32.67
ORD-00964,,,Not Required,
ORD-00965,2025-04-10 20:04:12,2025-04-10 21:59:35,Approved,115.39
ORD-00966,,,Not Required,
ORD-00967,2025-04-11 05:17:03,,Pending,
ORD-00968,2025-04-11 07:22:57,2025-04-11 07:47:11,Approved,24.23
ORD-00969,,,Not Required,
ORD-00970,,,Not Required,
ORD-00971,2025-04-11 12:15:15,2025-04-11 13:34:24,Approved,79.16
ORD-00972,,,Not Required,
ORD-00973,2025-04-11 19:01:51,2025-04-11 19:15:24,Approved,13.54
ORD-00974,,,Not Required,
ORD-00975,2025-04-12 08:41:22,2025-04-12 08:57:46,Approved,16.40
ORD-00976,,,Not Required,
ORD-00977,,,Not Required,
ORD-00978,2025-04-12 10:54:51,,Pending,
ORD-00979,2025-04-12 13:45:21,2025-04-12 14:18:38,Approved,33.27
ORD-00980,2025-04-12 14:38:39,2025-04-12 14:42:14,Approved,3.58
ORD-00981,2025-04-12 14:17:46,2025-04-12 14:47:33,Approved,29.79
ORD-00982,2025-04-12 15:29:50,2025-04-12 17:40:14,Approved,130.40
ORD-00983,2025-04-12 15:57:15,2025-04-12 16:21:51,Approved,24.60
ORD-00984,2025-04-12 18:30:49,2025-04-12 18:45:00,Approved,14.17
ORD-00985,,,Not Required,
ORD-00986,2025-04-13 06:31:35,2025-04-13 06:47:33,Approved,15.96
ORD-00987,,,Not Required,
ORD-00988,2025-04-13 13:08:04,2025-04-13 23:29:44,Approved,621.66
ORD-00989,2025-04-13 13:03:59,2025-04-13 13:40:02,Approved,36.05
ORD-00990,2025-04-13 13:02:15,2025-04-13 15:12:37,Approved,130.38
ORD-00991,2025-04-13 14:11:32,2025-04-13 14:19:44,Approved,8.19
ORD-00992,2025-04-13 15:40:09,2025-04-13 15:49:11,Approved,9.04
ORD-00993,,,Not Required,
ORD-00994,2025-04-13 16:50:43,2025-04-13 18:18:05,Approved,87.37
ORD-00995,2025-04-13 17:49:06,2025-04-13 18:35:11,Approved,46.08
ORD-00996,,,Not Required,
ORD-00997,2025-04-13 20:40:02,2025-04-13 20:53:32,Approved,13.50
ORD-00998,2025-04-14 10:07:26,2025-04-14 10:42:53,Approved,35.44
ORD-00999,2025-04-14 10:33:22,2025-04-14 10:55:04,Approved,21.70
ORD-01000,,,Not Required,
ORD-01001,,,Not Required,
ORD-01002,2025-04-14 15:10:23,2025-04-14 15:58:23,Approved,48.00
ORD-01003,2025-04-14 18:16:49,2025-04-14 18:40:01,Approved,23.20
ORD-01004,,,Not Required,
ORD-01005,,,Not Required,
ORD-01006,,,Not Required,
ORD-01007,,,Not Required,
ORD-01008,,,Not Required,
ORD-01009,,,Not Required,
ORD-01010,2025-04-15 13:22:16,2025-04-15 14:59:25,Approved,97.16
ORD-01011,,,Not Required,
ORD-01012,,,Not Required,
ORD-01013,,,Not Required,
ORD-01014,,,Not Required,
ORD-01015,,,Not Required,
ORD-01016,,,Not Required,
ORD-01017,2025-04-16 07:35:42,2025-04-16 09:18:41,Rejected,102.99
ORD-01018,,,Not Required,
ORD-01019,,,Not Required,
ORD-01020,2025-04-16 14:45:56,2025-04-16 15:13:23,Approved,27.45
ORD-01021,,,Not Required,
ORD-01022,2025-04-16 17:24:43,2025-04-16 18:29:27,Approved,64.73
ORD-01023,,,Not Required,
ORD-01024,,,Not Required,
ORD-01025,,,Not Required,
ORD-01026,2025-04-16 20:28:41,2025-04-16 22:59:11,Approved,150.51
ORD-01027,,,Not Required,
ORD-01028,2025-04-16 20:54:23,2025-04-16 21:23:27,Rejected,29.07
ORD-01029,,,Not Required,
ORD-01030,2025-04-16 23:52:35,,Pending,
ORD-01031,2025-04-17 09:05:50,2025-04-17 11:28:41,Approved,142.86
ORD-01032,2025-04-17 09:14:12,2025-04-17 10:08:11,Approved,53.98
ORD-01033,2025-04-17 09:29:47,2025-04-17 10:44:34,Approved,74.78
ORD-01034,,,Not Required,
ORD-01035,,,Not Required,
ORD-01036,,,Not Required,
ORD-01037,2025-04-17 16:18:07,2025-04-17 17:31:10,Approved,73.04
ORD-01038,,,Not Required,
ORD-01039,,,Not Required,
ORD-01040,,,Not Required,
ORD-01041,,,Not Required,
ORD-01042,,,Not Required,
ORD-01043,2025-04-18 10:25:31,2025-04-18 10:33:22,Approved,7.85
ORD-01044,2025-04-18 12:36:50,2025-04-18 13:25:57,Approved,49.11
ORD-01045,,,Not Required,
ORD-01046,,,Not Required,
ORD-01047,,,Not Required,
ORD-01048,,,Not Required,
ORD-01049,2025-04-19 13:47:35,2025-04-19 14:28:32,Approved,40.95
ORD-01050,,,Not Required,
ORD-01051,2025-04-19 16:24:18,2025-04-19 18:12:02,Rejected,107.72
ORD-01052,2025-04-19 17:48:54,2025-04-19 17:53:18,Approved,4.40
ORD-01053,,,Not Required,
ORD-01054,2025-04-19 18:27:06,2025-04-19 19:00:58,Approved,33.88
ORD-01055,2025-04-19 19:26:54,2025-04-19 20:04:32,Approved,37.63
ORD-01056,,,Not Required,
ORD-01057,2025-04-19 23:58:20,2025-04-20 00:16:31,Approved,18.18
ORD-01058,2025-04-20 10:21:30,2025-04-20 10:30:42,Approved,9.20
ORD-01059,2025-04-20 10:25:18,2025-04-20 11:21:50,Approved,56.54
ORD-01060,,,Not Required,
ORD-01061,,,Not Required,
ORD-01062,2025-04-20 12:12:35,2025-04-20 12:31:27,Approved,18.88
ORD-01063,,,Not Required,
ORD-01064,,,Not Required,
ORD-01065,,,Not Required,
ORD-01066,2025-04-20 16:42:46,,Pending,
ORD-01067,,,Not Required,
ORD-01068,,,Not Required,
ORD-01069,2025-04-20 18:18:31,2025-04-20 20:39:52,Rejected,141.35
ORD-01070,2025-04-20 18:12:57,2025-04-20 18:22:15,Approved,9.31
ORD-01071,,,Not Required,
ORD-01072,,,Not Required,
ORD-01073,,,Not Required,
ORD-01074,2025-04-20 21:43:36,2025-04-21 00:28:27,Approved,164.84
ORD-01075,2025-04-20 22:48:39,2025-04-20 23:26:28,Approved,37.81
ORD-01076,,,Not Required,
ORD-01077,,,Not Required,
ORD-01078,2025-04-21 09:24:43,2025-04-21 09:54:50,Approved,30.12
ORD-01079,,,Not Required,
ORD-01080,,,Not Required,
ORD-01081,2025-04-21 11:13:52,2025-04-21 11:47:26,Approved,33.57
ORD-01082,2025-04-21 11:53:08,2025-04-21 12:51:28,Approved,58.32
ORD-01083,2025-04-21 15:16:51,2025-04-21 15:57:55,Approved,41.07
ORD-01084,2025-04-21 16:23:02,2025-04-21 16:53:18,Approved,30.27
ORD-01085,2025-04-21 16:46:45,2025-04-21 17:04:31,Approved,17.76
ORD-01086,2025-04-21 17:47:45,2025-04-21 19:40:51,Approved,113.10
ORD-01087,2025-04-21 19:04:36,2025-04-21 20:52:50,Rejected,108.23
ORD-01088,2025-04-21 20:46:04,2025-04-21 21:00:43,Approved,14.64
ORD-01089,,,Not Required,
ORD-01090,,,Not Required,
ORD-01091,2025-04-21 23:08:41,2025-04-21 23:22:15,Approved,13.57
ORD-01092,2025-04-22 09:13:02,2025-04-22 10:09:38,Approved,56.59
ORD-01093,,,Not Required,
ORD-01094,2025-04-22 10:53:41,2025-04-22 11:06:17,Approved,12.59
ORD-01095,,,Not Required,
ORD-01096,2025-04-22 13:39:27,2025-04-22 14:08:22,Approved,28.92
ORD-01097,2025-04-22 13:47:33,2025-04-22 14:53:22,Approved,65.82
ORD-01098,,,Not Required,
ORD-01099,2025-04-22 16:49:44,2025-04-22 19:44:31,Approved,174.79
ORD-01100,2025-04-22 16:17:08,2025-04-22 21:09:42,Approved,292.56
ORD-01101,2025-04-22 17:23:08,2025-04-22 17:32:44,Approved,9.60
ORD-01102,2025-04-22 18:31:06,2025-04-22 19:05:19,Approved,34.21
ORD-01103,2025-04-22 23:54:16,2025-04-23 02:36:40,Approved,162.41
ORD-01104,2025-04-23 08:13:17,2025-04-23 08:38:55,Approved,25.63
ORD-01105,,,Not Required,
ORD-01106,2025-04-23 10:49:34,,Pending,
ORD-01107,,,Not Required,
ORD-01108,2025-04-23 16:10:22,2025-04-23 17:11:49,Approved,61.46
ORD-01109,,,Not Required,
ORD-01110,2025-04-23 21:49:12,2025-04-23 22:17:36,Approved,28.40
ORD-01111,2025-04-24 00:39:51,2025-04-24 00:49:20,Approved,9.48
ORD-01112,2025-04-24 07:13:59,2025-04-24 08:28:27,Approved,74.46
ORD-01113,,,Not Required,
ORD-01114,,,Not Required,
ORD-01115,2025-04-24 13:14:39,2025-04-24 13:35:33,Approved,20.91
ORD-01116,2025-04-24 13:22:18,2025-04-24 15:00:43,Approved,98.43
ORD-01117,,,Not Required,
ORD-01118,2025-04-24 15:38:22,2025-04-24 15:56:24,Approved,18.04
ORD-01119,,,Not Required,
ORD-01120,2025-04-24 19:34:33,2025-04-24 20:04:21,Approved,29.79
ORD-01121,,,Not Required,
ORD-01122,,,Not Required,
ORD-01123,2025-04-25 09:51:23,2025-04-25 10:57:48,Approved,66.42
ORD-01124,,,Not Required,
ORD-01125,2025-04-25 13:08:08,2025-04-25 13:44:02,Approved,35.89
ORD-01126,2025-04-25 15:27:10,2025-04-25 17:11:13,Approved,104.05
ORD-01127,2025-04-25 19:42:52,,Pending,
ORD-01128,2025-04-25 19:50:28,2025-04-25 20:12:38,Approved,22.17
ORD-01129,,,Not Required,
ORD-01130,2025-04-25 23:14:18,2025-04-26 00:40:52,Approved,86.57
ORD-01131,2025-04-26 05:54:35,2025-04-26 06:15:03,Approved,20.46
ORD-01132,2025-04-26 10:52:34,2025-04-26 11:17:07,Approved,24.55
ORD-01133,2025-04-26 13:58:09,2025-04-26 15:41:38,Approved,103.48
ORD-01134,,,Not Required,
ORD-01135,2025-04-26 16:57:08,2025-04-26 17:08:10,Approved,11.04
ORD-01136,2025-04-26 17:41:29,2025-04-26 17:59:11,Approved,17.70
ORD-01137,2025-04-26 20:18:10,2025-04-26 21:35:36,Approved,77.44
ORD-01138,,,Not Required,
ORD-01139,,,Not Required,
ORD-01140,,,Not Required,
ORD-01141,2025-04-27 11:40:38,2025-04-27 12:46:13,Approved,65.58
ORD-01142,,,Not Required,
ORD-01143,2025-04-27 17:32:07,2025-04-27 18:19:25,Approved,47.30
ORD-01144,2025-04-27 23:32:47,2025-04-28 01:19:41,Approved,106.89
ORD-01145,,,Not Required,
ORD-01146,,,Not Required,
ORD-01147,,,Not Required,
ORD-01148,,,Not Required,
ORD-01149,,,Not Required,
ORD-01150,2025-04-28 12:36:17,2025-04-28 12:59:40,Approved,23.39
ORD-01151,2025-04-28 12:34:47,2025-04-28 12:38:44,Approved,3.94
ORD-01152,,,Not Required,
ORD-01153,2025-04-28 20:07:30,2025-04-28 21:01:24,Approved,53.91
ORD-01154,,,Not Required,
ORD-01155,,,Not Required,
ORD-01156,2025-04-29 09:35:34,2025-04-29 10:18:55,Approved,43.35
ORD-01157,,,Not Required,
ORD-01158,,,Not Required,
ORD-01159,2025-04-29 10:12:40,2025-04-29 11:08:40,Approved,55.99
ORD-01160,,,Not Required,
ORD-01161,2025-04-29 12:35:46,2025-04-29 13:42:10,Approved,66.40
ORD-01162,2025-04-29 13:47:26,2025-04-29 14:07:25,Approved,19.99
ORD-01163,,,Not Required,
ORD-01164,,,Not Required,
ORD-01165,2025-04-29 22:42:56,2025-04-29 23:51:44,Rejected,68.80
ORD-01166,2025-04-30 06:53:06,2025-04-30 07:47:18,Approved,54.19
ORD-01167,,,Not Required,
ORD-01168,,,Not Required,
ORD-01169,2025-04-30 12:19:39,2025-04-30 12:27:46,Approved,8.12
ORD-01170,2025-04-30 12:47:24,2025-04-30 13:58:31,Approved,71.12
ORD-01171,,,Not Required,
ORD-01172,,,Not Required,
ORD-01173,2025-04-30 19:41:27,2025-04-30 21:07:24,Approved,85.96
ORD-01174,2025-04-30 20:31:05,2025-04-30 21:00:52,Approved,29.77
ORD-01175,,,Not Required,
ORD-01176,2025-05-01 10:34:49,2025-05-01 12:42:59,Approved,128.16
ORD-01177,2025-05-01 11:54:24,,Pending,
ORD-01178,2025-05-01 15:30:28,2025-05-01 17:33:52,Approved,123.39
ORD-01179,,,Not Required,
ORD-01180,,,Not Required,
ORD-01181,2025-05-01 19:45:36,2025-05-01 21:02:53,Approved,77.27
ORD-01182,,,Not Required,
ORD-01183,2025-05-01 20:29:47,2025-05-01 21:16:25,Approved,46.63
ORD-01184,,,Not Required,
ORD-01185,,,Not Required,
ORD-01186,2025-05-02 09:22:08,2025-05-02 09:57:37,Approved,35.48
ORD-01187,2025-05-02 10:34:53,2025-05-02 11:50:06,Approved,75.22
ORD-01188,2025-05-02 12:01:29,2025-05-02 12:30:35,Approved,29.11
ORD-01189,2025-05-02 13:43:46,2025-05-02 14:36:26,Approved,52.66
ORD-01190,,,Not Required,
ORD-01191,,,Not Required,
ORD-01192,2025-05-02 21:20:40,2025-05-02 23:24:42,Approved,124.03
ORD-01193,2025-05-03 00:41:58,2025-05-03 04:48:43,Approved,246.75
ORD-01194,,,Not Required,
ORD-01195,2025-05-03 10:45:53,2025-05-03 10:52:56,Approved,7.06
ORD-01196,2025-05-03 11:03:25,2025-05-03 11:33:42,Approved,30.28
ORD-01197,,,Not Required,
ORD-01198,2025-05-03 12:05:01,2025-05-03 12:34:28,Approved,29.46
ORD-01199,2025-05-03 12:53:06,2025-05-03 14:41:45,Approved,108.64
ORD-01200,,,Not Required,
ORD-01201,2025-05-03 14:49:11,2025-05-03 15:07:23,Approved,18.20
ORD-01202,2025-05-03 15:09:46,2025-05-03 15:46:51,Approved,37.08
ORD-01203,,,Not Required,
ORD-01204,2025-05-03 18:44:28,2025-05-03 20:38:14,Approved,113.76
ORD-01205,,,Not Required,
ORD-01206,,,Not Required,
ORD-01207,2025-05-03 21:54:01,2025-05-03 22:09:28,Approved,15.45
ORD-01208,2025-05-04 10:23:50,2025-05-04 10:44:46,Approved,20.93
ORD-01209,,,Not Required,
ORD-01210,,,Not Required,
ORD-01211,2025-05-04 17:37:53,2025-05-04 20:02:00,Approved,144.13
ORD-01212,,,Not Required,
ORD-01213,,,Not Required,
ORD-01214,,,Not Required,
ORD-01215,,,Not Required,
ORD-01216,,,Not Required,
ORD-01217,,,Not Required,
ORD-01218,,,Not Required,
ORD-01219,2025-05-05 17:50:46,2025-05-05 18:15:44,Approved,24.96
ORD-01220,2025-05-05 18:52:52,2025-05-05 19:06:12,Approved,13.34
ORD-01221,,,Not Required,
ORD-01222,2025-05-05 19:07:14,2025-05-05 19:57:19,Approved,50.08
ORD-01223,2025-05-05 19:25:07,2025-05-05 20:06:45,Approved,41.62
ORD-01224,2025-05-05 22:07:25,2025-05-05 22:42:01,Approved,34.60
ORD-01225,,,Not Required,
ORD-01226,2025-05-06 09:52:30,2025-05-06 15:13:41,Approved,321.19
ORD-01227,2025-05-06 11:42:52,2025-05-06 13:54:23,Approved,131.52
ORD-01228,2025-05-06 12:32:16,2025-05-06 13:24:19,Approved,52.06
ORD-01229,2025-05-06 12:41:45,2025-05-06 12:50:12,Approved,8.44
ORD-01230,2025-05-06 15:37:29,2025-05-06 16:50:04,Approved,72.58
ORD-01231,2025-05-06 16:14:38,2025-05-06 17:30:19,Approved,75.69
ORD-01232,2025-05-06 17:41:33,2025-05-06 19:17:16,Approved,95.72
ORD-01233,,,Not Required,
ORD-01234,2025-05-06 21:50:24,2025-05-06 23:20:06,Approved,89.70
ORD-01235,,,Not Required,
ORD-01236,,,Not Required,
ORD-01237,2025-05-07 10:56:35,2025-05-07 12:13:14,Approved,76.65
ORD-01238,,,Not Required,
ORD-01239,2025-05-07 13:33:19,2025-05-07 14:14:59,Approved,41.66
ORD-01240,,,Not Required,
ORD-01241,,,Not Required,
ORD-01242,2025-05-07 19:55:47,2025-05-07 20:24:40,Approved,28.88
ORD-01243,2025-05-07 20:38:18,2025-05-07 21:46:21,Approved,68.05
ORD-01244,,,Not Required,
ORD-01245,2025-05-08 14:35:52,2025-05-08 16:42:53,Rejected,127.01
ORD-01246,2025-05-08 15:21:00,2025-05-08 15:42:31,Approved,21.53
ORD-01247,2025-05-08 16:17:31,2025-05-08 17:13:49,Approved,56.30
ORD-01248,,,Not Required,
ORD-01249,2025-05-08 19:20:07,2025-05-08 19:56:08,Approved,36.01
ORD-01250,,,Not Required,
ORD-01251,,,Not Required,
ORD-01252,,,Not Required,
ORD-01253,,,Not Required,
ORD-01254,,,Not Required,
ORD-01255,2025-05-09 16:36:26,2025-05-09 19:03:39,Approved,147.22
ORD-01256,2025-05-09 18:16:52,2025-05-09 18:47:31,Approved,30.64
ORD-01257,,,Not Required,
ORD-01258,2025-05-09 20:45:40,2025-05-09 23:46:49,Approved,181.16
ORD-01259,2025-05-10 08:36:48,2025-05-10 11:05:26,Approved,148.62
ORD-01260,2025-05-10 10:20:33,2025-05-10 10:54:00,Approved,33.45
ORD-01261,,,Not Required,
ORD-01262,2025-05-10 13:09:58,2025-05-10 13:30:21,Approved,20.38
ORD-01263,,,Not Required,
ORD-01264,,,Not Required,
ORD-01265,,,Not Required,
ORD-01266,,,Not Required,
ORD-01267,,,Not Required,
ORD-01268,2025-05-10 21:45:13,2025-05-10 22:13:30,Approved,28.27
ORD-01269,2025-05-11 09:46:58,2025-05-11 12:15:24,Approved,148.43
ORD-01270,2025-05-11 12:55:46,2025-05-11 14:07:09,Approved,71.38
ORD-01271,2025-05-11 13:00:53,2025-05-11 14:25:02,Approved,84.16
ORD-01272,2025-05-11 16:15:13,2025-05-12 07:41:49,Approved,926.61
ORD-01273,2025-05-11 16:42:18,2025-05-11 17:45:07,Approved,62.82
ORD-01274,2025-05-11 17:02:29,2025-05-11 17:08:24,Approved,5.92
ORD-01275,,,Not Required,
ORD-01276,2025-05-11 19:44:49,2025-05-11 20:46:19,Approved,61.49
ORD-01277,2025-05-11 19:39:38,2025-05-11 20:20:21,Approved,40.72
ORD-01278,,,Not Required,
ORD-01279,2025-05-11 21:01:21,2025-05-11 21:35:54,Approved,34.54
ORD-01280,,,Not Required,
ORD-01281,2025-05-12 10:20:52,2025-05-12 11:17:55,Approved,57.05
ORD-01282,,,Not Required,
ORD-01283,2025-05-12 12:07:55,2025-05-12 15:35:18,Approved,207.39
ORD-01284,,,Not Required,
ORD-01285,2025-05-12 16:23:36,2025-05-12 16:39:43,Approved,16.13
ORD-01286,2025-05-12 17:33:01,2025-05-12 18:12:15,Approved,39.24
ORD-01287,2025-05-12 18:37:02,2025-05-12 19:11:10,Approved,34.14
ORD-01288,,,Not Required,
ORD-01289,,,Not Required,
ORD-01290,,,Not Required,
ORD-01291,,,Not Required,
ORD-01292,,,Not Required,
ORD-01293,2025-05-13 12:20:56,2025-05-13 13:05:57,Approved,45.01
ORD-01294,2025-05-13 13:35:18,2025-05-13 14:34:32,Approved,59.23
ORD-01295,,,Not Required,
ORD-01296,,,Not Required,
ORD-01297,,,Not Required,
ORD-01298,2025-05-13 19:48:27,2025-05-13 20:02:01,Approved,13.56
ORD-01299,,,Not Required,
ORD-01300,,,Not Required,86.21
ORD-01301,,,Not Required,
ORD-01302,,,Not Required,
ORD-01303,2025-05-14 11:10:59,2025-05-14 13:28:03,Approved,137.08
ORD-01304,2025-05-14 11:30:14,2025-05-14 11:56:27,Approved,26.22
ORD-01305,2025-05-14 18:09:27,2025-05-14 21:28:06,Approved,198.64
ORD-01306,,,Not Required,
ORD-01307,,,Not Required,
ORD-01308,,,Not Required,
ORD-01309,2025-05-15 07:08:10,2025-05-15 07:29:55,Rejected,21.74
ORD-01310,,,Not Required,
ORD-01311,2025-05-15 11:41:30,2025-05-15 12:08:53,Approved,27.39
ORD-01312,2025-05-15 12:35:34,2025-05-15 12:38:11,Approved,2.63
ORD-01313,,,Not Required,
ORD-01314,,,Not Required,
ORD-01315,2025-05-15 23:10:46,2025-05-15 23:45:05,Approved,34.32
ORD-01316,2025-05-16 07:58:49,2025-05-16 08:30:40,Approved,31.86
ORD-01317,,,Not Required,
ORD-01318,,,Not Required,
ORD-01319,2025-05-16 13:48:47,2025-05-16 13:55:54,Approved,7.12
ORD-01320,,,Not Required,
ORD-01321,,,Not Required,
ORD-01322,,,Not Required,
ORD-01323,,,Not Required,
ORD-01324,,,Not Required,
ORD-01325,,,Not Required,
ORD-01326,2025-05-17 00:00:52,2025-05-17 00:19:50,Approved,18.97
ORD-01327,,,Not Required,
ORD-01328,2025-05-17 10:29:43,2025-05-17 10:59:55,Approved,30.19
ORD-01329,2025-05-17 11:24:02,2025-05-17 11:59:11,Approved,35.16
ORD-01330,,,Not Required,
ORD-01331,,,Not Required,
ORD-01332,,,Not Required,
ORD-01333,2025-05-17 19:37:33,2025-05-17 20:08:56,Approved,31.39
ORD-01334,,,Not Required,
ORD-01335,2025-05-17 21:29:35,2025-05-17 23:48:14,Approved,138.66
ORD-01336,,,Not Required,
ORD-01337,2025-05-18 08:21:01,2025-05-18 08:23:21,Approved,2.34
ORD-01338,2025-05-18 08:55:03,2025-05-18 10:22:18,Approved,87.25
ORD-01339,2025-05-18 09:37:39,2025-05-18 11:32:29,Approved,114.83
ORD-01340,,,Not Required,
ORD-01341,,,Not Required,
ORD-01342,,,Not Required,
ORD-01343,2025-05-18 15:09:19,,Pending,
ORD-01344,2025-05-18 19:04:25,2025-05-18 19:48:26,Approved,44.03
ORD-01345,2025-05-18 20:04:56,2025-05-18 21:09:45,Approved,64.81
ORD-01346,,,Not Required,
ORD-01347,2025-05-18 21:42:54,2025-05-18 22:06:19,Approved,23.41
ORD-01348,2025-05-19 09:06:50,2025-05-19 09:14:51,Approved,8.03
ORD-01349,2025-05-19 09:59:51,2025-05-19 10:34:03,Approved,34.21
ORD-01350,2025-05-19 10:23:41,2025-05-19 10:42:33,Approved,18.87
ORD-01351,,,Not Required,
ORD-01352,,,Not Required,
ORD-01353,2025-05-19 20:52:24,2025-05-19 23:22:01,Approved,149.62
ORD-01354,2025-05-19 21:33:17,2025-05-20 03:39:59,Approved,366.70
ORD-01355,,,Not Required,
ORD-01356,,,Not Required,
ORD-01357,2025-05-20 06:44:14,2025-05-20 07:12:15,Approved,28.02
ORD-01358,,,Not Required,
ORD-01359,,,Not Required,
ORD-01360,,,Not Required,
ORD-01361,2025-05-20 11:09:35,2025-05-20 12:24:50,Approved,75.25
ORD-01362,,,Not Required,
ORD-01363,,,Not Required,
ORD-01364,2025-05-20 12:07:12,2025-05-20 13:07:31,Approved,60.32
ORD-01365,2025-05-20 16:03:41,2025-05-20 16:39:13,Approved,35.52
ORD-01366,,,Not Required,
ORD-01367,2025-05-20 17:49:09,2025-05-20 18:34:29,Approved,45.34
ORD-01368,,,Not Required,
ORD-01369,2025-05-20 19:50:47,2025-05-20 21:53:40,Approved,122.88
ORD-01370,,,Not Required,
ORD-01371,,,Not Required,
ORD-01372,,,Not Required,
ORD-01373,2025-05-21 12:25:21,2025-05-21 13:23:15,Approved,57.90
ORD-01374,,,Not Required,
ORD-01375,,,Not Required,
ORD-01376,,,Not Required,
ORD-01377,2025-05-21 21:17:50,2025-05-21 23:16:35,Approved,118.75
ORD-01378,,,Not Required,
ORD-01379,,,Not Required,
ORD-01380,2025-05-22 08:14:23,2025-05-22 13:14:19,Approved,299.94
ORD-01381,,,Not Required,
ORD-01382,2025-05-22 15:20:35,2025-05-22 15:39:11,Approved,18.60
ORD-01383,,,Not Required,
ORD-01384,,,Not Required,
ORD-01385,,,Not Required,
ORD-01386,,,Not Required,
ORD-01387,,,Not Required,
ORD-01388,,,Not Required,
ORD-01389,2025-05-22 22:09:04,2025-05-22 22:17:14,Approved,8.16
ORD-01390,,,Not Required,
ORD-01391,2025-05-23 12:22:14,2025-05-23 13:12:11,Approved,49.95
ORD-01392,,,Not Required,
ORD-01393,2025-05-23 15:34:56,2025-05-23 20:21:47,Rejected,286.84
ORD-01394,,,Not Required,
ORD-01395,,,Not Required,
ORD-01396,2025-05-23 18:41:11,2025-05-23 20:22:20,Approved,101.15
ORD-01397,,,Not Required,
ORD-01398,2025-05-24 00:01:49,2025-05-24 01:14:49,Approved,73.01
ORD-01399,2025-05-24 04:56:27,2025-05-24 05:50:27,Approved,54.01
ORD-01400,2025-05-24 06:14:57,2025-05-24 06:42:03,Approved,27.10
ORD-01401,2025-05-24 10:30:11,2025-05-24 10:44:36,Approved,14.41
ORD-01402,2025-05-24 10:40:00,2025-05-24 11:20:55,Approved,40.93
ORD-01403,2025-05-24 11:35:24,2025-05-24 12:45:15,Approved,69.86
ORD-01404,2025-05-24 12:40:23,2025-05-24 13:21:00,Approved,40.62
ORD-01405,,,Not Required,
ORD-01406,,,Not Required,
ORD-01407,,,Not Required,
ORD-01408,2025-05-24 20:18:26,2025-05-24 23:38:53,Approved,200.44
ORD-01409,2025-05-24 23:09:59,2025-05-25 00:09:26,Approved,59.46
ORD-01410,2025-05-25 00:45:43,2025-05-25 01:14:42,Approved,28.98
ORD-01411,2025-05-25 09:26:39,2025-05-25 09:34:54,Approved,8.26
ORD-01412,2025-05-25 11:39:04,2025-05-25 12:12:14,Approved,33.17
ORD-01413,,,Not Required,
ORD-01414,2025-05-25 13:47:35,2025-05-25 14:09:54,Approved,22.32
ORD-01415,2025-05-25 12:46:37,2025-05-25 14:39:14,Approved,112.63
ORD-01416,,,Not Required,
ORD-01417,2025-05-25 19:14:00,2025-05-25 19:22:05,Rejected,8.09
ORD-01418,2025-05-25 19:39:32,2025-05-25 20:51:32,Approved,72.01
ORD-01419,2025-05-25 21:56:53,2025-05-25 22:05:47,Approved,8.90
ORD-01420,2025-05-26 05:36:07,2025-05-26 06:53:24,Approved,77.29
ORD-01421,,,Not Required,
ORD-01422,2025-05-26 09:52:53,2025-05-26 10:36:19,Approved,43.44
ORD-01423,2025-05-26 10:23:30,2025-05-26 11:02:33,Approved,39.06
ORD-01424,,,Not Required,
ORD-01425,2025-05-26 14:23:55,2025-05-26 15:20:03,Approved,56.13
ORD-01426,2025-05-26 15:52:40,2025-05-26 16:35:54,Approved,43.24
ORD-01427,,,Not Required,
ORD-01428,2025-05-27 11:38:49,2025-05-27 12:28:17,Approved,49.48
ORD-01429,2025-05-27 11:51:38,2025-05-27 12:49:49,Approved,58.18
ORD-01430,2025-05-27 12:55:34,2025-05-27 13:15:57,Approved,20.39
ORD-01431,,,Not Required,
ORD-01432,,,Not Required,
ORD-01433,,,Not Required,
ORD-01434,2025-05-27 19:18:02,2025-05-27 19:27:47,Approved,9.76
ORD-01435,,,Not Required,
ORD-01436,2025-05-27 20:43:05,2025-05-27 20:51:36,Approved,8.51
ORD-01437,,,Not Required,
ORD-01438,,,Not Required,
ORD-01439,2025-05-28 09:27:01,2025-05-28 10:43:46,Approved,76.75
ORD-01440,,,Not Required,
ORD-01441,,,Not Required,
ORD-01442,2025-05-28 14:41:38,2025-05-28 15:51:01,Approved,69.39
ORD-01443,,,Not Required,
ORD-01444,2025-05-28 17:45:38,2025-05-28 18:26:49,Approved,41.19
ORD-01445,,,Not Required,
ORD-01446,,,Not Required,
ORD-01447,,,Not Required,
ORD-01448,2025-05-29 10:27:41,2025-05-29 11:34:45,Approved,67.06
ORD-01449,,,Not Required,
ORD-01450,,,Not Required,
ORD-01451,2025-05-29 14:13:36,2025-05-29 17:08:10,Approved,174.57
ORD-01452,,,Not Required,
ORD-01453,,,Not Required,
ORD-01454,,,Not Required,
ORD-01455,,,Not Required,
ORD-01456,,,Not Required,
ORD-01457,,,Not Required,
ORD-01458,,,Not Required,
ORD-01459,,,Not Required,
ORD-01460,2025-05-30 16:40:54,,Pending,
ORD-01461,2025-05-30 17:09:02,2025-05-30 17:47:39,Approved,38.62
ORD-01462,2025-05-30 17:21:25,2025-05-30 19:06:01,Approved,104.60
ORD-01463,2025-05-30 18:38:32,2025-05-30 19:11:27,Approved,32.91
ORD-01464,2025-05-30 19:36:19,2025-05-30 19:58:00,Approved,21.69
ORD-01465,,,Not Required,
ORD-01466,,,Not Required,
ORD-01467,2025-05-31 06:21:48,2025-05-31 07:19:53,Approved,58.07
ORD-01468,2025-05-31 07:41:41,2025-05-31 09:23:21,Approved,101.66
ORD-01469,2025-05-31 09:30:30,2025-05-31 10:16:09,Approved,45.65
ORD-01470,,,Not Required,
ORD-01471,,,Not Required,
ORD-01472,,,Not Required,
ORD-01473,,,Not Required,
ORD-01474,2025-05-31 16:41:34,2025-05-31 17:19:40,Approved,38.10
ORD-01475,2025-05-31 17:30:36,2025-05-31 15:29:36,Approved,60.41
ORD-01476,2025-05-31 19:08:37,2025-05-31 20:08:48,Approved,60.18
ORD-01477,,,Not Required,
ORD-01478,,,Not Required,
ORD-01479,,,Not Required,
ORD-01480,2025-06-01 11:00:21,2025-06-01 11:31:56,Approved,31.58
ORD-01481,2025-06-01 11:47:33,2025-06-01 12:44:26,Approved,56.89
ORD-01482,,,Not Required,
ORD-01483,,,Not Required,
ORD-01484,,,Not Required,
ORD-01485,,,Not Required,
ORD-01486,2025-06-01 19:07:32,2025-06-01 19:52:08,Approved,44.61
ORD-01487,,,Not Required,
ORD-01488,,,Not Required,
ORD-01489,2025-06-02 10:41:10,2025-06-02 13:09:02,Approved,147.86
ORD-01490,2025-06-02 11:03:35,2025-06-02 11:49:36,Approved,46.01
ORD-01491,2025-06-02 11:59:26,2025-06-02 12:47:05,Approved,47.65
ORD-01492,2025-06-02 13:16:12,2025-06-02 13:53:12,Approved,37.00
ORD-01493,2025-06-02 14:29:47,2025-06-02 14:54:33,Approved,24.76
ORD-01494,2025-06-02 16:30:59,2025-06-02 17:21:25,Approved,50.42
ORD-01495,2025-06-02 16:13:13,2025-06-02 16:59:33,Approved,46.33
ORD-01496,2025-06-02 16:28:59,2025-06-02 18:49:12,Rejected,140.22
ORD-01497,,,Not Required,
ORD-01498,,,Not Required,
ORD-01499,,,Not Required,
ORD-01500,,,Not Required,
ORD-01501,,,Not Required,
ORD-01502,,,Not Required,
ORD-01503,2025-06-03 10:41:23,2025-06-03 10:57:26,Approved,16.06
ORD-01504,,,Not Required,
ORD-01505,2025-06-03 12:09:17,2025-06-03 13:01:16,Approved,51.98
ORD-01506,,,Not Required,
ORD-01507,2025-06-03 19:38:30,2025-06-03 19:44:58,Approved,6.47
ORD-01508,2025-06-03 19:49:28,2025-06-04 01:00:59,Approved,311.52
ORD-01509,2025-06-03 21:31:23,2025-06-03 21:48:17,Approved,16.90
ORD-01510,,,Not Required,
ORD-01511,,,Not Required,
ORD-01512,2025-06-04 13:00:28,2025-06-04 14:48:43,Rejected,108.25
ORD-01513,,,Not Required,
ORD-01514,,,Not Required,
ORD-01515,,,Not Required,
ORD-01516,2025-06-04 18:41:25,2025-06-04 18:53:22,Approved,11.95
ORD-01517,2025-06-04 19:42:13,2025-06-04 20:09:14,Approved,27.01
ORD-01518,2025-06-04 22:14:53,2025-06-04 23:31:56,Approved,77.06
ORD-01519,2025-06-04 22:27:58,2025-06-05 01:15:22,Approved,167.40
ORD-01520,,,Not Required,
ORD-01521,,,Not Required,
ORD-01522,,,Not Required,
ORD-01523,2025-06-05 11:25:03,2025-06-05 11:31:03,Approved,6.00
ORD-01524,,,Not Required,10.50
ORD-01525,2025-06-05 11:47:22,2025-06-05 12:02:51,Approved,15.48
ORD-01526,2025-06-05 12:16:24,2025-06-05 12:42:48,Approved,26.40
ORD-01527,2025-06-05 14:13:04,2025-06-05 15:04:19,Approved,51.25
ORD-01528,2025-06-05 14:44:33,2025-06-05 15:32:50,Approved,48.29
ORD-01529,2025-06-05 16:59:07,2025-06-05 17:17:32,Approved,18.42
ORD-01530,2025-06-05 18:05:00,2025-06-05 22:01:03,Approved,236.05
ORD-01531,,,Not Required,
ORD-01532,,,Not Required,
ORD-01533,2025-06-05 20:34:15,2025-06-05 20:56:05,Approved,21.84
ORD-01534,2025-06-05 20:23:10,2025-06-05 20:39:23,Approved,16.23
ORD-01535,2025-06-05 21:24:34,2025-06-05 23:51:06,Approved,146.53
ORD-01536,2025-06-05 21:53:44,2025-06-05 22:02:00,Approved,8.28
ORD-01537,,,Not Required,
ORD-01538,2025-06-06 11:37:28,2025-06-06 12:12:47,Approved,35.32
ORD-01539,2025-06-06 11:56:23,2025-06-06 12:07:22,Approved,10.98
ORD-01540,,,Not Required,
ORD-01541,,,Not Required,
ORD-01542,2025-06-06 15:13:13,2025-06-06 15:33:44,Approved,20.53
ORD-01543,,,Not Required,
ORD-01544,2025-06-06 18:59:43,2025-06-06 19:25:47,Approved,26.07
ORD-01545,2025-06-06 19:20:42,2025-06-06 21:14:45,Approved,114.05
ORD-01546,,,Not Required,
ORD-01547,2025-06-06 21:08:03,2025-06-06 21:38:48,Approved,30.75
ORD-01548,2025-06-06 21:02:00,2025-06-06 22:42:50,Approved,100.83
ORD-01549,,,Not Required,
ORD-01550,2025-06-06 22:58:05,2025-06-07 00:34:07,Approved,96.02
ORD-01551,,,Not Required,
ORD-01552,2025-06-07 08:26:43,2025-06-07 09:01:31,Approved,34.80
ORD-01553,,,Not Required,
ORD-01554,2025-06-07 10:39:27,2025-06-07 12:21:59,Approved,102.54
ORD-01555,,,Not Required,
ORD-01556,2025-06-07 16:46:55,2025-06-07 17:28:41,Approved,41.76
ORD-01557,2025-06-07 18:57:35,2025-06-07 19:29:54,Approved,32.31
ORD-01558,2025-06-07 19:12:15,2025-06-07 20:09:19,Approved,57.07
ORD-01559,,,Not Required,
ORD-01560,2025-06-07 20:08:22,2025-06-07 22:01:37,Approved,113.25
ORD-01561,,,Not Required,
ORD-01562,2025-06-08 08:30:16,2025-06-08 08:56:08,Approved,25.86
ORD-01563,,,Not Required,
ORD-01564,,,Not Required,
ORD-01565,2025-06-08 11:27:05,2025-06-08 11:32:36,Approved,5.52
ORD-01566,2025-06-08 15:25:19,2025-06-08 19:03:45,Approved,218.42
ORD-01567,,,Not Required,
ORD-01568,,,Not Required,
ORD-01569,2025-06-08 21:20:08,2025-06-08 23:06:15,Approved,106.11
ORD-01570,2025-06-08 23:00:09,2025-06-08 23:52:12,Approved,52.05
ORD-01571,2025-06-09 07:33:50,,Pending,
ORD-01572,2025-06-09 08:23:39,2025-06-09 10:02:20,Approved,98.69
ORD-01573,,,Not Required,
ORD-01574,,,Not Required,
ORD-01575,,,Not Required,
ORD-01576,,,Not Required,
ORD-01577,,,Not Required,
ORD-01578,2025-06-09 22:00:40,2025-06-10 03:39:42,Approved,339.02
ORD-01579,,,Not Required,
ORD-01580,2025-06-10 10:30:49,2025-06-10 12:28:01,Approved,117.21
ORD-01581,2025-06-10 10:47:11,2025-06-10 11:52:21,Approved,65.18
ORD-01582,2025-06-10 11:13:54,2025-06-10 12:15:16,Approved,61.36
ORD-01583,,,Not Required,
ORD-01584,2025-06-10 14:14:24,2025-06-10 14:37:51,Approved,23.46
ORD-01585,,,Not Required,
ORD-01586,,,Not Required,
ORD-01587,2025-06-10 22:42:54,2025-06-10 23:19:54,Approved,37.00
ORD-01588,,,Not Required,45.43
ORD-01589,2025-06-11 09:15:58,2025-06-11 09:41:30,Approved,25.54
ORD-01590,2025-06-11 12:48:14,2025-06-11 13:23:33,Approved,35.33
ORD-01591,,,Not Required,
ORD-01592,,,Not Required,
ORD-01593,2025-06-11 17:57:56,2025-06-11 18:12:40,Approved,14.74
ORD-01594,2025-06-11 17:54:54,2025-06-11 18:13:42,Approved,18.80
ORD-01595,2025-06-11 18:24:18,2025-06-11 19:46:05,Approved,81.79
ORD-01596,,,Not Required,
ORD-01597,2025-06-12 09:03:17,2025-06-12 11:48:16,Rejected,164.98
ORD-01598,,,Not Required,
ORD-01599,2025-06-12 11:51:45,2025-06-12 18:28:23,Approved,396.63
ORD-01600,2025-06-12 13:48:54,2025-06-12 14:19:12,Approved,30.29
ORD-01601,2025-06-12 13:47:58,2025-06-12 16:47:10,Approved,179.20
ORD-01602,2025-06-12 14:44:58,2025-06-12 15:01:39,Approved,16.69
ORD-01603,2025-06-12 16:44:11,2025-06-12 23:13:03,Approved,388.86
ORD-01604,,,Not Required,
ORD-01605,,,Not Required,
ORD-01606,,,Not Required,
ORD-01607,2025-06-12 17:40:59,2025-06-12 17:52:01,Approved,11.04
ORD-01608,2025-06-12 20:54:50,2025-06-12 21:09:15,Approved,14.41
ORD-01609,2025-06-12 22:28:23,2025-06-12 23:13:02,Approved,44.65
ORD-01610,,,Not Required,
ORD-01611,2025-06-13 06:36:18,2025-06-13 11:25:33,Approved,289.25
ORD-01612,2025-06-13 10:31:22,2025-06-13 10:47:36,Approved,16.23
ORD-01613,2025-06-13 11:14:59,2025-06-13 14:33:41,Approved,198.71
ORD-01614,,,Not Required,
ORD-01615,,,Not Required,
ORD-01616,2025-06-13 12:28:14,2025-06-13 13:02:28,Approved,34.23
ORD-01617,2025-06-13 14:01:42,2025-06-13 14:36:07,Approved,34.42
ORD-01618,2025-06-13 13:42:22,2025-06-13 14:45:52,Approved,63.50
ORD-01619,2025-06-13 16:06:16,2025-06-13 16:37:53,Approved,31.61
ORD-01620,2025-06-13 19:46:14,2025-06-13 19:56:42,Approved,10.47
ORD-01621,2025-06-13 21:48:49,2025-06-13 22:19:50,Approved,31.01
ORD-01622,2025-06-13 22:06:10,2025-06-13 23:07:53,Approved,61.72
ORD-01623,2025-06-13 22:14:48,2025-06-13 22:25:21,Approved,10.56
ORD-01624,2025-06-14 10:08:03,2025-06-14 11:17:34,Approved,69.52
ORD-01625,2025-06-14 10:46:40,2025-06-14 12:49:27,Approved,122.78
ORD-01626,2025-06-14 10:48:26,2025-06-14 13:31:37,Approved,163.17
ORD-01627,2025-06-14 10:45:03,,Pending,
ORD-01628,2025-06-14 11:59:54,2025-06-14 12:07:06,Approved,7.20
ORD-01629,2025-06-14 13:02:13,2025-06-14 14:16:13,Approved,74.00
ORD-01630,,,Not Required,
ORD-01631,,,Not Required,
ORD-01632,,,Not Required,
ORD-01633,2025-06-14 20:12:16,2025-06-14 21:15:36,Approved,63.33
ORD-01634,2025-06-14 21:08:38,2025-06-15 01:19:55,Approved,251.27
ORD-01635,2025-06-15 09:47:02,2025-06-15 10:23:06,Approved,36.07
ORD-01636,,,Not Required,
ORD-01637,2025-06-15 12:02:13,2025-06-15 13:04:20,Approved,62.12
ORD-01638,,,Not Required,
ORD-01639,2025-06-15 15:53:33,2025-06-15 18:15:07,Approved,141.57
ORD-01640,2025-06-15 16:41:59,2025-06-15 17:02:52,Approved,20.88
ORD-01641,2025-06-15 18:52:37,2025-06-15 19:42:24,Approved,49.79
ORD-01642,2025-06-15 19:16:44,2025-06-15 19:57:47,Approved,41.05
ORD-01643,2025-06-15 19:05:39,2025-06-15 19:16:39,Approved,10.99
ORD-01644,2025-06-15 19:15:24,2025-06-15 21:24:24,Rejected,129.00
ORD-01645,,,Not Required,
ORD-01646,,,Not Required,
ORD-01647,,,Not Required,
ORD-01648,,,Not Required,
ORD-01649,,,Not Required,
ORD-01650,,,Not Required,
ORD-01651,2025-06-16 10:46:30,2025-06-16 11:10:54,Approved,24.40
ORD-01652,,,Not Required,
ORD-01653,2025-06-16 12:13:06,2025-06-16 12:52:38,Approved,39.54
ORD-01654,,,Not Required,
ORD-01655,2025-06-16 13:14:49,2025-06-16 14:09:43,Approved,54.90
ORD-01656,,,Not Required,
ORD-01657,,,Not Required,
ORD-01658,2025-06-16 14:04:21,2025-06-17 05:59:44,Approved,955.39
ORD-01659,,,Not Required,
ORD-01660,,,Not Required,
ORD-01661,2025-06-16 20:06:27,2025-06-16 21:36:14,Approved,89.78
ORD-01662,,,Not Required,
ORD-01663,,,Not Required,
ORD-01664,2025-06-17 11:46:06,2025-06-17 12:38:25,Approved,52.33
ORD-01665,2025-06-17 11:54:40,2025-06-17 12:25:51,Approved,31.18
ORD-01666,2025-06-17 12:24:09,2025-06-17 14:55:48,Approved,151.64
ORD-01667,,,Not Required,
ORD-01668,2025-06-17 14:47:40,2025-06-17 17:44:03,Approved,176.39
ORD-01669,2025-06-17 16:10:12,2025-06-17 17:09:25,Approved,59.22
ORD-01670,,,Not Required,
ORD-01671,,,Not Required,
ORD-01672,2025-06-17 20:52:33,2025-06-18 02:14:07,Approved,321.57
ORD-01673,2025-06-17 23:11:47,2025-06-17 23:41:24,Approved,29.62
ORD-01674,,,Not Required,
ORD-01675,,,Not Required,
ORD-01676,2025-06-18 11:03:25,2025-06-18 12:18:20,Approved,74.91
ORD-01677,,,Not Required,
ORD-01678,,,Not Required,
ORD-01679,,,Not Required,
ORD-01680,,,Not Required,
ORD-01681,2025-06-18 23:21:05,2025-06-19 00:06:43,Rejected,45.63
ORD-01682,,,Not Required,
ORD-01683,,,Not Required,
ORD-01684,,,Not Required,
ORD-01685,2025-06-19 11:34:25,2025-06-19 12:01:16,Approved,26.85
ORD-01686,2025-06-19 11:40:06,2025-06-19 13:49:49,Approved,129.72
ORD-01687,,,Not Required,
ORD-01688,2025-06-19 15:25:31,2025-06-19 16:18:49,Approved,53.29
ORD-01689,,,Not Required,
ORD-01690,,,Not Required,
ORD-01691,,,Not Required,
ORD-01692,2025-06-19 19:00:25,2025-06-19 20:05:18,Approved,64.89
ORD-01693,2025-06-19 19:24:37,2025-06-19 20:40:38,Approved,76.02
ORD-01694,2025-06-19 21:04:52,2025-06-19 21:39:37,Approved,34.76
ORD-01695,2025-06-19 20:59:59,2025-06-19 21:13:52,Approved,13.89
ORD-01696,,,Not Required,
ORD-01697,2025-06-20 04:13:09,2025-06-20 04:41:03,Approved,27.90
ORD-01698,,,Not Required,
ORD-01699,2025-06-20 08:33:19,2025-06-20 11:34:53,Approved,181.57
ORD-01700,2025-06-20 09:16:27,2025-06-20 10:51:11,Approved,94.73
ORD-01701,,,Not Required,
ORD-01702,,,Not Required,
ORD-01703,2025-06-20 11:15:03,2025-06-20 11:57:43,Approved,42.68
ORD-01704,,,Not Required,
ORD-01705,,,Not Required,
ORD-01706,,,Not Required,
ORD-01707,,,Not Required,
ORD-01708,2025-06-20 16:57:11,2025-06-20 17:14:32,Approved,17.36
ORD-01709,2025-06-20 17:46:15,2025-06-20 18:28:24,Approved,42.15
ORD-01710,2025-06-20 20:23:36,2025-06-20 21:26:10,Approved,62.57
ORD-01711,,,Not Required,
ORD-01712,,,Not Required,
ORD-01713,,,Not Required,
ORD-01714,2025-06-21 10:55:39,2025-06-21 21:02:59,Rejected,607.34
ORD-01715,,,Not Required,
ORD-01716,2025-06-21 11:34:03,2025-06-21 12:48:16,Approved,74.22
ORD-01717,2025-06-21 11:55:54,2025-06-21 12:15:46,Approved,19.86
ORD-01718,2025-06-21 12:05:52,2025-06-21 15:11:42,Approved,185.83
ORD-01719,2025-06-21 13:40:04,2025-06-21 14:08:01,Approved,27.96
ORD-01720,,,Not Required,
ORD-01721,2025-06-21 15:43:54,2025-06-21 17:05:48,Approved,81.91
ORD-01722,2025-06-21 18:11:10,2025-06-21 19:24:04,Approved,72.89
ORD-01723,,,Not Required,
ORD-01724,2025-06-21 18:49:23,2025-06-21 20:07:47,Approved,78.41
ORD-01725,,,Not Required,
ORD-01726,,,Not Required,
ORD-01727,2025-06-21 22:27:33,2025-06-21 22:47:37,Approved,20.07
ORD-01728,2025-06-22 10:55:59,2025-06-22 11:27:52,Approved,31.88
ORD-01729,2025-06-22 12:51:09,2025-06-22 15:32:30,Approved,161.35
ORD-01730,2025-06-22 13:02:12,2025-06-22 13:49:21,Approved,47.14
ORD-01731,2025-06-22 13:15:57,2025-06-22 13:49:42,Approved,33.75
ORD-01732,2025-06-22 13:32:41,2025-06-22 15:19:35,Approved,106.91
ORD-01733,2025-06-22 13:48:29,2025-06-22 15:17:07,Approved,88.63
ORD-01734,2025-06-22 18:00:14,2025-06-22 18:11:52,Approved,11.64
ORD-01735,2025-06-22 18:58:09,2025-06-22 20:30:10,Approved,92.03
ORD-01736,,,Not Required,
ORD-01737,,,Not Required,
ORD-01738,2025-06-22 21:38:46,2025-06-22 22:19:11,Approved,40.41
ORD-01739,2025-06-22 21:36:33,2025-06-22 22:48:03,Approved,71.50
ORD-01740,2025-06-22 21:48:40,2025-06-22 21:56:45,Approved,8.08
ORD-01741,,,Not Required,
ORD-01742,2025-06-23 07:53:20,2025-06-23 09:14:08,Approved,80.80
ORD-01743,,,Not Required,
ORD-01744,2025-06-23 12:03:50,2025-06-23 13:09:02,Approved,65.21
ORD-01745,2025-06-23 14:03:49,2025-06-23 14:24:31,Approved,20.71
ORD-01746,2025-06-23 15:24:27,2025-06-23 16:09:57,Approved,45.49
ORD-01747,,,Not Required,
ORD-01748,,,Not Required,
ORD-01749,,,Not Required,
ORD-01750,2025-06-23 18:51:02,2025-06-23 20:39:49,Approved,108.79
ORD-01751,2025-06-23 20:12:00,2025-06-23 20:46:34,Approved,34.57
ORD-01752,,,Not Required,
ORD-01753,2025-06-24 04:59:58,2025-06-24 05:08:31,Approved,8.55
ORD-01754,,,Not Required,
ORD-01755,2025-06-24 09:28:39,2025-06-24 10:35:27,Approved,66.79
ORD-01756,,,Not Required,
ORD-01757,,,Not Required,
ORD-01758,,,Not Required,
ORD-01759,,,Not Required,
ORD-01760,,,Not Required,
ORD-01761,,,Not Required,
ORD-01762,2025-06-24 12:59:16,,Pending,
ORD-01763,,,Not Required,
ORD-01764,,,Not Required,
ORD-01765,2025-06-24 16:43:23,2025-06-24 16:54:07,Approved,10.73
ORD-01766,,,Not Required,
ORD-01767,2025-06-24 17:40:04,2025-06-24 18:39:19,Approved,59.26
ORD-01768,,,Not Required,
ORD-01769,,,Not Required,
ORD-01770,,,Not Required,
ORD-01771,,,Not Required,
ORD-01772,2025-06-25 09:31:13,2025-06-25 09:37:57,Approved,6.73
ORD-01773,2025-06-25 09:44:05,2025-06-25 10:11:13,Approved,27.14
ORD-01774,,,Not Required,
ORD-01775,,,Not Required,
ORD-01776,,,Not Required,
ORD-01777,,,Not Required,
ORD-01778,,,Not Required,
ORD-01779,,,Not Required,
ORD-01780,2025-06-25 15:11:00,2025-06-25 16:28:15,Approved,77.24
ORD-01781,,,Not Required,
ORD-01782,,,Not Required,
ORD-01783,,,Not Required,
ORD-01784,,,Not Required,
ORD-01785,,,Not Required,
ORD-01786,,,Not Required,
ORD-01787,,,Not Required,
ORD-01788,2025-06-25 21:10:18,2025-06-25 21:34:02,Approved,23.74
ORD-01789,,,Not Required,
ORD-01790,,,Not Required,
ORD-01791,2025-06-26 12:32:26,2025-06-26 12:57:37,Approved,25.19
ORD-01792,2025-06-26 16:47:16,2025-06-26 17:48:36,Approved,61.34
ORD-01793,2025-06-26 17:37:26,2025-06-26 22:24:18,Approved,286.88
ORD-01794,,,Not Required,
ORD-01795,,,Not Required,
ORD-01796,,,Not Required,
ORD-01797,2025-06-27 11:27:52,2025-06-27 11:36:02,Approved,8.17
ORD-01798,,,Not Required,
ORD-01799,2025-06-27 12:23:50,2025-06-27 13:03:44,Approved,39.89
ORD-01800,,,Not Required,
ORD-01801,,,Not Required,
ORD-01802,2025-06-27 17:14:11,2025-06-27 18:19:59,Approved,65.80
ORD-01803,2025-06-27 17:38:08,2025-06-27 19:44:55,Approved,126.78
ORD-01804,,,Not Required,
ORD-01805,2025-06-27 17:51:58,2025-06-27 19:47:49,Approved,115.85
ORD-01806,2025-06-27 18:56:04,2025-06-27 19:40:04,Approved,44.00
ORD-01807,,,Not Required,
ORD-01808,2025-06-28 09:12:06,2025-06-28 11:17:06,Approved,125.00
ORD-01809,2025-06-28 09:32:57,2025-06-28 10:51:57,Approved,79.00
ORD-01810,,,Not Required,
ORD-01811,2025-06-28 11:07:27,2025-06-28 11:34:17,Approved,26.83
ORD-01812,2025-06-28 12:39:09,2025-06-28 14:00:53,Approved,81.74
ORD-01813,2025-06-28 12:17:27,2025-06-28 13:50:55,Approved,93.47
ORD-01814,,,Not Required,
ORD-01815,2025-06-28 14:47:18,2025-06-28 15:17:02,Rejected,29.73
ORD-01816,,,Not Required,
ORD-01817,2025-06-28 18:48:20,2025-06-28 19:19:02,Approved,30.70
ORD-01818,2025-06-28 21:03:41,2025-06-28 21:34:33,Approved,30.86
ORD-01819,,,Not Required,
ORD-01820,2025-06-29 07:15:21,2025-06-29 07:44:38,Approved,29.28
ORD-01821,,,Not Required,
ORD-01822,,,Not Required,
ORD-01823,2025-06-29 12:10:26,2025-06-29 12:22:54,Approved,12.47
ORD-01824,,,Not Required,
ORD-01825,2025-06-29 16:48:57,2025-06-29 17:25:59,Approved,37.03
ORD-01826,,,Not Required,
ORD-01827,2025-06-29 19:24:23,2025-06-29 23:12:01,Approved,227.64
ORD-01828,2025-06-29 19:48:44,2025-06-29 20:21:22,Approved,32.63
ORD-01829,,,Not Required,
ORD-01830,2025-06-29 22:38:08,2025-06-30 00:45:59,Approved,127.84
ORD-01831,2025-06-30 04:04:05,2025-06-30 04:44:19,Approved,40.24
ORD-01832,,,Not Required,
ORD-01833,2025-06-30 16:18:26,2025-06-30 16:45:08,Approved,26.70
ORD-01834,2025-06-30 18:11:23,2025-06-30 18:53:09,Approved,41.76
ORD-01835,2025-06-30 22:22:29,2025-07-01 00:17:54,Approved,115.43
ORD-01836,2025-07-01 08:06:09,2025-07-01 08:26:26,Approved,20.29
ORD-01837,,,Not Required,
ORD-01838,2025-07-01 10:22:16,2025-07-01 10:26:54,Approved,4.63
ORD-01839,2025-07-01 11:48:52,2025-07-01 14:01:58,Approved,133.10
ORD-01840,2025-07-01 12:49:35,2025-07-01 13:16:42,Approved,27.11
ORD-01841,,,Not Required,
ORD-01842,2025-07-01 16:37:44,2025-07-01 17:14:11,Approved,36.45
ORD-01843,,,Not Required,
ORD-01844,,,Not Required,
ORD-01845,,,Not Required,
ORD-01846,2025-07-02 02:34:24,2025-07-02 03:43:02,Approved,68.63
ORD-01847,,,Not Required,
ORD-01848,2025-07-02 08:56:07,2025-07-02 10:02:59,Approved,66.88
ORD-01849,2025-07-02 09:27:54,2025-07-02 10:46:03,Approved,78.15
ORD-01850,,,Not Required,
ORD-01851,,,Not Required,
ORD-01852,2025-07-02 11:53:07,2025-07-02 12:31:43,Approved,38.60
ORD-01853,2025-07-02 11:46:27,2025-07-02 12:43:02,Approved,56.58
ORD-01854,,,Not Required,
ORD-01855,,,Not Required,
ORD-01856,,,Not Required,
ORD-01857,,,Not Required,
ORD-01858,2025-07-02 17:45:00,2025-07-02 18:07:07,Approved,22.13
ORD-01859,,,Not Required,
ORD-01860,2025-07-02 19:17:32,2025-07-03 04:19:18,Approved,541.78
ORD-01861,2025-07-02 21:52:23,2025-07-02 22:45:07,Approved,52.73
ORD-01862,2025-07-03 07:48:08,2025-07-03 08:00:09,Approved,12.01
ORD-01863,,,Not Required,
ORD-01864,2025-07-03 13:36:21,2025-07-03 13:55:50,Approved,19.49
ORD-01865,2025-07-04 02:47:10,2025-07-04 03:53:11,Approved,66.02
ORD-01866,2025-07-04 04:37:22,2025-07-04 05:30:57,Approved,53.58
ORD-01867,,,Not Required,
ORD-01868,,,Not Required,
ORD-01869,2025-07-04 13:16:04,2025-07-04 13:59:26,Approved,43.37
ORD-01870,2025-07-04 15:33:11,2025-07-04 15:59:07,Approved,25.94
ORD-01871,,,Not Required,
ORD-01872,,,Not Required,
ORD-01873,,,Not Required,
ORD-01874,,,Not Required,
ORD-01875,2025-07-04 19:40:27,2025-07-04 19:57:43,Approved,17.26
ORD-01876,,,Not Required,
ORD-01877,2025-07-04 20:59:46,2025-07-04 21:22:44,Approved,22.96
ORD-01878,2025-07-05 08:16:58,2025-07-05 09:45:49,Approved,88.86
ORD-01879,,,Not Required,
ORD-01880,,,Not Required,
ORD-01881,,,Not Required,
ORD-01882,,,Not Required,
ORD-01883,2025-07-05 13:37:36,2025-07-05 13:55:27,Approved,17.86
ORD-01884,2025-07-05 12:28:01,2025-07-05 14:10:46,Approved,102.75
ORD-01885,2025-07-05 12:27:30,2025-07-05 13:34:38,Approved,67.14
ORD-01886,2025-07-05 14:52:50,2025-07-05 16:59:08,Rejected,126.31
ORD-01887,,,Not Required,
ORD-01888,2025-07-05 18:42:42,2025-07-05 21:03:17,Rejected,140.59
ORD-01889,,,Not Required,
ORD-01890,2025-07-05 21:01:27,2025-07-05 21:19:10,Approved,17.72
ORD-01891,,,Not Required,
ORD-01892,,,Not Required,
ORD-01893,2025-07-06 09:29:26,2025-07-06 10:11:14,Approved,41.80
ORD-01894,2025-07-06 11:22:02,2025-07-06 11:41:50,Approved,19.80
ORD-01895,,,Not Required,
ORD-01896,2025-07-06 14:59:49,2025-07-06 15:21:17,Approved,21.46
ORD-01897,2025-07-06 17:26:08,2025-07-06 17:35:12,Approved,9.07
ORD-01898,,,Not Required,
ORD-01899,2025-07-06 17:53:28,2025-07-06 18:31:19,Approved,37.84
ORD-01900,2025-07-06 18:21:28,2025-07-06 19:22:17,Approved,60.82
ORD-01901,2025-07-06 19:04:40,2025-07-06 19:58:34,Rejected,53.90
ORD-01902,,,Not Required,
ORD-01903,2025-07-06 18:19:30,2025-07-06 19:46:02,Approved,86.54
ORD-01904,,,Not Required,
ORD-01905,,,Not Required,
ORD-01906,2025-07-07 07:03:58,2025-07-07 08:10:31,Approved,66.54
ORD-01907,,,Not Required,
ORD-01908,2025-07-07 09:07:48,2025-07-07 09:51:46,Approved,43.97
ORD-01909,,,Not Required,
ORD-01910,2025-07-07 09:50:34,2025-07-07 10:33:37,Approved,43.04
ORD-01911,,,Not Required,
ORD-01912,,,Not Required,
ORD-01913,,,Not Required,
ORD-01914,,,Not Required,
ORD-01915,2025-07-07 13:59:37,2025-07-07 14:06:20,Approved,6.72
ORD-01916,2025-07-07 14:58:55,2025-07-07 17:14:43,Approved,135.80
ORD-01917,,,Not Required,
ORD-01918,2025-07-07 16:53:07,2025-07-07 17:22:54,Approved,29.79
ORD-01919,,,Not Required,
ORD-01920,,,Not Required,
ORD-01921,2025-07-07 18:41:45,2025-07-07 19:26:14,Approved,44.48
ORD-01922,,,Not Required,
ORD-01923,,,Not Required,
ORD-01924,2025-07-07 19:24:24,2025-07-07 20:14:47,Approved,50.38
ORD-01925,2025-07-07 22:01:38,2025-07-07 22:21:51,Approved,20.23
ORD-01926,2025-07-07 23:36:14,2025-07-08 01:34:11,Approved,117.94
ORD-01927,,,Not Required,
ORD-01928,,,Not Required,
ORD-01929,2025-07-08 10:47:40,2025-07-08 10:59:43,Approved,12.05
ORD-01930,2025-07-08 10:53:35,2025-07-08 11:19:22,Approved,25.78
ORD-01931,,,Not Required,
ORD-01932,2025-07-08 13:06:42,2025-07-08 14:41:39,Approved,94.96
ORD-01933,,,Not Required,
ORD-01934,2025-07-08 14:54:48,2025-07-08 15:02:11,Approved,7.38
ORD-01935,2025-07-08 15:40:47,2025-07-08 16:41:54,Approved,61.12
ORD-01936,2025-07-08 17:49:01,2025-07-08 23:13:10,Rejected,324.15
ORD-01937,2025-07-08 17:54:07,2025-07-08 18:17:20,Approved,23.21
ORD-01938,2025-07-08 18:03:11,2025-07-08 18:25:04,Approved,21.88
ORD-01939,2025-07-08 18:21:52,2025-07-08 19:11:55,Approved,50.05
ORD-01940,2025-07-08 19:45:01,2025-07-08 21:12:55,Approved,87.91
ORD-01941,2025-07-08 20:29:23,2025-07-08 21:44:05,Approved,74.71
ORD-01942,2025-07-08 21:00:38,2025-07-08 21:29:05,Approved,28.45
ORD-01943,,,Not Required,
ORD-01944,,,Not Required,
ORD-01945,,,Not Required,
ORD-01946,2025-07-09 07:55:59,2025-07-09 08:02:28,Approved,6.48
ORD-01947,2025-07-09 12:01:34,,Pending,
ORD-01948,,,Not Required,
ORD-01949,2025-07-09 12:37:15,2025-07-09 15:47:09,Approved,189.90
ORD-01950,,,Not Required,
ORD-01951,2025-07-09 20:56:08,2025-07-10 00:11:26,Approved,195.29
ORD-01952,,,Not Required,
ORD-01953,2025-07-10 08:16:33,2025-07-10 09:13:32,Approved,56.97
ORD-01954,2025-07-10 10:54:01,2025-07-10 10:57:34,Approved,3.55
ORD-01955,,,Not Required,
ORD-01956,2025-07-10 12:33:24,2025-07-10 12:58:36,Approved,25.20
ORD-01957,2025-07-10 13:18:14,2025-07-10 16:45:19,Rejected,207.07
ORD-01958,2025-07-10 15:22:26,2025-07-10 15:49:14,Approved,26.79
ORD-01959,2025-07-10 17:51:36,2025-07-10 18:10:47,Approved,19.19
ORD-01960,2025-07-10 18:27:49,2025-07-10 15:45:49,Approved,47.84
ORD-01961,,,Not Required,
ORD-01962,2025-07-10 19:10:25,2025-07-10 19:49:30,Rejected,39.08
ORD-01963,2025-07-10 21:22:26,2025-07-10 21:41:09,Approved,18.73
ORD-01964,,,Not Required,
ORD-01965,2025-07-11 07:16:27,2025-07-11 07:33:11,Approved,16.73
ORD-01966,,,Not Required,
ORD-01967,2025-07-11 12:03:01,2025-07-11 12:18:35,Approved,15.57
ORD-01968,,,Not Required,
ORD-01969,,,Not Required,
ORD-01970,,,Not Required,
ORD-01971,,,Not Required,
ORD-01972,,,Not Required,
ORD-01973,2025-07-12 08:07:25,2025-07-12 09:15:48,Approved,68.38
ORD-01974,2025-07-12 09:50:31,2025-07-12 10:24:27,Approved,33.94
ORD-01975,,,Not Required,
ORD-01976,,,Not Required,
ORD-01977,,,Not Required,
ORD-01978,2025-07-12 11:39:54,2025-07-12 12:18:01,Approved,38.12
ORD-01979,2025-07-12 14:20:48,2025-07-12 15:03:48,Approved,43.00
ORD-01980,2025-07-12 14:57:42,2025-07-12 15:08:11,Approved,10.49
ORD-01981,,,Not Required,
ORD-01982,,,Not Required,
ORD-01983,2025-07-12 18:03:24,2025-07-12 18:08:07,Approved,4.72
ORD-01984,2025-07-12 18:52:19,2025-07-12 20:57:02,Approved,124.72
ORD-01985,2025-07-12 19:06:59,2025-07-12 19:30:30,Approved,23.52
ORD-01986,2025-07-12 19:32:51,2025-07-12 22:48:13,Rejected,195.37
ORD-01987,2025-07-12 21:16:51,2025-07-12 23:44:19,Approved,147.46
ORD-01988,,,Not Required,
ORD-01989,,,Not Required,
ORD-01990,2025-07-13 07:14:51,2025-07-13 10:16:34,Approved,181.72
ORD-01991,,,Not Required,
ORD-01992,2025-07-13 11:15:37,2025-07-13 12:56:23,Approved,100.78
ORD-01993,2025-07-13 15:20:18,2025-07-13 17:36:42,Approved,136.40
ORD-01994,,,Not Required,
ORD-01995,2025-07-13 18:05:30,2025-07-13 19:01:25,Approved,55.91
ORD-01996,,,Not Required,
ORD-01997,,,Not Required,
ORD-01998,2025-07-13 20:24:13,2025-07-13 21:17:58,Approved,53.75
ORD-01999,,,Not Required,
ORD-02000,2025-07-14 11:04:49,2025-07-14 11:38:59,Approved,34.16
ORD-02001,2025-07-14 11:32:25,2025-07-14 12:01:02,Approved,28.61
ORD-02002,,,Not Required,
ORD-02003,,,Not Required,
ORD-02004,2025-07-14 15:50:15,2025-07-14 16:36:38,Approved,46.38
ORD-02005,2025-07-14 17:12:17,2025-07-14 17:22:27,Approved,10.16
ORD-02006,2025-07-14 18:29:22,2025-07-14 19:16:55,Approved,47.55
ORD-02007,2025-07-14 21:17:33,2025-07-15 00:07:17,Approved,169.73
ORD-02008,,,Not Required,
ORD-02009,,,Not Required,
ORD-02010,,,Not Required,
ORD-02011,2025-07-15 11:57:48,2025-07-15 12:16:19,Approved,18.53
ORD-02012,2025-07-15 12:07:33,2025-07-15 12:27:18,Approved,19.76
ORD-02013,2025-07-15 15:06:48,,Pending,
ORD-02014,2025-07-15 15:52:46,2025-07-15 16:04:10,Approved,11.40
ORD-02015,2025-07-15 19:21:45,2025-07-15 19:48:00,Approved,26.24
ORD-02016,,,Not Required,
ORD-02017,,,Not Required,
ORD-02018,2025-07-15 20:27:27,2025-07-15 21:16:37,Approved,49.17
ORD-02019,2025-07-15 21:27:23,2025-07-16 01:02:08,Approved,214.75
ORD-02020,,,Not Required,
ORD-02021,2025-07-15 22:33:57,2025-07-15 23:11:27,Approved,37.50
ORD-02022,2025-07-16 10:11:57,2025-07-16 11:44:15,Approved,92.30
ORD-02023,,,Not Required,
ORD-02024,,,Not Required,
ORD-02025,2025-07-16 13:31:54,2025-07-16 13:45:44,Approved,13.84
ORD-02026,2025-07-16 15:46:33,2025-07-16 16:36:30,Approved,49.95
ORD-02027,2025-07-16 16:59:42,2025-07-16 18:51:46,Approved,112.06
ORD-02028,,,Not Required,
ORD-02029,2025-07-17 10:11:36,2025-07-17 10:42:03,Approved,30.45
ORD-02030,2025-07-17 10:03:39,2025-07-17 10:37:06,Approved,33.45
ORD-02031,2025-07-17 10:05:44,2025-07-17 11:03:54,Approved,58.16
ORD-02032,,,Not Required,
ORD-02033,2025-07-17 16:12:25,2025-07-17 17:29:03,Approved,76.63
ORD-02034,2025-07-17 16:46:12,2025-07-17 20:48:42,Approved,242.50
ORD-02035,,,Not Required,
ORD-02036,2025-07-17 17:03:05,2025-07-17 17:19:41,Approved,16.60
ORD-02037,,,Not Required,
ORD-02038,2025-07-17 17:53:44,2025-07-17 20:32:45,Approved,159.01
ORD-02039,2025-07-17 19:53:38,2025-07-17 20:03:36,Approved,9.97
ORD-02040,2025-07-17 23:04:50,2025-07-17 23:59:38,Approved,54.80
ORD-02041,,,Not Required,
ORD-02042,,,Not Required,
ORD-02043,,,Not Required,
ORD-02044,,,Not Required,
ORD-02045,2025-07-18 18:06:29,2025-07-18 19:10:03,Approved,63.56
ORD-02046,2025-07-18 19:25:00,2025-07-18 19:46:24,Approved,21.40
ORD-02047,2025-07-18 21:26:23,2025-07-18 23:04:46,Approved,98.38
ORD-02048,2025-07-18 21:53:19,2025-07-19 00:45:02,Approved,171.72
ORD-02049,,,Not Required,
ORD-02050,,,Not Required,
ORD-02051,2025-07-19 05:55:26,2025-07-19 06:30:17,Approved,34.85
ORD-02052,2025-07-19 06:54:36,2025-07-19 08:19:18,Approved,84.70
ORD-02053,,,Not Required,
ORD-02054,,,Not Required,
ORD-02055,,,Not Required,
ORD-02056,,,Not Required,
ORD-02057,2025-07-19 12:02:46,2025-07-19 13:02:38,Approved,59.87
ORD-02058,,,Not Required,
ORD-02059,,,Not Required,
ORD-02060,2025-07-19 15:48:00,2025-07-19 16:25:30,Approved,37.49
ORD-02061,,,Not Required,
ORD-02062,2025-07-19 18:11:10,2025-07-19 19:06:02,Approved,54.87
ORD-02063,2025-07-19 18:59:04,,Pending,
ORD-02064,,,Not Required,
ORD-02065,2025-07-20 02:09:42,2025-07-20 02:40:48,Approved,31.11
ORD-02066,,,Not Required,
ORD-02067,2025-07-20 10:39:28,2025-07-20 10:54:17,Approved,14.81
ORD-02068,,,Not Required,
ORD-02069,,,Not Required,
ORD-02070,2025-07-20 13:05:55,2025-07-20 14:47:41,Approved,101.76
ORD-02071,,,Not Required,
ORD-02072,2025-07-20 14:47:39,2025-07-20 15:12:15,Approved,24.60
ORD-02073,,,Not Required,
ORD-02074,,,Not Required,
ORD-02075,2025-07-20 17:15:45,2025-07-20 17:44:17,Approved,28.54
ORD-02076,,,Not Required,
ORD-02077,2025-07-20 20:57:19,2025-07-20 21:45:46,Approved,48.44
ORD-02078,2025-07-21 03:41:49,2025-07-21 05:11:34,Approved,89.75
ORD-02079,,,Not Required,
ORD-02080,2025-07-21 08:40:24,2025-07-21 09:03:37,Approved,23.23
ORD-02081,2025-07-21 09:09:30,2025-07-21 09:21:38,Approved,12.13
ORD-02082,2025-07-21 09:10:18,2025-07-21 09:44:52,Approved,34.56
ORD-02083,,,Not Required,
ORD-02084,2025-07-21 11:57:44,2025-07-21 13:53:19,Approved,115.58
ORD-02085,,,Not Required,
ORD-02086,2025-07-21 12:38:55,2025-07-21 13:23:10,Approved,44.25
ORD-02087,,,Not Required,
ORD-02088,2025-07-21 13:33:22,2025-07-21 13:51:01,Approved,17.66
ORD-02089,,,Not Required,
ORD-02090,,,Not Required,
ORD-02091,,,Not Required,
ORD-02092,2025-07-21 16:07:34,2025-07-21 17:13:20,Approved,65.77
ORD-02093,,,Not Required,
ORD-02094,2025-07-21 17:23:46,2025-07-21 17:35:01,Approved,11.25
ORD-02095,,,Not Required,
ORD-02096,,,Not Required,
ORD-02097,2025-07-21 19:21:32,2025-07-21 19:34:07,Approved,12.59
ORD-02098,,,Not Required,
ORD-02099,2025-07-21 23:17:01,2025-07-21 23:49:10,Approved,32.14
ORD-02100,,,Not Required,
ORD-02101,,,Not Required,
ORD-02102,,,Not Required,
ORD-02103,2025-07-22 11:25:15,2025-07-22 11:54:33,Approved,29.30
ORD-02104,,,Not Required,
ORD-02105,,,Not Required,
ORD-02106,,,Not Required,
ORD-02107,,,Not Required,
ORD-02108,,,Not Required,
ORD-02109,2025-07-22 20:56:59,2025-07-22 22:04:59,Approved,68.01
ORD-02110,,,Not Required,
ORD-02111,2025-07-22 21:55:57,,Pending,
ORD-02112,,,Not Required,
ORD-02113,2025-07-23 08:24:52,2025-07-23 08:46:22,Approved,21.50
ORD-02114,2025-07-23 09:30:57,2025-07-23 09:49:16,Approved,18.32
ORD-02115,2025-07-23 10:23:22,2025-07-23 11:03:57,Approved,40.59
ORD-02116,2025-07-23 12:13:22,2025-07-23 13:03:39,Approved,50.28
ORD-02117,2025-07-23 13:06:40,2025-07-23 14:06:40,Approved,60.01
ORD-02118,2025-07-23 13:52:13,2025-07-23 16:04:48,Approved,132.59
ORD-02119,,,Not Required,
ORD-02120,2025-07-23 16:11:29,2025-07-23 16:23:56,Approved,12.46
ORD-02121,2025-07-23 16:52:39,2025-07-23 17:48:25,Approved,55.76
ORD-02122,2025-07-23 16:48:42,2025-07-23 17:58:23,Approved,69.69
ORD-02123,,,Not Required,
ORD-02124,2025-07-23 19:36:34,2025-07-23 20:16:18,Approved,39.73
ORD-02125,2025-07-23 19:43:47,2025-07-23 20:18:40,Approved,34.87
ORD-02126,2025-07-23 20:10:18,2025-07-23 22:01:47,Approved,111.48
ORD-02127,2025-07-23 21:20:58,2025-07-23 22:15:28,Approved,54.51
ORD-02128,2025-07-24 07:25:34,2025-07-24 07:34:20,Approved,8.76
ORD-02129,2025-07-24 10:32:48,2025-07-24 10:39:57,Approved,7.15
ORD-02130,,,Not Required,
ORD-02131,,,Not Required,
ORD-02132,,,Not Required,
ORD-02133,,,Not Required,
ORD-02134,2025-07-24 21:58:03,2025-07-24 22:06:39,Approved,8.60
ORD-02135,,,Not Required,
ORD-02136,2025-07-25 12:59:17,2025-07-25 13:13:22,Approved,14.07
ORD-02137,2025-07-25 13:38:08,2025-07-25 17:19:32,Approved,221.40
ORD-02138,2025-07-25 13:43:45,2025-07-25 18:15:50,Rejected,272.09
ORD-02139,,,Not Required,
ORD-02140,,,Not Required,
ORD-02141,,,Not Required,40.80
ORD-02142,2025-07-26 07:29:02,2025-07-26 07:59:39,Approved,30.63
ORD-02143,,,Not Required,
ORD-02144,2025-07-26 09:16:02,2025-07-26 15:14:12,Approved,358.16
ORD-02145,2025-07-26 10:13:56,2025-07-26 10:22:07,Approved,8.19
ORD-02146,,,Not Required,
ORD-02147,2025-07-26 10:43:36,2025-07-26 11:05:13,Approved,21.62
ORD-02148,,,Not Required,
ORD-02149,2025-07-26 13:23:57,2025-07-26 14:53:18,Approved,89.35
ORD-02150,,,Not Required,
ORD-02151,2025-07-26 17:57:33,2025-07-26 18:19:17,Approved,21.72
ORD-02152,2025-07-26 18:09:19,2025-07-26 18:18:29,Approved,9.17
ORD-02153,2025-07-26 19:34:32,2025-07-26 20:29:53,Approved,55.35
ORD-02154,,,Not Required,
ORD-02155,2025-07-27 07:37:49,2025-07-27 08:04:06,Approved,26.29
ORD-02156,,,Not Required,
ORD-02157,,,Not Required,
ORD-02158,,,Not Required,
ORD-02159,2025-07-27 13:05:07,2025-07-27 15:50:37,Approved,165.51
ORD-02160,2025-07-27 13:29:38,2025-07-27 13:35:06,Approved,5.47
ORD-02161,2025-07-27 14:27:50,2025-07-27 15:45:12,Approved,77.36
ORD-02162,,,Not Required,
ORD-02163,2025-07-27 16:44:07,2025-07-27 16:58:07,Approved,14.00
ORD-02164,,,Not Required,
ORD-02165,,,Not Required,
ORD-02166,,,Not Required,
ORD-02167,2025-07-27 23:08:26,2025-07-27 23:27:10,Approved,18.73
ORD-02168,,,Not Required,
ORD-02169,,,Not Required,
ORD-02170,2025-07-28 12:41:00,2025-07-28 13:01:26,Approved,20.44
ORD-02171,2025-07-28 13:29:40,2025-07-28 13:55:49,Approved,26.15
ORD-02172,,,Not Required,
ORD-02173,,,Not Required,
ORD-02174,,,Not Required,
ORD-02175,,,Not Required,
ORD-02176,2025-07-28 18:33:50,2025-07-28 19:33:16,Approved,59.43
ORD-02177,2025-07-28 19:28:34,2025-07-28 19:57:08,Approved,28.57
ORD-02178,,,Not Required,
ORD-02179,,,Not Required,
ORD-02180,,,Not Required,
ORD-02181,2025-07-28 23:57:07,2025-07-29 00:10:58,Approved,13.84
ORD-02182,,,Not Required,
ORD-02183,,,Not Required,
ORD-02184,2025-07-29 11:03:05,2025-07-29 12:51:38,Approved,108.54
ORD-02185,,,Not Required,
ORD-02186,2025-07-29 14:22:10,2025-07-29 16:43:22,Approved,141.19
ORD-02187,,,Not Required,
ORD-02188,2025-07-29 17:09:13,2025-07-29 17:36:53,Approved,27.66
ORD-02189,2025-07-29 17:43:25,2025-07-29 19:38:40,Approved,115.26
ORD-02190,,,Not Required,
ORD-02191,2025-07-29 19:31:18,2025-07-29 20:00:49,Approved,29.51
ORD-02192,2025-07-29 21:46:17,2025-07-29 22:52:25,Approved,66.13
ORD-02193,2025-07-29 22:14:01,2025-07-29 23:11:04,Approved,57.05
ORD-02194,2025-07-30 01:10:36,2025-07-30 01:31:41,Approved,21.09
ORD-02195,,,Not Required,
ORD-02196,2025-07-30 14:04:40,2025-07-30 14:43:58,Approved,39.30
ORD-02197,2025-07-30 17:35:27,2025-07-30 17:55:30,Approved,20.05
ORD-02198,,,Not Required,
ORD-02199,,,Not Required,
ORD-02200,,,Not Required,
ORD-02201,,,Not Required,
ORD-02202,,,Not Required,
ORD-02203,2025-07-30 21:29:54,2025-07-30 22:47:18,Rejected,77.41
ORD-02204,,,Not Required,
ORD-02205,,,Not Required,
ORD-02206,,,Not Required,
ORD-02207,2025-07-31 09:21:27,2025-07-31 09:42:34,Approved,21.11
ORD-02208,2025-07-31 17:00:58,2025-07-31 17:35:07,Approved,34.15
ORD-02209,2025-07-31 12:40:19,2025-07-31 13:59:15,Approved,78.93
ORD-02210,,,Not Required,
ORD-02211,,,Not Required,
ORD-02212,,,Not Required,
ORD-02213,2025-07-31 18:18:20,2025-07-31 20:33:22,Approved,135.03
ORD-02214,,,Not Required,
ORD-02215,,,Not Required,
ORD-02216,,,Not Required,
ORD-02217,,,Not Required,91.83
ORD-02218,,,Not Required,
ORD-02219,2025-08-01 08:35:44,2025-08-01 08:48:23,Approved,12.65
ORD-02220,2025-08-01 10:57:53,2025-08-01 11:10:38,Approved,12.74
ORD-02221,2025-08-01 12:17:20,2025-08-01 12:29:45,Approved,12.41
ORD-02222,2025-08-01 12:34:50,2025-08-01 12:57:47,Approved,22.96
ORD-02223,,,Not Required,
ORD-02224,2025-08-01 14:51:27,2025-08-01 15:05:10,Rejected,13.72
ORD-02225,,,Not Required,
ORD-02226,2025-08-01 16:36:36,2025-08-01 19:30:52,Approved,174.26
ORD-02227,2025-08-01 16:52:28,2025-08-01 20:26:22,Rejected,213.91
ORD-02228,2025-08-01 17:25:11,2025-08-01 20:45:50,Approved,200.66
ORD-02229,,,Not Required,
ORD-02230,,,Not Required,
ORD-02231,2025-08-01 20:28:26,2025-08-01 21:18:37,Approved,50.19
ORD-02232,,,Not Required,
ORD-02233,2025-08-01 22:19:29,2025-08-02 00:05:48,Approved,106.31
ORD-02234,2025-08-02 10:09:44,2025-08-02 11:27:46,Approved,78.04
ORD-02235,2025-08-02 10:01:02,2025-08-02 10:08:50,Approved,7.79
ORD-02236,,,Not Required,
ORD-02237,,,Not Required,
ORD-02238,,,Not Required,
ORD-02239,,,Not Required,
ORD-02240,,,Not Required,
ORD-02241,2025-08-02 22:00:46,2025-08-02 22:40:22,Approved,39.60
ORD-02242,2025-08-03 10:58:50,2025-08-03 11:51:57,Approved,53.12
ORD-02243,2025-08-03 14:38:47,2025-08-03 15:24:18,Approved,45.51
ORD-02244,2025-08-03 19:07:53,2025-08-03 19:51:50,Approved,43.95
ORD-02245,,,Not Required,
ORD-02246,2025-08-03 21:01:57,2025-08-03 21:10:33,Approved,8.60
ORD-02247,,,Not Required,
ORD-02248,,,Not Required,
ORD-02249,,,Not Required,
ORD-02250,2025-08-04 09:53:12,2025-08-04 10:21:43,Approved,28.52
ORD-02251,2025-08-04 10:35:28,2025-08-04 14:57:44,Approved,262.27
ORD-02252,2025-08-04 11:03:16,2025-08-04 11:16:18,Approved,13.03
ORD-02253,2025-08-04 11:49:39,2025-08-04 12:23:43,Approved,34.08
ORD-02254,2025-08-04 15:11:01,2025-08-04 18:47:19,Approved,216.30
ORD-02255,2025-08-04 15:28:57,2025-08-04 15:40:55,Approved,11.97
ORD-02256,,,Not Required,
ORD-02257,2025-08-04 16:18:09,2025-08-04 16:59:48,Approved,41.64
ORD-02258,,,Not Required,
ORD-02259,2025-08-04 18:05:01,2025-08-04 18:47:38,Rejected,42.62
ORD-02260,,,Not Required,
ORD-02261,2025-08-04 20:59:13,2025-08-04 22:00:24,Approved,61.19
ORD-02262,2025-08-04 21:12:25,2025-08-04 21:48:46,Approved,36.35
ORD-02263,2025-08-05 09:33:13,2025-08-05 10:45:51,Approved,72.62
ORD-02264,,,Not Required,
ORD-02265,,,Not Required,
ORD-02266,,,Not Required,
ORD-02267,,,Not Required,
ORD-02268,2025-08-05 14:19:16,2025-08-05 15:46:52,Approved,87.60
ORD-02269,2025-08-05 14:57:46,2025-08-05 16:01:43,Approved,63.95
ORD-02270,2025-08-05 15:05:54,2025-08-05 18:58:43,Approved,232.82
ORD-02271,,,Not Required,
ORD-02272,,,Not Required,
ORD-02273,2025-08-05 19:05:03,2025-08-05 19:29:37,Approved,24.57
ORD-02274,2025-08-05 19:13:37,2025-08-05 19:30:47,Approved,17.17
ORD-02275,2025-08-05 19:53:34,2025-08-05 21:32:41,Approved,99.12
ORD-02276,2025-08-05 23:01:09,2025-08-05 23:15:12,Approved,14.05
ORD-02277,,,Not Required,
ORD-02278,2025-08-06 04:55:03,2025-08-06 05:27:24,Approved,32.35
ORD-02279,2025-08-06 07:15:35,2025-08-06 07:24:12,Approved,8.62
ORD-02280,,,Not Required,
ORD-02281,2025-08-06 09:38:59,2025-08-06 09:40:36,Approved,1.62
ORD-02282,2025-08-06 11:35:45,2025-08-06 12:12:45,Approved,37.01
ORD-02283,2025-08-06 13:22:00,2025-08-06 14:11:57,Approved,49.96
ORD-02284,2025-08-06 16:19:15,2025-08-06 16:24:24,Approved,5.14
ORD-02285,2025-08-06 19:04:59,2025-08-06 20:14:56,Approved,69.95
ORD-02286,,,Not Required,
ORD-02287,,,Not Required,
ORD-02288,,,Not Required,
ORD-02289,2025-08-06 20:32:43,2025-08-06 21:25:23,Approved,52.68
ORD-02290,2025-08-06 21:17:30,2025-08-06 21:46:10,Approved,28.67
ORD-02291,,,Not Required,
ORD-02292,2025-08-07 04:04:56,2025-08-07 07:41:08,Approved,216.19
ORD-02293,,,Not Required,
ORD-02294,2025-08-07 11:36:39,2025-08-07 11:56:31,Approved,19.87
ORD-02295,2025-08-07 12:48:59,2025-08-07 13:14:08,Approved,25.15
ORD-02296,2025-08-07 12:59:21,2025-08-07 13:12:16,Approved,12.91
ORD-02297,2025-08-07 13:24:28,2025-08-07 13:50:31,Approved,26.04
ORD-02298,2025-08-07 13:46:36,2025-08-07 16:50:52,Rejected,184.27
ORD-02299,2025-08-07 15:03:23,2025-08-07 15:37:32,Approved,34.15
ORD-02300,,,Not Required,
ORD-02301,2025-08-07 16:54:08,2025-08-07 17:54:22,Approved,60.24
ORD-02302,2025-08-07 17:50:27,2025-08-07 18:22:08,Approved,31.68
ORD-02303,,,Not Required,
ORD-02304,2025-08-07 21:12:02,2025-08-07 21:43:48,Approved,31.77
ORD-02305,,,Not Required,
ORD-02306,2025-08-08 08:56:55,2025-08-08 09:16:18,Approved,19.37
ORD-02307,2025-08-08 10:47:01,2025-08-08 11:00:15,Rejected,13.22
ORD-02308,,,Not Required,
ORD-02309,,,Not Required,
ORD-02310,,,Not Required,
ORD-02311,,,Not Required,
ORD-02312,,,Not Required,
ORD-02313,,,Not Required,
ORD-02314,,,Not Required,
ORD-02315,,,Not Required,
ORD-02316,,,Not Required,
ORD-02317,,,Not Required,
ORD-02318,2025-08-09 07:08:17,2025-08-09 07:31:48,Approved,23.52
ORD-02319,,,Not Required,
ORD-02320,,,Not Required,
ORD-02321,,,Not Required,
ORD-02322,2025-08-09 12:03:47,2025-08-09 12:15:18,Approved,11.52
ORD-02323,2025-08-09 12:10:27,2025-08-09 13:07:22,Approved,56.91
ORD-02324,,,Not Required,
ORD-02325,2025-08-09 15:44:58,2025-08-09 16:05:29,Approved,20.51
ORD-02326,2025-08-09 16:18:14,2025-08-09 16:41:10,Approved,22.93
ORD-02327,2025-08-09 17:12:02,2025-08-09 17:26:38,Approved,14.60
ORD-02328,,,Not Required,
ORD-02329,2025-08-10 06:49:02,2025-08-10 08:40:00,Approved,110.97
ORD-02330,2025-08-10 10:32:40,2025-08-10 10:58:51,Approved,26.18
ORD-02331,,,Not Required,
ORD-02332,,,Not Required,
ORD-02333,,,Not Required,
ORD-02334,,,Not Required,
ORD-02335,2025-08-10 13:54:45,2025-08-10 14:42:36,Approved,47.85
ORD-02336,2025-08-10 14:16:41,2025-08-10 16:32:36,Approved,135.93
ORD-02337,2025-08-10 15:44:13,2025-08-10 16:04:24,Approved,20.18
ORD-02338,2025-08-10 15:56:12,2025-08-10 16:00:39,Approved,4.45
ORD-02339,,,Not Required,
ORD-02340,,,Not Required,
ORD-02341,,,Not Required,
ORD-02342,2025-08-10 18:37:26,2025-08-10 18:56:22,Approved,18.93
ORD-02343,2025-08-10 17:35:07,,Pending,
ORD-02344,2025-08-10 17:35:00,,Pending,
ORD-02345,,,Not Required,
ORD-02346,,,Not Required,
ORD-02347,2025-08-10 20:44:38,2025-08-10 17:12:38,Approved,105.64
ORD-02348,,,Not Required,
ORD-02349,,,Not Required,
ORD-02350,2025-08-10 22:04:52,2025-08-11 02:05:58,Approved,241.10
ORD-02351,,,Not Required,
ORD-02352,,,Not Required,
ORD-02353,,,Not Required,
ORD-02354,,,Not Required,
ORD-02355,,,Not Required,
ORD-02356,,,Not Required,
ORD-02357,,,Not Required,
ORD-02358,2025-08-11 16:09:00,2025-08-11 16:36:09,Approved,27.14
ORD-02359,,,Not Required,
ORD-02360,2025-08-11 17:44:36,2025-08-11 18:39:51,Rejected,55.25
ORD-02361,2025-08-11 17:53:22,2025-08-11 20:07:06,Approved,133.73
ORD-02362,,,Not Required,
ORD-02363,,,Not Required,
ORD-02364,2025-08-11 20:41:52,2025-08-11 20:48:29,Approved,6.61
ORD-02365,,,Not Required,
ORD-02366,,,Not Required,68.54
ORD-02367,,,Not Required,
ORD-02368,2025-08-12 08:32:21,2025-08-12 08:53:09,Approved,20.79
ORD-02369,2025-08-12 10:01:54,2025-08-12 12:02:04,Approved,120.18
ORD-02370,2025-08-12 12:02:14,2025-08-12 12:29:45,Approved,27.53
ORD-02371,2025-08-12 12:21:24,2025-08-12 12:43:21,Approved,21.95
ORD-02372,,,Not Required,
ORD-02373,2025-08-12 19:46:28,2025-08-12 20:53:10,Approved,66.70
ORD-02374,,,Not Required,
ORD-02375,,,Not Required,
ORD-02376,,,Not Required,
ORD-02377,2025-08-13 09:51:08,2025-08-13 10:49:41,Approved,58.56
ORD-02378,2025-08-13 11:02:53,2025-08-13 12:13:20,Approved,70.45
ORD-02379,2025-08-13 11:15:27,2025-08-13 12:33:00,Approved,77.55
ORD-02380,2025-08-13 12:49:10,2025-08-13 14:23:55,Approved,94.74
ORD-02381,2025-08-13 14:47:35,2025-08-13 14:56:57,Approved,9.37
ORD-02382,2025-08-13 15:56:09,2025-08-13 16:21:56,Approved,25.79
ORD-02383,,,Not Required,
ORD-02384,2025-08-13 20:57:25,2025-08-13 21:52:15,Approved,54.84
ORD-02385,,,Not Required,
ORD-02386,2025-08-14 09:31:23,2025-08-14 11:05:07,Approved,93.73
ORD-02387,2025-08-14 10:22:27,2025-08-14 10:44:55,Approved,22.47
ORD-02388,,,Not Required,
ORD-02389,2025-08-14 12:00:03,2025-08-14 13:04:07,Approved,64.08
ORD-02390,,,Not Required,
ORD-02391,,,Not Required,
ORD-02392,2025-08-14 14:58:51,2025-08-14 17:39:19,Approved,160.46
ORD-02393,2025-08-14 16:39:13,2025-08-14 16:52:17,Approved,13.06
ORD-02394,2025-08-14 16:33:34,2025-08-14 17:06:02,Approved,32.47
ORD-02395,2025-08-14 17:04:54,2025-08-14 18:44:23,Approved,99.49
ORD-02396,,,Not Required,
ORD-02397,2025-08-14 20:30:41,2025-08-14 21:13:49,Approved,43.13
ORD-02398,2025-08-14 19:42:25,2025-08-14 20:33:57,Approved,51.54
ORD-02399,2025-08-15 06:46:15,2025-08-15 07:28:50,Approved,42.58
ORD-02400,2025-08-15 08:57:02,2025-08-15 09:41:39,Approved,44.62
ORD-02401,,,Not Required,
ORD-02402,,,Not Required,
ORD-02403,,,Not Required,
ORD-02404,,,Not Required,
ORD-02405,,,Not Required,
ORD-02406,,,Not Required,
ORD-02407,2025-08-15 17:07:45,2025-08-15 18:02:53,Approved,55.12
ORD-02408,2025-08-15 18:07:08,2025-08-15 19:01:48,Approved,54.68
ORD-02409,,,Not Required,
ORD-02410,,,Not Required,
ORD-02411,2025-08-16 07:46:19,2025-08-16 08:17:54,Approved,31.58
ORD-02412,2025-08-16 09:06:30,2025-08-16 09:13:06,Approved,6.60
ORD-02413,2025-08-16 09:04:56,,Pending,
ORD-02414,2025-08-16 09:44:59,2025-08-16 12:03:05,Approved,138.09
ORD-02415,2025-08-16 09:23:19,2025-08-16 09:45:36,Approved,22.28
ORD-02416,,,Not Required,
ORD-02417,,,Not Required,
ORD-02418,,,Not Required,
ORD-02419,2025-08-16 13:13:21,2025-08-16 13:52:07,Rejected,38.76
ORD-02420,2025-08-16 13:25:39,2025-08-16 13:40:51,Approved,15.19
ORD-02421,,,Not Required,
ORD-02422,,,Not Required,
ORD-02423,,,Not Required,
ORD-02424,2025-08-16 19:50:19,2025-08-16 20:26:20,Approved,36.01
ORD-02425,2025-08-16 21:00:05,2025-08-16 21:41:02,Approved,40.94
ORD-02426,,,Not Required,
ORD-02427,,,Not Required,
ORD-02428,,,Not Required,
ORD-02429,,,Not Required,
ORD-02430,2025-08-17 10:10:53,2025-08-17 10:26:02,Approved,15.14
ORD-02431,2025-08-17 10:41:42,2025-08-17 11:46:51,Approved,65.15
ORD-02432,2025-08-17 11:01:06,2025-08-17 13:13:18,Approved,132.19
ORD-02433,2025-08-17 11:14:52,2025-08-17 11:43:32,Approved,28.68
ORD-02434,2025-08-17 12:00:18,2025-08-17 12:33:01,Approved,32.72
ORD-02435,2025-08-17 13:00:47,2025-08-17 14:18:16,Approved,77.48
ORD-02436,,,Not Required,
ORD-02437,2025-08-17 18:26:24,2025-08-17 19:26:32,Approved,60.13
ORD-02438,,,Not Required,
ORD-02439,2025-08-17 19:05:32,2025-08-17 20:03:24,Approved,57.86
ORD-02440,2025-08-17 19:57:49,2025-08-17 20:33:09,Approved,35.33
ORD-02441,2025-08-17 21:11:30,2025-08-17 21:25:20,Approved,13.83
ORD-02442,2025-08-17 21:21:58,2025-08-17 21:31:05,Approved,9.12
ORD-02443,2025-08-18 09:14:08,2025-08-18 10:24:34,Approved,70.43
ORD-02444,,,Not Required,
ORD-02445,2025-08-18 16:28:01,2025-08-18 17:29:41,Approved,61.66
ORD-02446,2025-08-18 17:52:22,2025-08-18 18:10:34,Approved,18.20
ORD-02447,,,Not Required,
ORD-02448,2025-08-18 19:08:35,2025-08-18 19:58:09,Approved,49.57
ORD-02449,,,Not Required,
ORD-02450,,,Not Required,
ORD-02451,,,Not Required,
ORD-02452,2025-08-19 10:17:20,2025-08-19 11:21:56,Approved,64.60
ORD-02453,2025-08-19 10:32:43,2025-08-19 10:52:23,Approved,19.67
ORD-02454,,,Not Required,
ORD-02455,2025-08-19 12:24:08,2025-08-19 15:50:17,Approved,206.14
ORD-02456,2025-08-19 13:20:36,2025-08-19 13:52:49,Approved,32.22
ORD-02457,2025-08-19 13:35:07,2025-08-19 15:22:29,Approved,107.38
ORD-02458,,,Not Required,
ORD-02459,,,Not Required,
ORD-02460,2025-08-19 17:26:24,2025-08-19 17:50:12,Approved,23.80
ORD-02461,,,Not Required,
ORD-02462,,,Not Required,
ORD-02463,,,Not Required,
ORD-02464,2025-08-20 12:33:40,2025-08-20 13:02:23,Approved,28.71
ORD-02465,2025-08-20 12:37:59,2025-08-20 13:25:47,Approved,47.80
ORD-02466,2025-08-20 14:45:41,2025-08-20 15:03:38,Approved,17.95
ORD-02467,2025-08-20 17:45:47,,Pending,
ORD-02468,2025-08-20 18:27:49,2025-08-20 18:39:18,Approved,11.48
ORD-02469,2025-08-20 17:43:24,2025-08-20 18:01:43,Approved,18.32
ORD-02470,,,Not Required,
ORD-02471,,,Not Required,
ORD-02472,2025-08-20 19:52:32,2025-08-20 21:15:25,Approved,82.88
ORD-02473,2025-08-20 19:58:09,2025-08-20 20:18:36,Approved,20.45
ORD-02474,,,Not Required,
ORD-02475,2025-08-20 22:45:26,2025-08-21 00:00:32,Approved,75.09
ORD-02476,2025-08-21 07:42:33,2025-08-21 08:42:13,Approved,59.66
ORD-02477,,,Not Required,
ORD-02478,,,Not Required,
ORD-02479,2025-08-21 13:54:03,2025-08-21 14:41:06,Approved,47.05
ORD-02480,,,Not Required,
ORD-02481,,,Not Required,
ORD-02482,,,Not Required,
ORD-02483,2025-08-21 17:58:44,2025-08-21 18:12:56,Approved,14.20
ORD-02484,,,Not Required,
ORD-02485,2025-08-21 21:09:24,2025-08-21 21:35:09,Approved,25.74
ORD-02486,,,Not Required,
ORD-02487,,,Not Required,
ORD-02488,2025-08-22 11:23:44,2025-08-22 13:04:39,Approved,100.92
ORD-02489,,,Not Required,
ORD-02490,2025-08-22 12:45:44,2025-08-22 13:13:57,Approved,28.21
ORD-02491,2025-08-22 13:26:18,2025-08-22 13:56:30,Rejected,30.20
ORD-02492,,,Not Required,
ORD-02493,,,Not Required,
ORD-02494,2025-08-22 17:14:21,2025-08-22 17:32:49,Approved,18.47
ORD-02495,2025-08-22 17:48:51,2025-08-22 20:45:19,Approved,176.47
ORD-02496,2025-08-22 19:05:27,2025-08-22 19:45:28,Approved,40.03
ORD-02497,2025-08-22 20:16:57,2025-08-22 23:41:42,Approved,204.75
ORD-02498,2025-08-22 20:44:22,2025-08-22 21:18:36,Approved,34.23
ORD-02499,,,Not Required,
ORD-02500,,,Not Required,
ORD-02501,2025-08-22 22:43:33,2025-08-23 01:00:05,Rejected,136.53
ORD-02502,2025-08-22 22:47:57,2025-08-22 23:41:25,Approved,53.47
ORD-02503,2025-08-23 07:26:27,2025-08-23 08:15:15,Approved,48.80
ORD-02504,,,Not Required,
ORD-02505,2025-08-23 10:36:45,2025-08-23 10:54:06,Approved,17.34
ORD-02506,2025-08-23 13:40:35,2025-08-23 14:43:56,Approved,63.34
ORD-02507,,,Not Required,
ORD-02508,,,Not Required,
ORD-02509,2025-08-23 19:12:19,2025-08-23 20:20:47,Approved,68.47
ORD-02510,,,Not Required,
ORD-02511,,,Not Required,
ORD-02512,2025-08-24 06:45:32,2025-08-24 08:03:48,Approved,78.28
ORD-02513,,,Not Required,
ORD-02514,,,Not Required,
ORD-02515,,,Not Required,
ORD-02516,2025-08-24 10:35:03,2025-08-24 10:44:30,Approved,9.45
ORD-02517,,,Not Required,
ORD-02518,,,Not Required,
ORD-02519,2025-08-24 15:09:37,2025-08-24 15:16:55,Approved,7.30
ORD-02520,,,Not Required,
ORD-02521,2025-08-24 16:39:07,2025-08-24 17:18:27,Approved,39.33
ORD-02522,2025-08-24 17:39:54,2025-08-24 17:46:51,Approved,6.95
ORD-02523,2025-08-24 19:53:46,2025-08-24 21:29:18,Approved,95.54
ORD-02524,,,Not Required,
ORD-02525,2025-08-25 10:47:07,2025-08-25 15:21:16,Approved,274.15
ORD-02526,2025-08-25 10:28:23,2025-08-25 11:42:05,Approved,73.70
ORD-02527,,,Not Required,
ORD-02528,,,Not Required,
ORD-02529,,,Not Required,
ORD-02530,2025-08-25 19:16:00,2025-08-25 19:41:43,Approved,25.72
ORD-02531,2025-08-25 20:49:38,2025-08-25 22:19:32,Approved,89.90
ORD-02532,,,Not Required,
ORD-02533,2025-08-25 21:15:56,2025-08-25 23:58:21,Approved,162.42
ORD-02534,2025-08-25 21:22:05,2025-08-25 22:47:39,Approved,85.56
ORD-02535,,,Not Required,
ORD-02536,,,Not Required,
ORD-02537,,,Not Required,
ORD-02538,2025-08-26 11:16:58,2025-08-26 11:39:21,Approved,22.38
ORD-02539,2025-08-26 13:03:40,2025-08-26 14:31:20,Approved,87.67
ORD-02540,2025-08-26 18:17:05,2025-08-26 18:57:30,Approved,40.42
ORD-02541,2025-08-26 18:57:38,2025-08-26 21:09:37,Approved,131.98
ORD-02542,,,Not Required,
ORD-02543,,,Not Required,
ORD-02544,,,Not Required,
ORD-02545,2025-08-27 11:48:31,2025-08-27 12:17:33,Approved,29.03
ORD-02546,2025-08-27 14:06:10,2025-08-27 14:45:13,Approved,39.06
ORD-02547,,,Not Required,
ORD-02548,,,Not Required,
ORD-02549,2025-08-27 19:09:42,2025-08-27 21:10:07,Approved,120.43
ORD-02550,2025-08-27 19:27:31,2025-08-27 19:48:45,Approved,21.23
ORD-02551,2025-08-27 21:12:41,2025-08-27 21:30:51,Approved,18.18
ORD-02552,2025-08-28 09:05:32,2025-08-28 09:20:08,Approved,14.59
ORD-02553,2025-08-28 09:23:48,2025-08-28 09:29:02,Approved,5.23
ORD-02554,2025-08-28 10:59:44,2025-08-28 13:43:30,Approved,163.77
ORD-02555,,,Not Required,
ORD-02556,,,Not Required,
ORD-02557,,,Not Required,
ORD-02558,2025-08-28 20:55:16,2025-08-28 21:35:28,Approved,40.20
ORD-02559,2025-08-28 21:41:01,2025-08-28 22:46:14,Approved,65.21
ORD-02560,,,Not Required,
ORD-02561,,,Not Required,
ORD-02562,,,Not Required,
ORD-02563,,,Not Required,
ORD-02564,2025-08-29 14:07:33,2025-08-29 14:25:01,Approved,17.47
ORD-02565,2025-08-29 20:06:17,2025-08-29 23:25:29,Approved,199.21
ORD-02566,2025-08-29 20:27:13,2025-08-29 20:50:08,Approved,22.92
ORD-02567,,,Not Required,
ORD-02568,2025-08-30 07:40:13,2025-08-30 08:06:43,Rejected,26.51
ORD-02569,,,Not Required,
ORD-02570,2025-08-30 10:34:16,2025-08-30 11:20:28,Approved,46.21
ORD-02571,,,Not Required,
ORD-02572,,,Not Required,
ORD-02573,2025-08-30 18:25:06,2025-08-30 19:39:04,Approved,73.97
ORD-02574,2025-08-30 19:05:52,2025-08-30 19:41:22,Approved,35.50
ORD-02575,,,Not Required,
ORD-02576,2025-08-30 20:43:52,2025-08-30 21:12:47,Approved,28.92
ORD-02577,,,Not Required,
ORD-02578,2025-08-31 00:51:08,2025-08-31 01:17:10,Approved,26.04
ORD-02579,,,Not Required,
ORD-02580,,,Not Required,
ORD-02581,,,Not Required,
ORD-02582,2025-08-31 16:57:12,2025-08-31 18:57:50,Approved,120.63
ORD-02583,,,Not Required,
ORD-02584,,,Not Required,
ORD-02585,2025-08-31 18:30:12,2025-08-31 19:27:56,Approved,57.73
ORD-02586,2025-08-31 18:44:24,2025-08-31 19:24:18,Approved,39.90
ORD-02587,2025-08-31 21:06:18,2025-08-31 21:29:14,Approved,22.93
ORD-02588,2025-09-01 07:52:00,2025-09-01 08:05:39,Approved,13.64
ORD-02589,,,Not Required,
ORD-02590,2025-09-01 09:59:55,2025-09-01 11:25:27,Approved,85.54
ORD-02591,,,Not Required,
ORD-02592,2025-09-01 10:11:37,2025-09-01 10:52:38,Approved,41.02
ORD-02593,,,Not Required,
ORD-02594,,,Not Required,
ORD-02595,2025-09-01 12:13:49,2025-09-01 13:11:35,Approved,57.77
ORD-02596,2025-09-01 13:28:54,2025-09-01 13:40:23,Approved,11.49
ORD-02597,,,Not Required,
ORD-02598,,,Not Required,
ORD-02599,,,Not Required,
ORD-02600,,,Not Required,
ORD-02601,,,Not Required,
ORD-02602,,,Not Required,
ORD-02603,2025-09-02 09:13:11,2025-09-02 10:21:14,Approved,68.05
ORD-02604,2025-09-02 09:43:54,2025-09-02 17:36:04,Approved,472.17
ORD-02605,2025-09-02 10:42:57,2025-09-02 11:28:23,Approved,45.43
ORD-02606,,,Not Required,
ORD-02607,,,Not Required,
ORD-02608,2025-09-02 12:45:01,2025-09-02 13:25:26,Approved,40.41
ORD-02609,2025-09-02 14:02:29,2025-09-02 15:36:53,Approved,94.39
ORD-02610,2025-09-02 17:10:35,2025-09-02 19:20:46,Approved,130.18
ORD-02611,,,Not Required,
ORD-02612,2025-09-02 18:20:07,2025-09-02 19:36:45,Approved,76.63
ORD-02613,,,Not Required,
ORD-02614,,,Not Required,
ORD-02615,,,Not Required,
ORD-02616,2025-09-02 21:19:43,2025-09-02 22:01:50,Approved,42.12
ORD-02617,2025-09-02 22:14:35,2025-09-02 22:51:05,Approved,36.50
ORD-02618,2025-09-03 07:16:25,2025-09-03 07:22:29,Approved,6.07
ORD-02619,,,Not Required,
ORD-02620,,,Not Required,
ORD-02621,2025-09-03 14:09:08,2025-09-03 14:13:20,Approved,4.21
ORD-02622,,,Not Required,
ORD-02623,,,Not Required,
ORD-02624,,,Not Required,
ORD-02625,,,Not Required,
ORD-02626,2025-09-03 16:35:16,2025-09-03 16:46:17,Approved,11.02
ORD-02627,2025-09-03 17:01:54,2025-09-03 17:49:04,Approved,47.17
ORD-02628,,,Not Required,
ORD-02629,2025-09-03 18:21:15,2025-09-03 18:33:46,Approved,12.52
ORD-02630,,,Not Required,
ORD-02631,2025-09-03 21:08:51,2025-09-03 22:06:52,Approved,58.02
ORD-02632,,,Not Required,
ORD-02633,2025-09-04 07:45:05,2025-09-04 08:12:35,Approved,27.50
ORD-02634,,,Not Required,
ORD-02635,,,Not Required,
ORD-02636,,,Not Required,
ORD-02637,2025-09-04 14:30:51,2025-09-04 15:05:07,Approved,34.26
ORD-02638,2025-09-04 15:12:50,2025-09-04 16:18:43,Approved,65.87
ORD-02639,2025-09-04 17:05:20,2025-09-04 17:46:09,Approved,40.81
ORD-02640,,,Not Required,
ORD-02641,2025-09-04 19:25:56,2025-09-04 19:36:29,Approved,10.55
ORD-02642,2025-09-04 21:22:53,2025-09-04 23:00:18,Approved,97.41
ORD-02643,2025-09-04 21:38:28,2025-09-04 22:10:53,Rejected,32.42
ORD-02644,2025-09-04 21:42:59,2025-09-04 22:54:56,Approved,71.96
ORD-02645,,,Not Required,
ORD-02646,2025-09-05 08:16:01,2025-09-05 10:08:49,Approved,112.80
ORD-02647,,,Not Required,
ORD-02648,2025-09-05 10:44:19,2025-09-05 11:13:04,Approved,28.75
ORD-02649,,,Not Required,
ORD-02650,,,Not Required,
ORD-02651,2025-09-05 17:33:58,2025-09-05 18:29:17,Approved,55.31
ORD-02652,2025-09-05 18:03:18,2025-09-05 18:21:43,Approved,18.41
ORD-02653,,,Not Required,
ORD-02654,,,Not Required,
ORD-02655,2025-09-05 23:56:18,2025-09-06 00:22:30,Approved,26.20
ORD-02656,,,Not Required,
ORD-02657,,,Not Required,
ORD-02658,,,Not Required,
ORD-02659,,,Not Required,
ORD-02660,,,Not Required,
ORD-02661,2025-09-06 12:11:08,2025-09-06 12:31:10,Approved,20.02
ORD-02662,2025-09-06 16:37:03,2025-09-06 17:00:33,Rejected,23.50
ORD-02663,,,Not Required,
ORD-02664,,,Not Required,
ORD-02665,2025-09-06 21:10:13,2025-09-07 00:59:20,Approved,229.11
ORD-02666,2025-09-06 20:41:58,,Pending,
ORD-02667,,,Not Required,
ORD-02668,2025-09-06 22:43:37,2025-09-06 23:20:02,Approved,36.42
ORD-02669,2025-09-07 09:44:56,2025-09-07 11:58:17,Approved,133.35
ORD-02670,,,Not Required,
ORD-02671,,,Not Required,
ORD-02672,2025-09-07 12:31:05,2025-09-07 13:02:18,Approved,31.22
ORD-02673,2025-09-07 13:16:02,2025-09-07 14:30:51,Approved,74.81
ORD-02674,2025-09-07 13:16:12,2025-09-07 14:04:57,Approved,48.75
ORD-02675,2025-09-07 13:49:15,2025-09-07 14:30:06,Approved,40.85
ORD-02676,,,Not Required,
ORD-02677,2025-09-07 17:39:38,2025-09-07 20:36:05,Approved,176.45
ORD-02678,2025-09-07 18:19:18,2025-09-07 18:58:15,Approved,38.96
ORD-02679,2025-09-07 17:47:53,2025-09-07 19:32:26,Approved,104.55
ORD-02680,2025-09-07 21:29:18,2025-09-07 22:41:58,Rejected,72.67
ORD-02681,2025-09-07 21:41:20,2025-09-07 23:14:24,Approved,93.06
ORD-02682,2025-09-07 22:18:35,2025-09-07 22:33:50,Approved,15.25
ORD-02683,2025-09-08 08:48:12,2025-09-08 10:18:16,Approved,90.06
ORD-02684,,,Not Required,
ORD-02685,2025-09-08 10:52:31,2025-09-08 11:05:26,Approved,12.92
ORD-02686,,,Not Required,
ORD-02687,,,Not Required,
ORD-02688,2025-09-08 19:36:17,2025-09-08 20:07:59,Approved,31.70
ORD-02689,,,Not Required,
ORD-02690,,,Not Required,
ORD-02691,,,Not Required,
ORD-02692,2025-09-08 22:19:48,2025-09-08 23:05:30,Approved,45.71
ORD-02693,,,Not Required,
ORD-02694,,,Not Required,
ORD-02695,2025-09-09 08:35:36,2025-09-09 09:13:20,Approved,37.72
ORD-02696,2025-09-09 10:10:45,2025-09-09 15:04:36,Approved,293.84
ORD-02697,,,Not Required,
ORD-02698,,,Not Required,
ORD-02699,2025-09-09 11:25:41,2025-09-09 13:12:02,Approved,106.36
ORD-02700,2025-09-09 12:13:37,2025-09-09 12:24:17,Approved,10.67
ORD-02701,2025-09-09 13:02:55,2025-09-09 16:22:27,Approved,199.54
ORD-02702,2025-09-09 13:01:59,2025-09-09 13:17:38,Approved,15.64
ORD-02703,2025-09-09 13:44:06,2025-09-09 12:48:06,Approved,124.18
ORD-02704,2025-09-09 18:45:13,,Pending,
ORD-02705,,,Not Required,
ORD-02706,2025-09-09 20:07:03,2025-09-09 20:33:38,Approved,26.59
ORD-02707,,,Not Required,
ORD-02708,,,Not Required,
ORD-02709,,,Not Required,
ORD-02710,2025-09-10 11:45:36,2025-09-10 12:27:04,Approved,41.47
ORD-02711,,,Not Required,
ORD-02712,,,Not Required,
ORD-02713,,,Not Required,
ORD-02714,,,Not Required,
ORD-02715,2025-09-10 13:45:00,2025-09-10 14:29:25,Approved,44.43
ORD-02716,,,Not Required,
ORD-02717,2025-09-10 19:43:03,2025-09-10 20:26:10,Approved,43.13
ORD-02718,2025-09-10 19:45:11,2025-09-10 20:10:03,Approved,24.88
ORD-02719,2025-09-10 19:54:47,2025-09-10 22:13:14,Approved,138.46
ORD-02720,2025-09-10 19:51:06,2025-09-10 20:27:22,Approved,36.27
ORD-02721,2025-09-10 20:08:00,2025-09-10 22:01:28,Approved,113.47
ORD-02722,,,Not Required,
ORD-02723,2025-09-10 21:58:01,2025-09-10 22:52:22,Approved,54.35
ORD-02724,2025-09-10 23:11:06,2025-09-11 00:21:34,Approved,70.47
ORD-02725,2025-09-11 06:47:05,2025-09-11 07:22:10,Approved,35.09
ORD-02726,2025-09-11 12:46:52,2025-09-11 13:14:26,Approved,27.57
ORD-02727,,,Not Required,
ORD-02728,,,Not Required,
ORD-02729,,,Not Required,
ORD-02730,2025-09-11 18:42:11,2025-09-11 20:00:00,Approved,77.82
ORD-02731,2025-09-11 20:03:10,2025-09-11 20:57:17,Approved,54.13
ORD-02732,,,Not Required,
ORD-02733,2025-09-11 20:23:23,2025-09-11 21:00:46,Approved,37.39
ORD-02734,2025-09-11 21:15:35,2025-09-11 21:58:00,Approved,42.42
ORD-02735,2025-09-11 21:36:54,2025-09-12 01:19:16,Approved,222.37
ORD-02736,2025-09-11 21:51:43,2025-09-11 22:55:44,Approved,64.02
ORD-02737,,,Not Required,
ORD-02738,,,Not Required,
ORD-02739,,,Not Required,
ORD-02740,,,Not Required,
ORD-02741,2025-09-12 13:24:24,2025-09-12 13:39:39,Approved,15.25
ORD-02742,,,Not Required,
ORD-02743,2025-09-12 15:08:01,2025-09-12 17:22:11,Approved,134.17
ORD-02744,,,Not Required,
ORD-02745,2025-09-12 15:49:35,2025-09-12 16:04:56,Approved,15.35
ORD-02746,2025-09-12 17:42:44,2025-09-12 18:04:17,Approved,21.56
ORD-02747,2025-09-12 19:16:09,2025-09-12 19:35:00,Approved,18.86
ORD-02748,2025-09-13 06:58:10,2025-09-13 07:01:36,Approved,3.44
ORD-02749,2025-09-13 07:13:39,2025-09-13 07:47:46,Approved,34.11
ORD-02750,2025-09-13 08:24:07,2025-09-13 09:49:55,Approved,85.80
ORD-02751,,,Not Required,
ORD-02752,2025-09-13 10:00:07,2025-09-13 10:13:54,Approved,13.79
ORD-02753,2025-09-13 10:38:09,2025-09-13 10:56:05,Approved,17.92
ORD-02754,2025-09-13 11:21:54,2025-09-13 11:51:10,Approved,29.27
ORD-02755,2025-09-13 12:47:11,2025-09-13 14:10:20,Approved,83.15
ORD-02756,,,Not Required,
ORD-02757,2025-09-13 13:33:17,2025-09-13 14:57:22,Approved,84.08
ORD-02758,2025-09-13 15:24:25,2025-09-13 16:01:27,Approved,37.03
ORD-02759,,,Not Required,
ORD-02760,2025-09-13 17:51:29,2025-09-13 18:10:18,Approved,18.83
ORD-02761,2025-09-13 18:18:27,,Pending,
ORD-02762,2025-09-13 18:38:56,2025-09-13 18:51:03,Approved,12.13
ORD-02763,2025-09-13 19:07:06,2025-09-13 20:17:56,Approved,70.84
ORD-02764,2025-09-14 09:58:05,2025-09-14 10:28:25,Approved,30.33
ORD-02765,2025-09-14 11:06:10,2025-09-14 11:07:28,Approved,1.31
ORD-02766,,,Not Required,
ORD-02767,,,Not Required,
ORD-02768,,,Not Required,
ORD-02769,,,Not Required,
ORD-02770,2025-09-14 18:30:39,2025-09-14 19:03:25,Approved,32.77
ORD-02771,2025-09-14 19:10:23,2025-09-14 19:15:44,Approved,5.35
ORD-02772,2025-09-14 20:28:54,2025-09-15 00:44:39,Approved,255.75
ORD-02773,,,Not Required,
ORD-02774,,,Not Required,
ORD-02775,,,Not Required,
ORD-02776,2025-09-14 22:55:43,2025-09-14 23:25:56,Approved,30.21
ORD-02777,2025-09-14 22:51:13,2025-09-14 23:37:52,Approved,46.64
ORD-02778,,,Not Required,
ORD-02779,2025-09-15 07:32:25,2025-09-15 10:52:23,Approved,199.97
ORD-02780,,,Not Required,
ORD-02781,2025-09-15 11:03:22,2025-09-15 12:08:43,Approved,65.36
ORD-02782,,,Not Required,
ORD-02783,,,Not Required,
ORD-02784,,,Not Required,
ORD-02785,,,Not Required,
ORD-02786,,,Not Required,
ORD-02787,,,Not Required,
ORD-02788,2025-09-15 19:59:50,2025-09-15 20:08:47,Approved,8.95
ORD-02789,2025-09-15 20:44:17,2025-09-15 21:25:23,Approved,41.10
ORD-02790,,,Not Required,
ORD-02791,,,Not Required,
ORD-02792,,,Not Required,
ORD-02793,,,Not Required,
ORD-02794,2025-09-16 09:26:53,2025-09-16 10:03:54,Approved,37.03
ORD-02795,2025-09-16 10:19:44,2025-09-16 10:33:08,Approved,13.39
ORD-02796,,,Not Required,
ORD-02797,2025-09-16 12:14:17,2025-09-16 12:52:11,Approved,37.90
ORD-02798,2025-09-16 12:38:48,2025-09-16 13:49:53,Approved,71.09
ORD-02799,,,Not Required,
ORD-02800,,,Not Required,
ORD-02801,,,Not Required,
ORD-02802,2025-09-16 16:35:13,2025-09-16 23:32:40,Approved,417.44
ORD-02803,,,Not Required,
ORD-02804,2025-09-16 19:16:37,,Pending,
ORD-02805,2025-09-16 19:22:23,2025-09-16 21:32:17,Approved,129.90
ORD-02806,2025-09-16 20:06:41,2025-09-16 20:36:32,Approved,29.85
ORD-02807,2025-09-16 20:39:52,2025-09-16 21:34:21,Approved,54.49
ORD-02808,2025-09-16 21:12:14,2025-09-16 21:35:33,Approved,23.31
ORD-02809,2025-09-16 22:39:11,2025-09-16 23:18:33,Approved,39.36
ORD-02810,,,Not Required,
ORD-02811,2025-09-17 10:42:35,2025-09-17 11:02:10,Approved,19.58
ORD-02812,,,Not Required,
ORD-02813,2025-09-17 15:50:24,2025-09-17 16:15:28,Rejected,25.08
ORD-02814,2025-09-17 18:15:08,2025-09-17 19:24:16,Approved,69.14
ORD-02815,,,Not Required,
ORD-02816,2025-09-17 19:02:00,2025-09-17 19:09:48,Approved,7.81
ORD-02817,2025-09-17 20:46:13,2025-09-17 21:58:22,Approved,72.15
ORD-02818,,,Not Required,
ORD-02819,,,Not Required,
ORD-02820,2025-09-17 22:09:33,2025-09-17 22:50:14,Approved,40.68
ORD-02821,,,Not Required,
ORD-02822,,,Not Required,
ORD-02823,,,Not Required,
ORD-02824,2025-09-18 11:18:37,2025-09-18 13:12:49,Approved,114.20
ORD-02825,2025-09-18 15:13:22,2025-09-18 16:07:31,Approved,54.15
ORD-02826,2025-09-18 16:00:39,2025-09-18 16:45:14,Approved,44.58
ORD-02827,,,Not Required,
ORD-02828,,,Not Required,
ORD-02829,2025-09-18 23:24:44,2025-09-18 23:36:29,Approved,11.75
ORD-02830,2025-09-19 00:01:41,2025-09-19 00:11:17,Approved,9.61
ORD-02831,,,Not Required,
ORD-02832,2025-09-19 12:14:11,2025-09-19 12:59:01,Approved,44.83
ORD-02833,,,Not Required,
ORD-02834,2025-09-19 17:30:01,2025-09-19 18:05:43,Approved,35.69
ORD-02835,2025-09-19 19:47:05,2025-09-19 20:35:10,Approved,48.08
ORD-02836,2025-09-19 21:38:22,2025-09-19 22:05:37,Approved,27.24
ORD-02837,2025-09-19 22:07:58,2025-09-19 23:30:47,Approved,82.81
ORD-02838,,,Not Required,
ORD-02839,2025-09-19 23:09:26,2025-09-19 23:31:15,Approved,21.81
ORD-02840,,,Not Required,
ORD-02841,,,Not Required,
ORD-02842,,,Not Required,
ORD-02843,,,Not Required,
ORD-02844,,,Not Required,
ORD-02845,,,Not Required,
ORD-02846,,,Not Required,
ORD-02847,,,Not Required,
ORD-02848,,,Not Required,
ORD-02849,,,Not Required,
ORD-02850,2025-09-21 09:04:30,2025-09-21 09:49:13,Approved,44.72
ORD-02851,2025-09-21 11:05:31,2025-09-21 11:40:45,Approved,35.23
ORD-02852,,,Not Required,
ORD-02853,,,Not Required,
ORD-02854,,,Not Required,
ORD-02855,,,Not Required,
ORD-02856,2025-09-21 16:07:13,2025-09-21 16:35:52,Approved,28.66
ORD-02857,2025-09-21 19:15:30,,Pending,
ORD-02858,2025-09-21 21:00:58,2025-09-21 21:44:42,Approved,43.73
ORD-02859,,,Not Required,
ORD-02860,2025-09-21 21:15:10,2025-09-21 21:58:01,Approved,42.84
ORD-02861,,,Not Required,
ORD-02862,2025-09-22 01:03:50,2025-09-22 02:00:09,Approved,56.32
ORD-02863,,,Not Required,
ORD-02864,,,Not Required,
ORD-02865,2025-09-22 09:08:57,2025-09-22 09:26:08,Approved,17.17
ORD-02866,2025-09-22 09:41:23,2025-09-22 10:02:25,Approved,21.03
ORD-02867,2025-09-22 10:47:34,2025-09-22 10:59:21,Approved,11.77
ORD-02868,2025-09-22 11:08:25,,Pending,
ORD-02869,2025-09-22 11:45:44,2025-09-22 12:59:57,Approved,74.21
ORD-02870,2025-09-22 11:54:20,2025-09-22 14:08:33,Approved,134.21
ORD-02871,2025-09-22 12:38:49,2025-09-22 13:46:45,Approved,67.94
ORD-02872,2025-09-22 15:31:21,2025-09-22 15:56:38,Approved,25.28
ORD-02873,2025-09-22 16:46:56,2025-09-22 16:55:56,Approved,9.01
ORD-02874,,,Not Required,
ORD-02875,2025-09-22 18:21:03,2025-09-22 18:29:44,Approved,8.69
ORD-02876,2025-09-22 18:40:58,2025-09-22 19:23:20,Approved,42.36
ORD-02877,,,Not Required,
ORD-02878,,,Not Required,
ORD-02879,,,Not Required,
ORD-02880,2025-09-22 23:47:11,2025-09-22 23:59:18,Approved,12.13
ORD-02881,,,Not Required,
ORD-02882,,,Not Required,
ORD-02883,,,Not Required,
ORD-02884,2025-09-23 11:01:21,2025-09-23 12:12:52,Approved,71.52
ORD-02885,2025-09-23 11:37:18,2025-09-23 11:57:05,Approved,19.79
ORD-02886,,,Not Required,
ORD-02887,,,Not Required,
ORD-02888,2025-09-23 12:50:32,2025-09-23 13:01:21,Approved,10.81
ORD-02889,2025-09-23 13:36:50,2025-09-23 14:26:53,Approved,50.05
ORD-02890,,,Not Required,
ORD-02891,,,Not Required,
ORD-02892,2025-09-23 15:04:35,2025-09-23 15:57:18,Approved,52.72
ORD-02893,2025-09-23 16:59:59,2025-09-23 17:27:07,Approved,27.14
ORD-02894,,,Not Required,
ORD-02895,,,Not Required,
ORD-02896,2025-09-24 09:15:44,2025-09-24 09:26:02,Approved,10.30
ORD-02897,,,Not Required,
ORD-02898,2025-09-24 11:27:37,2025-09-24 12:20:04,Approved,52.44
ORD-02899,,,Not Required,
ORD-02900,2025-09-24 11:24:09,2025-09-24 11:59:18,Approved,35.16
ORD-02901,,,Not Required,
ORD-02902,,,Not Required,
ORD-02903,,,Not Required,
ORD-02904,,,Not Required,
ORD-02905,,,Not Required,
ORD-02906,2025-09-24 15:24:21,2025-09-24 15:56:33,Approved,32.21
ORD-02907,,,Not Required,
ORD-02908,2025-09-24 17:21:41,,Pending,
ORD-02909,,,Not Required,90.94
ORD-02910,,,Not Required,
ORD-02911,2025-09-24 20:21:23,2025-09-24 20:32:29,Approved,11.10
ORD-02912,,,Not Required,
ORD-02913,2025-09-24 21:41:56,2025-09-24 23:19:02,Approved,97.10
ORD-02914,,,Not Required,
ORD-02915,,,Not Required,
ORD-02916,2025-09-25 12:26:24,,Pending,
ORD-02917,,,Not Required,
ORD-02918,2025-09-25 14:17:50,2025-09-25 15:01:21,Approved,43.53
ORD-02919,,,Not Required,
ORD-02920,,,Not Required,
ORD-02921,2025-09-25 19:03:47,2025-09-25 19:57:21,Approved,53.56
ORD-02922,2025-09-25 18:52:46,2025-09-25 19:08:07,Approved,15.36
ORD-02923,2025-09-25 19:31:34,2025-09-25 21:03:15,Approved,91.67
ORD-02924,,,Not Required,
ORD-02925,2025-09-26 01:33:40,2025-09-26 01:55:08,Approved,21.46
ORD-02926,,,Not Required,
ORD-02927,,,Not Required,
ORD-02928,,,Not Required,
ORD-02929,2025-09-26 12:47:09,2025-09-26 12:59:25,Approved,12.27
ORD-02930,,,Not Required,
ORD-02931,2025-09-26 15:55:14,2025-09-26 16:35:05,Approved,39.84
ORD-02932,,,Not Required,
ORD-02933,2025-09-26 17:37:14,2025-09-26 18:41:03,Approved,63.81
ORD-02934,2025-09-26 18:51:37,2025-09-26 19:00:15,Approved,8.63
ORD-02935,2025-09-26 18:36:26,2025-09-26 18:50:20,Approved,13.91
ORD-02936,2025-09-26 19:10:05,2025-09-26 19:39:02,Approved,28.96
ORD-02937,2025-09-26 19:22:28,2025-09-26 22:04:37,Approved,162.15
ORD-02938,,,Not Required,
ORD-02939,2025-09-26 20:25:52,2025-09-26 21:06:03,Approved,40.18
ORD-02940,,,Not Required,
ORD-02941,,,Not Required,
ORD-02942,,,Not Required,
ORD-02943,2025-09-27 12:21:39,2025-09-27 13:32:10,Approved,70.51
ORD-02944,2025-09-27 12:52:31,2025-09-27 13:52:43,Approved,60.20
ORD-02945,,,Not Required,
ORD-02946,2025-09-27 18:30:36,2025-09-27 22:52:58,Approved,262.37
ORD-02947,,,Not Required,
ORD-02948,2025-09-27 20:13:12,2025-09-27 21:14:02,Approved,60.84
ORD-02949,2025-09-27 20:12:27,2025-09-27 21:55:05,Approved,102.64
ORD-02950,,,Not Required,
ORD-02951,2025-09-27 23:16:35,2025-09-28 00:43:51,Approved,87.26
ORD-02952,2025-09-28 08:19:21,2025-09-28 08:30:54,Approved,11.55
ORD-02953,,,Not Required,
ORD-02954,,,Not Required,
ORD-02955,2025-09-28 09:38:36,2025-09-28 09:59:59,Approved,21.38
ORD-02956,2025-09-28 09:32:05,2025-09-28 09:57:03,Approved,24.96
ORD-02957,,,Not Required,
ORD-02958,,,Not Required,
ORD-02959,2025-09-28 13:25:53,2025-09-28 14:04:49,Approved,38.93
ORD-02960,2025-09-28 14:36:51,2025-09-28 14:49:50,Approved,12.98
ORD-02961,,,Not Required,
ORD-02962,,,Not Required,
ORD-02963,,,Not Required,
ORD-02964,2025-09-28 18:22:53,2025-09-28 19:09:05,Approved,46.20
ORD-02965,2025-09-28 19:29:50,2025-09-28 20:36:55,Approved,67.09
ORD-02966,2025-09-28 19:32:17,2025-09-28 22:42:10,Approved,189.88
ORD-02967,,,Not Required,
ORD-02968,2025-09-28 19:55:43,2025-09-28 23:39:42,Approved,223.98
ORD-02969,2025-09-28 21:46:52,2025-09-28 22:45:43,Approved,58.84
ORD-02970,2025-09-28 23:22:48,2025-09-29 00:39:48,Approved,77.01
ORD-02971,,,Not Required,
ORD-02972,2025-09-29 07:42:35,2025-09-29 09:01:50,Approved,79.25
ORD-02973,,,Not Required,
ORD-02974,,,Not Required,
ORD-02975,2025-09-29 14:48:00,2025-09-29 15:20:15,Approved,32.24
ORD-02976,,,Not Required,
ORD-02977,2025-09-29 18:00:14,2025-09-29 18:45:37,Approved,45.38
ORD-02978,,,Not Required,
ORD-02979,2025-09-29 18:27:43,2025-09-29 19:25:50,Approved,58.11
ORD-02980,,,Not Required,
ORD-02981,,,Not Required,
ORD-02982,,,Not Required,
ORD-02983,2025-09-29 20:39:59,2025-09-29 21:07:16,Approved,27.27
ORD-02984,,,Not Required,
ORD-02985,,,Not Required,
ORD-02986,,,Not Required,50.29
ORD-02987,,,Not Required,61.50
ORD-02988,,,Not Required,
ORD-02989,2025-09-30 10:01:03,2025-09-30 10:25:51,Approved,24.81
ORD-02990,,,Not Required,
ORD-02991,2025-09-30 12:52:47,2025-09-30 13:18:22,Approved,25.59
ORD-02992,2025-09-30 12:50:46,2025-09-30 13:08:45,Approved,17.98
ORD-02993,2025-09-30 16:31:24,2025-09-30 17:21:09,Approved,49.75
ORD-02994,,,Not Required,
ORD-02995,2025-09-30 17:56:11,2025-09-30 19:28:00,Approved,91.81
ORD-02996,2025-09-30 19:13:31,2025-09-30 19:34:22,Approved,20.84
ORD-02997,2025-09-30 19:45:48,2025-09-30 21:14:38,Approved,88.84
ORD-02998,,,Not Required,
ORD-02999,2025-09-30 21:52:57,2025-09-30 23:35:04,Approved,102.11
ORD-03000,,,Not Required,
ORD-09001,2025-05-14 11:20:00,2025-05-14 12:05:00,Approved,45.00
ORD-09002,2025-07-02 16:45:00,2025-07-02 17:38:00,Approved,53.00
